CREATE DATABASE IF NOT EXISTS ncc_database;
USE ncc_database;

CREATE TABLE user_account (
    user_id INT AUTO_INCREMENT PRIMARY KEY,
    role_name VARCHAR(50) NOT NULL,
    username VARCHAR(50) NOT NULL UNIQUE,
    password_hash VARCHAR(255) NOT NULL,
    email VARCHAR(100) NOT NULL UNIQUE,
    is_active TINYINT(1) NOT NULL,
    created_at DATETIME NOT NULL
);

CREATE TABLE employee (
    employee_id INT AUTO_INCREMENT PRIMARY KEY,
    user_id INT UNIQUE,
    full_name VARCHAR(100) NOT NULL,
    nic VARCHAR(20) NOT NULL UNIQUE,
    contact_no VARCHAR(20) NOT NULL,
    address TEXT,
    job_title VARCHAR(100) NOT NULL,
    hire_date DATE NOT NULL,
    base_salary DECIMAL(10,2) NOT NULL,
    employment_status VARCHAR(30) NOT NULL,
    FOREIGN KEY (user_id) REFERENCES user_account(user_id)
);

CREATE TABLE login_history (
    login_id INT AUTO_INCREMENT PRIMARY KEY,
    user_id INT NOT NULL,
    login_time DATETIME NOT NULL,
    logout_time DATETIME,
    FOREIGN KEY (user_id) REFERENCES user_account(user_id)
);

CREATE TABLE audit_log (
    log_id INT AUTO_INCREMENT PRIMARY KEY,
    user_id INT NOT NULL,
    action VARCHAR(100) NOT NULL,
    target_table VARCHAR(100),
    target_id INT,
    timestamp DATETIME NOT NULL,
    FOREIGN KEY (user_id) REFERENCES user_account(user_id)
);

CREATE TABLE customer (
    customer_id INT AUTO_INCREMENT PRIMARY KEY,
    name VARCHAR(100) NOT NULL,
    contact_no VARCHAR(20) NOT NULL,
    email VARCHAR(100) UNIQUE,
    address TEXT,
    loyalty_points INT NOT NULL
);

CREATE TABLE complaint (
    complaint_id INT AUTO_INCREMENT PRIMARY KEY,
    customer_id INT NOT NULL,
    officer_id INT,
    description TEXT NOT NULL,
    status VARCHAR(30) NOT NULL,
    created_date DATETIME NOT NULL,
    resolved_date DATETIME,
    escalated_to INT,
    FOREIGN KEY (customer_id) REFERENCES customer(customer_id),
    FOREIGN KEY (officer_id) REFERENCES employee(employee_id),
    FOREIGN KEY (escalated_to) REFERENCES employee(employee_id)
);

CREATE TABLE promotional_notification (
    notification_id INT AUTO_INCREMENT PRIMARY KEY,
    title VARCHAR(150) NOT NULL,
    message TEXT NOT NULL,
    customer_group VARCHAR(30) NOT NULL,
    sent_by INT NOT NULL,
    sent_at DATETIME NOT NULL,
    FOREIGN KEY (sent_by) REFERENCES employee(employee_id)
);

CREATE TABLE product (
    product_id INT AUTO_INCREMENT PRIMARY KEY,
    product_name VARCHAR(100) NOT NULL,
    category VARCHAR(60),
    selling_price DECIMAL(10,2) NOT NULL,
    min_stock_level INT NOT NULL
);

CREATE TABLE supplier (
    supplier_id INT AUTO_INCREMENT PRIMARY KEY,
    supplier_name VARCHAR(100) NOT NULL,
    contact_no VARCHAR(20) NOT NULL,
    email VARCHAR(100),
    address TEXT,
    payment_terms VARCHAR(100)
);

CREATE TABLE stock_batch (
    batch_id INT AUTO_INCREMENT PRIMARY KEY,
    product_id INT NOT NULL,
    supplier_id INT,
    received_date DATE NOT NULL,
    expiry_date DATE,
    original_quantity INT NOT NULL,
    current_quantity INT NOT NULL,
    status VARCHAR(30) NOT NULL,
    FOREIGN KEY (product_id) REFERENCES product(product_id),
    FOREIGN KEY (supplier_id) REFERENCES supplier(supplier_id)
);

CREATE TABLE stock_movement (
    movement_id INT AUTO_INCREMENT PRIMARY KEY,
    product_id INT NOT NULL,
    batch_id INT,
    movement_type VARCHAR(30) NOT NULL,
    quantity INT NOT NULL,
    movement_date DATETIME NOT NULL,
    recorded_by INT NOT NULL,
    notes TEXT,
    FOREIGN KEY (product_id) REFERENCES product(product_id),
    FOREIGN KEY (batch_id) REFERENCES stock_batch(batch_id),
    FOREIGN KEY (recorded_by) REFERENCES employee(employee_id)
);

CREATE TABLE sales_order (
    order_id INT AUTO_INCREMENT PRIMARY KEY,
    customer_id INT NOT NULL,
    officer_id INT NOT NULL,
    order_date DATETIME NOT NULL,
    status VARCHAR(30) NOT NULL,
    discount_rate DECIMAL(5,2) NOT NULL DEFAULT 0,
    tax_rate DECIMAL(5,2) NOT NULL DEFAULT 0,
    discount_amount DECIMAL(10,2) NOT NULL,
    tax_amount DECIMAL(10,2) NOT NULL,
    total_amount DECIMAL(10,2) NOT NULL,
    is_credit TINYINT(1) NOT NULL,
    credit_approved_by INT,
    FOREIGN KEY (customer_id) REFERENCES customer(customer_id),
    FOREIGN KEY (officer_id) REFERENCES employee(employee_id),
    FOREIGN KEY (credit_approved_by) REFERENCES employee(employee_id)
);

CREATE TABLE order_item (
    item_id INT AUTO_INCREMENT PRIMARY KEY,
    order_id INT NOT NULL,
    product_id INT NOT NULL,
    quantity INT NOT NULL,
    unit_price DECIMAL(10,2) NOT NULL,
    line_total DECIMAL(10,2) NOT NULL,
    FOREIGN KEY (order_id) REFERENCES sales_order(order_id),
    FOREIGN KEY (product_id) REFERENCES product(product_id)
);

CREATE TABLE invoice (
    invoice_id INT AUTO_INCREMENT PRIMARY KEY,
    order_id INT NOT NULL UNIQUE,
    issue_date DATE NOT NULL,
    subtotal DECIMAL(10,2) NOT NULL,
    discount_amount DECIMAL(10,2) NOT NULL,
    tax_amount DECIMAL(10,2) NOT NULL,
    total_amount DECIMAL(10,2) NOT NULL,
    payment_status VARCHAR(30) NOT NULL,
    FOREIGN KEY (order_id) REFERENCES sales_order(order_id)
);

CREATE TABLE payment (
    payment_id INT AUTO_INCREMENT PRIMARY KEY,
    invoice_id INT NOT NULL,
    customer_id INT NOT NULL,
    received_by INT NOT NULL,
    amount DECIMAL(10,2) NOT NULL,
    payment_method VARCHAR(30) NOT NULL,
    payment_date DATETIME NOT NULL,
    payment_status VARCHAR(30) NOT NULL,
    FOREIGN KEY (invoice_id) REFERENCES invoice(invoice_id),
    FOREIGN KEY (customer_id) REFERENCES customer(customer_id),
    FOREIGN KEY (received_by) REFERENCES employee(employee_id)
);

CREATE TABLE vehicle (
    vehicle_id INT AUTO_INCREMENT PRIMARY KEY,
    plate_number VARCHAR(30) NOT NULL UNIQUE,
    vehicle_type VARCHAR(50) NOT NULL,
    capacity VARCHAR(50)
);

CREATE TABLE delivery (
    delivery_id INT AUTO_INCREMENT PRIMARY KEY,
    order_id INT NOT NULL UNIQUE,
    driver_id INT NOT NULL,
    vehicle_id INT NOT NULL,
    scheduled_date DATE NOT NULL,
    route_details TEXT,
    status VARCHAR(30) NOT NULL,
    transport_cost DECIMAL(10,2) NOT NULL,
    FOREIGN KEY (order_id) REFERENCES sales_order(order_id),
    FOREIGN KEY (driver_id) REFERENCES employee(employee_id),
    FOREIGN KEY (vehicle_id) REFERENCES vehicle(vehicle_id)
);

CREATE TABLE delivery_proof (
    proof_id INT AUTO_INCREMENT PRIMARY KEY,
    delivery_id INT NOT NULL UNIQUE,
    image_url VARCHAR(255),
    uploaded_at DATETIME NOT NULL,
    received_by_name VARCHAR(100) NOT NULL,
    notes TEXT,
    FOREIGN KEY (delivery_id) REFERENCES delivery(delivery_id)
);

CREATE TABLE delivery_issue (
    issue_id INT AUTO_INCREMENT PRIMARY KEY,
    delivery_id INT NOT NULL,
    reported_by INT NOT NULL,
    issue_description TEXT NOT NULL,
    issue_date DATETIME NOT NULL,
    FOREIGN KEY (delivery_id) REFERENCES delivery(delivery_id),
    FOREIGN KEY (reported_by) REFERENCES employee(employee_id)
);

CREATE TABLE fuel_usage (
    fuel_id INT AUTO_INCREMENT PRIMARY KEY,
    delivery_id INT NOT NULL,
    driver_id INT NOT NULL,
    fuel_date DATE NOT NULL,
    liters DECIMAL(6,2) NOT NULL,
    cost DECIMAL(10,2) NOT NULL,
    odometer_reading INT,
    FOREIGN KEY (delivery_id) REFERENCES delivery(delivery_id),
    FOREIGN KEY (driver_id) REFERENCES employee(employee_id)
);

CREATE TABLE attendance (
    attendance_id INT AUTO_INCREMENT PRIMARY KEY,
    employee_id INT NOT NULL,
    recorded_by INT,
    date DATE NOT NULL,
    clock_in TIME,
    clock_out TIME,
    overtime_hours DECIMAL(5,2) NOT NULL,
    FOREIGN KEY (employee_id) REFERENCES employee(employee_id),
    FOREIGN KEY (recorded_by) REFERENCES employee(employee_id)
);

CREATE TABLE leave_request (
    leave_id INT AUTO_INCREMENT PRIMARY KEY,
    employee_id INT NOT NULL,
    approved_by INT,
    start_date DATE NOT NULL,
    end_date DATE NOT NULL,
    reason TEXT,
    status VARCHAR(30) NOT NULL,
    requested_date DATETIME NOT NULL,
    FOREIGN KEY (employee_id) REFERENCES employee(employee_id),
    FOREIGN KEY (approved_by) REFERENCES employee(employee_id)
);

CREATE TABLE payroll (
    payroll_id INT AUTO_INCREMENT PRIMARY KEY,
    employee_id INT NOT NULL,
    generated_by INT NOT NULL,
    period VARCHAR(20) NOT NULL,
    base_salary DECIMAL(10,2) NOT NULL,
    overtime_pay DECIMAL(10,2) NOT NULL,
    deductions DECIMAL(10,2) NOT NULL,
    net_pay DECIMAL(10,2) NOT NULL,
    generated_date DATETIME NOT NULL,
    FOREIGN KEY (employee_id) REFERENCES employee(employee_id),
    FOREIGN KEY (generated_by) REFERENCES employee(employee_id)
);

CREATE TABLE performance_review (
    performance_id INT AUTO_INCREMENT PRIMARY KEY,
    employee_id INT NOT NULL,
    reviewed_by INT NOT NULL,
    review_date DATE NOT NULL,
    rating INT NOT NULL,
    status VARCHAR(30) NOT NULL,
    comments TEXT,
    FOREIGN KEY (employee_id) REFERENCES employee(employee_id),
    FOREIGN KEY (reviewed_by) REFERENCES employee(employee_id)
);

CREATE TABLE purchase_order (
    purchase_id INT AUTO_INCREMENT PRIMARY KEY,
    supplier_id INT NOT NULL,
    requested_by INT NOT NULL,
    approved_by INT,
    request_date DATE NOT NULL,
    approval_status VARCHAR(30) NOT NULL,
    total_amount DECIMAL(10,2) NOT NULL,
    expected_date DATE,
    FOREIGN KEY (supplier_id) REFERENCES supplier(supplier_id),
    FOREIGN KEY (requested_by) REFERENCES employee(employee_id),
    FOREIGN KEY (approved_by) REFERENCES employee(employee_id)
);

CREATE TABLE purchase_item (
    purchase_item_id INT AUTO_INCREMENT PRIMARY KEY,
    purchase_id INT NOT NULL,
    product_id INT NOT NULL,
    quantity INT NOT NULL,
    unit_cost DECIMAL(10,2) NOT NULL,
    line_total DECIMAL(10,2) NOT NULL,
    FOREIGN KEY (purchase_id) REFERENCES purchase_order(purchase_id),
    FOREIGN KEY (product_id) REFERENCES product(product_id)
);

CREATE TABLE supplier_payment (
    supplier_payment_id INT AUTO_INCREMENT PRIMARY KEY,
    supplier_id INT NOT NULL,
    purchase_id INT,
    paid_by INT NOT NULL,
    amount DECIMAL(10,2) NOT NULL,
    payment_date DATETIME NOT NULL,
    status VARCHAR(30) NOT NULL,
    FOREIGN KEY (supplier_id) REFERENCES supplier(supplier_id),
    FOREIGN KEY (purchase_id) REFERENCES purchase_order(purchase_id),
    FOREIGN KEY (paid_by) REFERENCES employee(employee_id)
);

CREATE TABLE budget_plan (
    budget_id INT AUTO_INCREMENT PRIMARY KEY,
    budget_purpose VARCHAR(150) NOT NULL,
    period VARCHAR(20) NOT NULL,
    amount DECIMAL(12,2) NOT NULL,
    used_amount DECIMAL(12,2) NOT NULL DEFAULT 0,
    prepared_by INT NOT NULL,
    approved_by INT,
    status VARCHAR(30) NOT NULL,
    FOREIGN KEY (prepared_by) REFERENCES employee(employee_id),
    FOREIGN KEY (approved_by) REFERENCES employee(employee_id)
);

CREATE TABLE account_reconciliation (
    reconciliation_id INT AUTO_INCREMENT PRIMARY KEY,
    account_number VARCHAR(50) NOT NULL,
    reconciliation_date DATE NOT NULL,
    system_balance DECIMAL(12,2) NOT NULL,
    bank_balance DECIMAL(12,2) NOT NULL,
    status VARCHAR(30) NOT NULL,
    remarks TEXT,
    performed_by INT NOT NULL,
    FOREIGN KEY (performed_by) REFERENCES employee(employee_id)
);

CREATE TABLE discount_policy (
    policy_id INT AUTO_INCREMENT PRIMARY KEY,
    policy_name VARCHAR(150) NOT NULL,
    discount_rate DECIMAL(5,2) NOT NULL,
    valid_from DATE NOT NULL,
    valid_to DATE,
    status VARCHAR(30) NOT NULL,
    proposed_by INT NOT NULL,
    approved_by INT,
    FOREIGN KEY (proposed_by) REFERENCES employee(employee_id),
    FOREIGN KEY (approved_by) REFERENCES employee(employee_id)
);

CREATE TABLE expansion_plan (
    plan_id INT AUTO_INCREMENT PRIMARY KEY,
    plan_title VARCHAR(150) NOT NULL,
    estimated_cost DECIMAL(12,2) NOT NULL,
    submitted_date DATE NOT NULL,
    status VARCHAR(30) NOT NULL,
    proposed_by INT NOT NULL,
    approved_by INT,
    FOREIGN KEY (proposed_by) REFERENCES employee(employee_id),
    FOREIGN KEY (approved_by) REFERENCES employee(employee_id)
);

CREATE TABLE department_target (
    target_id INT AUTO_INCREMENT PRIMARY KEY,
    department VARCHAR(100) NOT NULL,
    target_type VARCHAR(100) NOT NULL,
    target_value DECIMAL(12,2) NOT NULL,
    deadline DATE NOT NULL,
    status VARCHAR(30) NOT NULL,
    assigned_by INT NOT NULL,
    FOREIGN KEY (assigned_by) REFERENCES employee(employee_id)
);

CREATE TABLE financial_record (
    record_id INT AUTO_INCREMENT PRIMARY KEY,
    recorded_by INT NOT NULL,
    related_payment_id INT,
    supplier_payment_id INT,
    type VARCHAR(30) NOT NULL,
    category VARCHAR(60),
    amount DECIMAL(12,2) NOT NULL,
    description TEXT,
    record_date DATE NOT NULL,
    tax_type VARCHAR(30),
    tax_amount DECIMAL(10,2) NOT NULL,
    FOREIGN KEY (recorded_by) REFERENCES employee(employee_id),
    FOREIGN KEY (related_payment_id) REFERENCES payment(payment_id),
    FOREIGN KEY (supplier_payment_id) REFERENCES supplier_payment(supplier_payment_id)
);

CREATE TABLE announcement (
    announcement_id INT AUTO_INCREMENT PRIMARY KEY,
    sent_by INT NOT NULL,
    title VARCHAR(150) NOT NULL,
    message TEXT NOT NULL,
    receiver_id INT,
    created_at DATETIME NOT NULL,
    FOREIGN KEY (sent_by) REFERENCES employee(employee_id),
    FOREIGN KEY (receiver_id) REFERENCES employee(employee_id)
);

CREATE TABLE internal_email (
    email_id INT AUTO_INCREMENT PRIMARY KEY,
    sender_id INT NOT NULL,
    recipient_id INT NOT NULL,
    subject VARCHAR(150) NOT NULL,
    message TEXT NOT NULL,
    sent_at DATETIME NOT NULL,
    read_at DATETIME,
    FOREIGN KEY (sender_id) REFERENCES user_account(user_id),
    FOREIGN KEY (recipient_id) REFERENCES user_account(user_id),
    INDEX idx_internal_email_recipient (recipient_id, sent_at),
    INDEX idx_internal_email_sender (sender_id, sent_at)
);

CREATE TABLE backup_record (
    backup_id INT AUTO_INCREMENT PRIMARY KEY,
    backup_type VARCHAR(30) NOT NULL,
    file_path VARCHAR(225),
    date DATETIME,
    note TEXT
);

CREATE TABLE access_privilege (
    privilege_id INT AUTO_INCREMENT PRIMARY KEY,
    role_name VARCHAR(50) NOT NULL,
    module_name VARCHAR(100) NOT NULL,
    access_level VARCHAR(30) NOT NULL,
    status VARCHAR(30) NOT NULL
);

CREATE TABLE system_setting (
    setting_id INT AUTO_INCREMENT PRIMARY KEY,
    setting_name VARCHAR(100) NOT NULL,
    setting_value VARCHAR(255) NOT NULL,
    description TEXT,
    status VARCHAR(30) NOT NULL,
    updated_at DATETIME NOT NULL
);

CREATE TABLE notification_setting (
    notification_id INT AUTO_INCREMENT PRIMARY KEY,
    notification_type VARCHAR(100) NOT NULL,
    receiver_role VARCHAR(50) NOT NULL,
    channel VARCHAR(30) NOT NULL,
    status VARCHAR(30) NOT NULL
);

CREATE TABLE system_error (
    error_id INT AUTO_INCREMENT PRIMARY KEY,
    error_date DATETIME NOT NULL,
    error_type VARCHAR(100) NOT NULL,
    error_message TEXT NOT NULL,
    status VARCHAR(30) NOT NULL
);

-- Sample data (6 months: 2026-01-16 to 2026-07-16)

-- product
INSERT INTO product (product_id, product_name, category, selling_price, min_stock_level) VALUES
(1, 'Bio Killer Larve 250 ml', 'bio pesticide', 4700.00, 50),
(2, 'Bio Killer Larve 500 ml', 'bio pesticide', 8900.00, 50),
(3, 'Bio Killer Larve 1 L', 'bio pesticide', 12000.00, 50),
(4, 'Bio Killer fly 250 ml', 'bio pesticide', 3200.00, 50),
(5, 'Bio Killer fly 500 ml', 'bio pesticide', 6400.00, 50),
(6, 'Bio Killer fly 1 L', 'bio pesticide', 9500.00, 50),
(7, 'Bio Killer Mite 250 ml', 'bio pesticide', 2700.00, 50),
(8, 'Bio Killer Mite 500 ml', 'bio pesticide', 5100.00, 50),
(9, 'Bio Killer Mite 1 L', 'bio pesticide', 6900.00, 50),
(10, 'Bio Decomposer 1kg', 'bio compost', 1500.00, 20),
(11, 'Bio Decomposer 5kg', 'bio compost', 3500.00, 20),
(12, 'Bio Decomposer 10kg', 'bio compost', 5600.00, 20),
(13, 'Bio Decomposer 20kg', 'bio compost', 8000.00, 20),
(14, 'Mosquito Sprayer 100 ml', 'mosquito insecticides', 1700.00, 30),
(15, 'Mosquito Sprayer 250 ml', 'mosquito insecticides', 2700.00, 30),
(16, 'Mosquito Sprayer 500 ml', 'mosquito insecticides', 4800.00, 30),
(17, 'Mosquito natural gel 50 ml', 'mosquito insecticides', 700.00, 40),
(18, 'Mosquito natural gel 100 ml', 'mosquito insecticides', 1200.00, 40);

-- supplier
INSERT INTO supplier (supplier_id, supplier_name, contact_no, email, address, payment_terms) VALUES
(1, 'Green Harvest Agro Center', '077-3458129', 'info@greenharvestagro.example', 'No. 76, Minuwangoda Road, Gampaha', 'Net 30 Days'),
(2, 'Ceylon Agro Traders', '071-9824605', 'sales@ceylonagro.example', 'No. 190, Wakwella Road, Galle', 'Net 30 Days'),
(3, 'Prime Agro Chemicals', '078-6480261', 'contact@primeagro.example', 'No. 154, Galle Road, Kalutara', 'Net 15 Days');

-- vehicle
INSERT INTO vehicle (vehicle_id, plate_number, vehicle_type, capacity) VALUES
(1, 'NC-5847', 'Isuzu ELF Mid-size Lorry', '3500 kg'),
(2, 'ND-9136', 'Mitsubishi Canter Lorry', '5000 kg'),
(3, 'NA-4721', 'Tata LPT Cargo Truck', '4000 kg'),
(4, 'CAB-2845', 'Ashok Leyland Partner', '6000 kg');

-- customer
INSERT INTO customer (customer_id, name, contact_no, email, address, loyalty_points) VALUES
(1, 'Green Valley Agro', '071-2345678', 'info@greenvalleyagro.example', 'No. 45, Main Street, Kandy', 120),
(2, 'Farmers Choice Agro Center', '072-3158647', 'contact@farmerschoiceagro.example', 'No. 82, Colombo Road, Gampaha', 250),
(3, 'Nature Grow Agro', '077-4589036', 'info@naturegrowagro.example', 'No. 21, Station Road, Ragama', 180),
(4, 'Agro Link Enterprises', '075-6341278', 'info@agrolink.example', 'No. 56, High Level Road, Nugegoda', 320),
(5, 'Crop Care Lanka', '076-1457832', 'info@cropcarelanka.example', 'No. 114, Galle Road, Kalutara', 90),
(6, 'Green Field Agro Chemicals', '071-8459231', 'sales@greenfieldagro.example', 'No. 33, Main Street, Matara', 210),
(7, 'Agri Plus Trading', '078-2156938', 'contact@agriplustrading.example', 'No. 18, Negombo Road, Wattala', 150),
(8, 'Green World Agro', '074-7582146', 'support@greenworldagro.example', 'No. 91, Temple Road, Ja-Ela', 275),
(9, 'Crop Master Agro', '077-5691248', 'info@cropmasteragro.example', 'No. 77, Market Road, Chilaw', 110),
(10, 'Agri Care Solutions', '076-5192684', 'sales@agricaresolutions.example', 'No. 63, Hospital Road, Galle', 400),
(11, 'Golden Harvest Agro', '072-9472051', 'info@goldenharvestagro.example', 'No. 29, Matara Road, Hikkaduwa', 230),
(12, 'Agro King Enterprises', '070-5489261', 'sales@agroking.example', 'No. 101, Main Street, Kurunegala', 170),
(13, 'Plant Care Agro Center', '075-8924510', 'info@plantcareagro.example', 'No. 44, Kandy Road, Kadawatha', 340),
(14, 'Field Star Agro', '074-1628395', 'contact@fieldstaragro.example', 'No. 12, Old Road, Beruwala', 95),
(15, 'Green Valley Farm Supplies', '077-2349871', 'greenvalley@agro.example', 'No. 67, Dambulla Road, Matale', 260),
(16, 'Farmer Friend Agro', '078-3267049', 'support@farmersfriendagro.example', 'No. 88, Main Street, Puttalam', 130),
(17, 'Crop Shield Chemicals', '071-6981542', 'sales@cropshield.example', 'No. 23, Colombo Road, Negombo', 360),
(18, 'Eco Agro Supplies', '076-8349507', 'info@ecoagro.example', 'No. 15, Beach Road, Tangalle', 200),
(19, 'Smart Farm Agro', '075-2418963', 'contact@smartfarmagro.example', 'No. 99, Station Road, Panadura', 145),
(20, 'Agri Vision Lanka', '077-7924681', 'info@agrivisionlanka.example', 'No. 72, Main Street, Horana', 310),
(21, 'Evergreen Agro Centre', '078-4378150', 'sales@evergreenagro.example', 'No. 35, Hospital Road, Badulla', 185),
(22, 'Green Crop Solutions', '070-6591372', 'info@greencropsolutions.example', 'No. 42, Passara Road, Badulla', 290),
(23, 'Rich Harvest Agro', '071-8602483', 'contact@richharvestagro.example', 'No. 60, New Town Road, Anuradhapura', 75),
(24, 'Prime Agro Chemicals', '072-9713594', 'sales@primeagro.example', 'No. 14, Trincomalee Road, Habarana', 220),
(25, 'Agri World Traders', '074-2046827', 'info@agriworldtraders.example', 'No. 50, Kandy Road, Dambulla', 340),
(26, 'Royal Agro Centre', '075-3157938', 'contact@royalagro.example', 'No. 26, Main Street, Polonnaruwa', 190),
(27, 'Sunrise Agro Chemicals', '076-4268049', 'sales@sunriseagro.example', 'No. 83, Colombo Road, Kurunegala', 270),
(28, 'Green Planet Agro', '077-5379150', 'info@greenplanetagro.example', 'No. 39, Wakwella Road, Galle', 160),
(29, 'Farm Link Enterprises', '078-6480261', 'support@farmlink.example', 'No. 104, Minuwangoda Road, Gampaha', 410),
(30, 'Harvest Point Agro', '070-7591372', 'info@harvestpointagro.example', 'No. 68, Main Street, Matugama', 230),
(31, 'AgroMax Lanka', '071-7480261', 'sales@agromaxlanka.example', 'No. 90, Colombo Road, Ambalangoda', 150),
(32, 'Fresh Field Agro', '072-8591372', 'contact@freshfieldagro.example', 'No. 31, Main Street, Akuressa', 280),
(33, 'Pioneer Agro Supplies', '074-1824605', 'info@pioneeragro.example', 'No. 58, Station Road, Weligama', 125),
(34, 'Green Earth Agro Centre', '075-2935716', 'sales@greenearthagro.example', 'No. 11, Main Street, Dickwella', 360),
(35, 'Future Crop Solutions', '076-3046827', 'contact@futurecrops.example', 'No. 74, Kurunegala Road, Kuliyapitiya', 205),
(36, 'Best Harvest Agro', '077-4157938', 'info@bestharvestagro.example', 'No. 19, Market Road, Nattandiya', 175),
(37, 'Ceylon Agro Traders', '078-5268049', 'sales@ceylonagro.example', 'No. 145, Colombo Road, Chilaw', 390),
(38, 'Diamond Agro Centre', '070-6379150', 'info@diamondagro.example', 'No. 37, Main Street, Wennappuwa', 240),
(39, 'Rural Agro Supplies', '071-2349876', 'contact@ruralagro.example', 'No. 66, Main Road, Puttalam', 115),
(40, 'Agri Gold Enterprises', '072-3456789', 'sales@agrigold.example', 'No. 52, Galle Road, Kalutara', 300),
(41, 'Green Seed Agro', '074-4567891', 'info@greenseedagro.example', 'No. 27, Kandy Road, Kiribathgoda', 155),
(42, 'Crop Guard Agro Chemicals', '075-5678902', 'support@cropguardagro.example', 'No. 85, High Level Road, Maharagama', 420),
(43, 'Prosper Agro Centre', '076-6789013', 'info@prosperagro.example', 'No. 48, Main Street, Gampaha', 260),
(44, 'Unity Agro Traders', '077-7890124', 'contact@unityagro.example', 'No. 93, Negombo Road, Wattala', 190),
(45, 'Lanka Agro Chemicals', '078-8901235', 'sales@lankaagrochemicals.example', 'No. 22, Galle Road, Colombo', 330),
(46, 'Farm Care Agro Mart', '070-9012346', 'contact@farmcareagromart.example', 'No. 16, Main Street, Kegalle', 140),
(47, 'Harvest Crop Solutions', '071-1122334', 'support@harvestcropsolutions.example', 'No. 70, Main Street, Ratnapura', 275),
(48, 'Green Leaf Agro', '072-2233445', 'sales@greenleafagro.example', 'No. 38, Hospital Road, Embilipitiya', 215),
(49, 'Agro Tech Lanka', '077-3344556', 'contact@agrotechlanka.example', 'No. 120, Main Street, Colombo', 450);

-- user_account
INSERT INTO user_account (user_id, role_name, username, password_hash, email, is_active, created_at) VALUES
(1, 'driver', 'Nimal', '$2y$10$/fEPNP9iR/aDt5XS8cVe2.gyWEEY88zlTId4i0bGZn0cSyXVNd2mm', 'nimal@ncc.lk', 1, '2025-03-12 09:00:00'),
(2, 'driver', 'Kasun', '$2y$10$cY4n1zHJ8ccPngf9fQ4DC.sfKQCxBbxvBLsbkppnAQ25ZHU1PAVGG', 'Kasun@ncc.lk', 1, '2025-02-15 09:00:00'),
(3, 'driver', 'Sachin', '$2y$10$55Qx2iKg46Rj/uLNGr1GB.SWYjvo6m3ID2KoCYQN1qQREw6T50dvi', 'Sachin@ncc.lk', 1, '2025-03-25 09:00:00'),
(4, 'order_processing_officer', 'Sachini', '$2y$10$GLP.jtzUmPCNyYP2zRufB.nAyZdvwRZfIlJCu7sSIeiCXmhjcBYUO', 'Sachini@ncc.lk', 1, '2025-03-25 09:00:00'),
(5, 'order_processing_officer', 'Kavindi', '$2y$10$Na9rs7sn5/1Zqv085fpGn.JFhl5V7F8XUn9CpX1HxvRpD2DbnAeTK', 'Kavindi@ncc.lk', 1, '2025-03-28 09:00:00'),
(6, 'customer_relation_manager', 'Dinithi', '$2y$10$5CRcv3vEJpiavuoci0pmReDpns1enbdgb.GDUsA6WsZ.mK65sCNNG', 'Dinithi@ncc.lk', 1, '2025-03-20 09:00:00'),
(7, 'customer_relation_manager', 'Hiruni', '$2y$10$HEQDqMGLYfH12dCRXodYCuc5eHFB3EmrW6EmaSDO5n5WvKMjzffhm', 'Hiruni@ncc.lk', 1, '2025-03-19 09:00:00'),
(8, 'supervisor', 'Imran', '$2y$10$E5rtDnDczLDTKOgNTYBvwuqOJdhl4IFICcj8uNLn9fVA4O3Qv61za', 'Imran@ncc.lk', 1, '2025-03-09 09:00:00'),
(9, 'financial_officer', 'Tharushi', '$2y$10$7oQr4uM8kZAaT6afNyyJXuGtsLZtAbby0irmBbzP5dHoPKaEPei/K', 'Tharushi@ncc.lk', 1, '2025-02-18 09:00:00'),
(10, 'inventory_manager', 'Ravindu', '$2y$10$rdYnhIebLGr8XgjT5IYjeuWu6RZ8zPH2HgRS/3sqNXeAD6.VrszqG', 'Ravindu@ncc.lk', 1, '2025-04-02 09:00:00'),
(11, 'distribution_manager', 'Dinuka', '$2y$10$ZBLvXhlZOnU1MushvD7wR.ggOcX4MOTJ46Ojmwhnt/6UiS78Ltmv6', 'Dinuka@ncc.lk', 1, '2025-04-03 09:00:00'),
(12, 'system_admin', 'sysadmin', '$2y$10$3GuIIHb3V2Oak2eUWI8r/Oox9f547MP6Ubv278pxjcp4dX5w6CcSe', 'admin@ncc.lk', 1, '2025-04-03 09:00:00'),
(13, 'ceo_head_manager', 'Sahan', '$2y$10$S/BAMXpbeuQ0yMFGQAtFcO11oI0HBOGxxu//BASXF0Br.WmH93L3K', 'Sahan@ncc.lk', 1, '2025-04-01 09:00:00');

-- employee
INSERT INTO employee (employee_id, user_id, full_name, nic, contact_no, address, job_title, hire_date, base_salary, employment_status) VALUES
(1, 1, 'Nimal Perera', '6842719350', '0712-345678', NULL, 'driver', '2025-03-12', 75000.00, 'active'),
(2, 2, 'Kasun Fernando', '3975061824', '0723-456789', NULL, 'driver', '2025-02-15', 75000.00, 'active'),
(3, 3, 'Sachin Jayasinghe', '8251946370', '0726-147258', NULL, 'driver', '2025-03-25', 75000.00, 'active'),
(4, 4, 'Sachini Perera', '4719283056', '0745-678901', NULL, 'order_processing_officer', '2025-03-25', 80000.00, 'active'),
(5, 5, 'Kavindi Silva', '9362057184', '0756-789012', NULL, 'order_processing_officer', '2025-03-28', 80000.00, 'active'),
(6, 6, 'Dinithi Jayasinghe', '7138964205', '0715-024689', NULL, 'customer_relation_manager', '2025-03-20', 82000.00, 'active'),
(7, 7, 'Hiruni Gunawardena', '2587416093', '0703-913578', NULL, 'customer_relation_manager', '2025-03-19', 82000.00, 'active'),
(8, 8, 'Imran Zakhaev', '8624071953', '0767-890123', NULL, 'supervisor', '2025-03-09', 85000.00, 'active'),
(9, 9, 'Tharushi Bandara', '5492738160', '0778-901234', NULL, 'financial_officer', '2025-02-18', 85000.00, 'active'),
(10, 10, 'Ravindu Madushanka', '3159682740', '0789-012345', NULL, 'inventory_manager', '2025-04-02', 80000.00, 'active'),
(11, 11, 'Dinuka Herath', '7941526308', '0701-123456', NULL, 'distribution_manager', '2025-04-03', 80000.00, 'active'),
(12, 12, 'Supun Karunaratne', '6283094715', '0724-345678', NULL, 'system_admin', '2025-04-03', 100000.00, 'active'),
(13, 13, 'Sahan Abeysekara', '4578162930', '0779-890123', NULL, 'ceo_head_manager', '2025-04-01', 250000.00, 'active'),
(14, NULL, 'Kishan Tharmalingam', '2364958071', '0781-901234', NULL, 'cleaning', '2025-05-03', 50000.00, 'active'),
(15, NULL, 'Yashoda Senanayake', '9813745206', '0713-234567', NULL, 'cleaning', '2025-05-02', 50000.00, 'active'),
(16, NULL, 'Pasindu Ekanayake', '8753206941', '0747-468023', NULL, 'security', '2025-05-04', 70000.00, 'active'),
(17, NULL, 'Akila Samarasinghe', '4578162931', '5190472863', NULL, 'security', '2025-05-04', 70000.00, 'active'),
(18, NULL, 'Malith Rajapaksha', '9564381207', '0702-012345', NULL, 'packing', '2025-04-06', 65000.00, 'active'),
(19, NULL, 'Rizwan Ahamed', '3942178650', '0714-135790', NULL, 'packing', '2025-04-06', 65000.00, 'active'),
(20, NULL, 'Kavindu Dissanayake', '7285063194', '0725-246801', NULL, 'packing', '2025-04-09', 65000.00, 'active'),
(21, NULL, 'Anushiya Rajendran', '6439817520', '0758-579134', NULL, 'packing', '2025-04-29', 65000.00, 'active');

-- access_privilege
INSERT INTO access_privilege (role_name, module_name, access_level, status) VALUES
('system_admin', 'User Management', 'full', 'active'),
('system_admin', 'System Settings', 'full', 'inactive'),
('system_admin', 'Backups', 'full', 'active'),
('system_admin', 'Access Privileges', 'full', 'active'),
('ceo_head_manager', 'Reports', 'view', 'active'),
('ceo_head_manager', 'Approvals', 'full', 'active'),
('ceo_head_manager', 'Strategic Planning', 'full', 'active'),
('ceo_head_manager', 'Complaints', 'update', 'active'),
('supervisor', 'Attendance', 'full', 'active'),
('supervisor', 'Payroll', 'full', 'inactive'),
('supervisor', 'Leave Requests', 'full', 'active'),
('supervisor', 'Performance Reviews', 'full', 'active'),
('inventory_manager', 'Products', 'full', 'inactive'),
('inventory_manager', 'Stock Batches', 'full', 'active'),
('inventory_manager', 'Stock Movements', 'full', 'active'),
('inventory_manager', 'Low Stock Alerts', 'view', 'active'),
('order_processing_officer', 'Sales Orders', 'full', 'active'),
('order_processing_officer', 'Invoices', 'full', 'active'),
('order_processing_officer', 'Credit Approval', 'update', 'active'),
('order_processing_officer', 'Stock Availability', 'view', 'inactive'),
('customer_relation_manager', 'Customers', 'full', 'active'),
('customer_relation_manager', 'Complaints', 'full', 'active'),
('customer_relation_manager', 'Promotions', 'create', 'active'),
('customer_relation_manager', 'Purchase History', 'view', 'active'),
('distribution_manager', 'Deliveries', 'full', 'active'),
('distribution_manager', 'Confirmed Orders', 'view', 'active'),
('distribution_manager', 'Delayed Deliveries', 'update', 'active'),
('driver', 'My Deliveries', 'update', 'active'),
('driver', 'Delivery Issues', 'create', 'active'),
('driver', 'Proof of Delivery', 'create', 'active'),
('driver', 'Fuel Usage', 'create', 'active'),
('financial_officer', 'Receivables', 'full', 'active'),
('financial_officer', 'Supplier Payments', 'full', 'active'),
('financial_officer', 'Income & Expenses', 'full', 'active'),
('financial_officer', 'Reconciliation', 'full', 'active'),
('financial_officer', 'Budget Utilization', 'update', 'active');

-- system_setting
INSERT INTO system_setting (setting_name, setting_value, description, status, updated_at) VALUES
('company_name', 'Natura Crop Care', 'Registered trading name shown on documents', 'active', '2026-06-25 17:56:55'),
('company_currency', 'LKR', 'Default currency for all monetary values', 'active', '2026-04-18 17:12:45'),
('tax_default_rate', '15', 'Default VAT percentage applied when not overridden', 'active', '2026-02-02 08:42:14'),
('session_timeout_minutes', '30', 'Idle session timeout', 'active', '2026-03-31 09:54:14'),
('low_stock_threshold_days', '7', 'Days-to-expiry window for the expiring soon alert', 'active', '2026-02-10 14:17:29'),
('invoice_due_days', '30', 'Default payment term for generated invoices', 'active', '2026-06-27 13:10:23'),
('backup_frequency_days', '7', 'Target interval between scheduled backups', 'active', '2026-04-16 11:42:17'),
('support_email', 'support@ncc.lk', 'Customer support contact address', 'active', '2026-07-14 18:41:04'),
('sms_gateway_enabled', 'false', 'Whether SMS notifications are wired up', 'active', '2026-06-20 18:10:34'),
('default_credit_limit', '150000', 'Default credit ceiling for new corporate customers', 'active', '2026-03-19 10:29:24'),
('loyalty_points_per_100_lkr', '1', 'Loyalty points earned per LKR 100 spent', 'active', '2026-03-26 18:44:35'),
('business_hours', '08:00-17:00', 'Standard operating hours', 'active', '2026-03-13 18:20:53');

-- notification_setting
INSERT INTO notification_setting (notification_type, receiver_role, channel, status) VALUES
('System Error Reported', 'system_admin', 'email', 'enabled'),
('Backup Completed', 'system_admin', 'system', 'enabled'),
('Purchase Order Awaiting Approval', 'ceo_head_manager', 'system', 'enabled'),
('Budget Exceeded', 'ceo_head_manager', 'sms', 'enabled'),
('Leave Request Submitted', 'supervisor', 'system', 'enabled'),
('Performance Review Due', 'supervisor', 'email', 'enabled'),
('Low Stock Alert', 'inventory_manager', 'system', 'enabled'),
('Batch Expiring Soon', 'inventory_manager', 'system', 'enabled'),
('New Sales Order', 'order_processing_officer', 'system', 'enabled'),
('Credit Order Pending', 'order_processing_officer', 'email', 'enabled'),
('New Complaint', 'customer_relation_manager', 'system', 'disabled'),
('Escalated Complaint', 'customer_relation_manager', 'system', 'enabled'),
('Delivery Delayed', 'distribution_manager', 'system', 'enabled'),
('Order Ready for Dispatch', 'distribution_manager', 'system', 'enabled'),
('Delivery Assigned', 'driver', 'system', 'enabled'),
('Route Updated', 'driver', 'email', 'enabled'),
('Payment Received', 'financial_officer', 'system', 'enabled'),
('Supplier Payment Due', 'financial_officer', 'sms', 'enabled');

-- discount_policy
INSERT INTO discount_policy (policy_name, discount_rate, valid_from, valid_to, status, proposed_by, approved_by) VALUES
('Bulk Order Discount - Bio Pesticides', 10.00, '2026-02-03', '2026-06-01', 'approved', 13, 13),
('Loyalty Tier Discount - Gold Customers', 7.50, '2026-03-03', '2026-06-04', 'rejected', 13, 13),
('Seasonal Promotion - Mosquito Range', 12.00, '2026-03-05', NULL, 'rejected', 13, 13),
('Corporate Account Standard Discount', 5.00, '2026-03-12', '2026-07-31', 'approved', 13, 13),
('Off-Peak Season Compost Discount', 15.00, '2026-01-28', NULL, 'pending', 13, NULL),
('New Customer Welcome Discount', 5.00, '2026-02-19', '2026-06-26', 'rejected', 13, 13),
('Early Payment Discount', 3.00, '2026-02-23', NULL, 'approved', 13, 13),
('Clearance - Near Expiry Batches', 20.00, '2026-03-16', NULL, 'rejected', 13, 13),
('Wholesale Distributor Discount', 8.00, '2026-03-08', NULL, 'approved', 13, 13),
('Festive Season Promotion', 10.00, '2026-03-13', '2026-05-22', 'approved', 13, 13);

-- expansion_plan
INSERT INTO expansion_plan (plan_title, estimated_cost, submitted_date, status, proposed_by, approved_by) VALUES
('Open new distribution hub in Kurunegala', 4500000.00, '2026-05-20', 'pending', 13, NULL),
('Expand cold storage capacity at main warehouse', 1800000.00, '2026-06-01', 'pending', 13, NULL),
('Add second delivery vehicle for southern route', 6200000.00, '2026-02-17', 'approved', 13, 13),
('Launch e-commerce ordering portal', 2500000.00, '2026-06-05', 'approved', 13, 13),
('Set up regional sales office in Anuradhapura', 3200000.00, '2026-05-31', 'pending', 13, NULL),
('Upgrade bio-pesticide production line', 7800000.00, '2026-05-04', 'rejected', 13, 13),
('Expand product range into organic fertilizers', 3900000.00, '2026-06-03', 'pending', 13, NULL);

-- department_target
INSERT INTO department_target (department, target_type, target_value, deadline, status, assigned_by) VALUES
('Sales', 'Revenue', 15000000.00, '2026-02-15', 'completed', 13),
('Sales', 'New Customer Acquisitions', 25.00, '2026-03-17', 'active', 13),
('Inventory', 'Stock Turnover Rate', 4.50, '2026-04-16', 'cancelled', 13),
('Distribution', 'On-time Delivery Rate', 95.00, '2026-05-16', 'active', 13),
('Distribution', 'Deliveries Completed', 200.00, '2026-06-15', 'cancelled', 13),
('Customer Service', 'Complaints Resolved', 90.00, '2026-07-15', 'cancelled', 13),
('Customer Service', 'Customer Satisfaction Score', 4.50, '2026-02-15', 'completed', 13),
('Finance', 'Receivables Collected', 12000000.00, '2026-03-17', 'completed', 13),
('Finance', 'Budget Variance', 5.00, '2026-04-16', 'completed', 13),
('Sales', 'Average Order Value', 45000.00, '2026-05-16', 'completed', 13),
('Inventory', 'Stock Wastage Reduction', 10.00, '2026-06-15', 'active', 13),
('Distribution', 'Fuel Cost per Delivery', 3500.00, '2026-07-15', 'completed', 13);

-- budget_plan
INSERT INTO budget_plan (budget_purpose, period, amount, used_amount, prepared_by, approved_by, status) VALUES
('Q1 2026 Marketing Budget', '2026-Q1', 800000.00, 304091.79, 13, 13, 'approved'),
('Q1 2026 Logistics Budget', '2026-Q1', 1200000.00, 265191.70, 13, 13, 'approved'),
('Q1 2026 Office Operations Budget', '2026-Q1', 450000.00, 170523.80, 13, 13, 'approved'),
('Q2 2026 Marketing Budget', '2026-Q2', 950000.00, 0, 13, 13, 'rejected'),
('Q2 2026 Logistics Budget', '2026-Q2', 1350000.00, 0, 13, NULL, 'pending'),
('Q2 2026 Office Operations Budget', '2026-Q2', 470000.00, 182362.18, 13, 13, 'approved'),
('Q2 2026 Inventory Procurement Budget', '2026-Q2', 6000000.00, 2185420.84, 13, 13, 'approved'),
('Q3 2026 Marketing Budget', '2026-Q3', 900000.00, 976962.82, 13, 13, 'approved'),
('Q3 2026 Logistics Budget', '2026-Q3', 1300000.00, 809472.33, 13, 13, 'approved'),
('Q1 2026 Staff Training Budget', '2026-Q1', 250000.00, 0, 13, NULL, 'pending'),
('Q2 2026 Vehicle Maintenance Budget', '2026-Q2', 600000.00, 0, 13, NULL, 'pending'),
('Q1 2026 Inventory Procurement Budget', '2026-Q1', 5500000.00, 1358119.48, 13, 13, 'approved');

-- purchase_order
INSERT INTO purchase_order (purchase_id, supplier_id, requested_by, approved_by, request_date, approval_status, total_amount, expected_date) VALUES
(1, 1, 13, 13, '2026-01-19', 'approved', 4300761.23, '2026-02-02'),
(2, 3, 13, 13, '2026-01-28', 'approved', 1445541.23, '2026-02-06'),
(3, 2, 13, 13, '2026-01-29', 'approved', 1944217.01, '2026-02-18'),
(4, 1, 13, 13, '2026-01-31', 'rejected', 3727151.12, '2026-02-16'),
(5, 3, 13, 13, '2026-02-04', 'approved', 3195302.36, '2026-02-15'),
(6, 2, 13, 13, '2026-02-08', 'rejected', 2725385.97, '2026-03-01'),
(7, 3, 13, 13, '2026-02-10', 'approved', 2228751.89, '2026-02-27'),
(8, 3, 13, 13, '2026-02-10', 'approved', 3113417.34, '2026-02-21'),
(9, 3, 13, 13, '2026-02-12', 'approved', 1442018.81, '2026-02-20'),
(10, 1, 13, 13, '2026-02-20', 'rejected', 1637762.43, '2026-03-02'),
(11, 1, 13, 13, '2026-03-03', 'rejected', 1716039.37, '2026-03-10'),
(12, 2, 13, 13, '2026-03-05', 'approved', 2717846.86, '2026-03-25'),
(13, 3, 13, 13, '2026-03-06', 'approved', 1689255.29, '2026-03-13'),
(14, 2, 13, 13, '2026-03-20', 'approved', 990847.33, '2026-04-08'),
(15, 3, 13, 13, '2026-03-20', 'approved', 2043093.76, '2026-04-07'),
(16, 3, 13, 13, '2026-03-28', 'rejected', 2280454.93, '2026-04-12'),
(17, 3, 13, 13, '2026-04-12', 'approved', 405993.24, '2026-04-25'),
(18, 2, 13, 13, '2026-04-16', 'approved', 1257308.35, '2026-04-30'),
(19, 1, 13, 13, '2026-04-29', 'approved', 2302991.09, '2026-05-09'),
(20, 3, 13, 13, '2026-05-01', 'approved', 4596610.37, '2026-05-19'),
(21, 3, 13, 13, '2026-05-04', 'approved', 1910483.52, '2026-05-19'),
(22, 2, 13, 13, '2026-05-04', 'approved', 3047905.05, '2026-05-22'),
(23, 2, 13, 13, '2026-05-06', 'approved', 668901.29, '2026-05-17'),
(24, 3, 13, 13, '2026-05-09', 'approved', 2071633.07, '2026-05-22'),
(25, 1, 13, 13, '2026-05-10', 'rejected', 2280530.09, '2026-05-21'),
(26, 3, 13, 13, '2026-05-14', 'approved', 2239237.91, '2026-06-04'),
(27, 2, 13, 13, '2026-05-15', 'approved', 2041738.78, '2026-05-23'),
(28, 2, 13, 13, '2026-06-02', 'approved', 2390572.84, '2026-06-18'),
(29, 1, 13, 13, '2026-06-03', 'rejected', 1210367.48, '2026-06-11'),
(30, 3, 13, NULL, '2026-06-05', 'pending', 533211.16, '2026-06-15'),
(31, 3, 13, 13, '2026-06-30', 'approved', 274590.40, '2026-07-12'),
(32, 2, 13, 13, '2026-07-01', 'rejected', 3583283.69, '2026-07-18'),
(33, 2, 13, NULL, '2026-07-02', 'pending', 1129882.26, '2026-07-22'),
(34, 2, 13, 13, '2026-07-07', 'approved', 1948921.06, '2026-07-21');

-- purchase_item
INSERT INTO purchase_item (purchase_id, product_id, quantity, unit_cost, line_total) VALUES
(1, 7, 159, 1485.99, 236272.41),
(1, 13, 260, 4760.68, 1237776.80),
(1, 2, 133, 6082.90, 809025.70),
(1, 3, 247, 7462.94, 1843346.18),
(1, 18, 202, 863.07, 174340.14),
(2, 10, 198, 972.69, 192592.62),
(2, 7, 140, 1512.98, 211817.20),
(2, 2, 209, 4981.49, 1041131.41),
(3, 2, 77, 6183.08, 476097.16),
(3, 17, 232, 455.81, 105747.92),
(3, 3, 163, 8358.11, 1362371.93),
(4, 2, 204, 5889.61, 1201480.44),
(4, 3, 299, 7666.48, 2292277.52),
(4, 14, 231, 1010.36, 233393.16),
(5, 5, 62, 4538.08, 281360.96),
(5, 10, 204, 941.86, 192139.44),
(5, 15, 78, 1942.21, 151492.38),
(5, 6, 189, 6093.28, 1151629.92),
(5, 13, 298, 4760.67, 1418679.66),
(6, 12, 199, 3497.15, 695932.85),
(6, 10, 216, 1004.40, 216950.40),
(6, 6, 266, 6813.92, 1812502.72),
(7, 4, 250, 2244.00, 561000.00),
(7, 5, 129, 4121.91, 531726.39),
(7, 9, 113, 4125.50, 466181.50),
(7, 2, 112, 5980.75, 669844.00),
(8, 9, 71, 4767.83, 338515.93),
(8, 2, 257, 4900.36, 1259392.52),
(8, 3, 127, 6866.87, 872092.49),
(8, 11, 173, 2021.14, 349657.22),
(8, 7, 169, 1738.22, 293759.18),
(9, 18, 97, 778.83, 75546.51),
(9, 2, 70, 5545.27, 388168.90),
(9, 12, 290, 3373.46, 978303.40),
(10, 4, 251, 2289.77, 574732.27),
(10, 12, 298, 3227.13, 961684.74),
(10, 14, 101, 1003.42, 101345.42),
(11, 11, 261, 2083.75, 543858.75),
(11, 14, 157, 1137.67, 178614.19),
(11, 8, 279, 3561.17, 993566.43),
(12, 12, 162, 3708.35, 600752.70),
(12, 10, 281, 908.71, 255347.51),
(12, 8, 257, 2865.19, 736353.83),
(12, 4, 224, 1911.84, 428252.16),
(12, 1, 233, 2992.02, 697140.66),
(13, 9, 127, 4476.03, 568455.81),
(13, 6, 212, 5286.79, 1120799.48),
(14, 14, 108, 1194.96, 129055.68),
(14, 17, 241, 415.31, 100089.71),
(14, 4, 193, 1997.22, 385463.46),
(14, 7, 197, 1909.84, 376238.48),
(15, 12, 295, 3983.33, 1175082.35),
(15, 14, 140, 1030.43, 144260.20),
(15, 3, 91, 7953.31, 723751.21),
(16, 14, 92, 1020.44, 93880.48),
(16, 11, 230, 2039.14, 469002.20),
(16, 13, 233, 5678.89, 1323181.37),
(16, 12, 104, 3792.22, 394390.88),
(17, 10, 261, 878.60, 229314.60),
(17, 18, 227, 778.32, 176678.64),
(18, 17, 132, 463.40, 61168.80),
(18, 16, 222, 3060.61, 679455.42),
(18, 6, 83, 6225.11, 516684.13),
(19, 5, 181, 3786.39, 685336.59),
(19, 1, 256, 3073.41, 786792.96),
(19, 2, 166, 5005.19, 830861.54),
(20, 16, 288, 3201.10, 921916.80),
(20, 13, 257, 5421.31, 1393276.67),
(20, 8, 259, 3572.70, 925329.30),
(20, 3, 105, 7467.30, 784066.50),
(20, 11, 238, 2403.45, 572021.10),
(21, 4, 230, 2195.97, 505073.10),
(21, 15, 203, 1728.79, 350944.37),
(21, 5, 253, 4167.85, 1054466.05),
(22, 18, 126, 756.83, 95360.58),
(22, 15, 275, 1830.07, 503269.25),
(22, 6, 256, 6254.82, 1601233.92),
(22, 12, 184, 3820.35, 702944.40),
(22, 14, 130, 1116.13, 145096.90),
(23, 9, 80, 4842.52, 387401.60),
(23, 11, 119, 2007.33, 238872.27),
(23, 17, 99, 430.58, 42627.42),
(24, 11, 159, 2420.57, 384870.63),
(24, 15, 209, 1900.32, 397166.88),
(24, 14, 65, 1208.41, 78546.65),
(24, 1, 255, 3269.53, 833730.15),
(24, 4, 182, 2073.18, 377318.76),
(25, 14, 67, 1060.96, 71084.32),
(25, 8, 231, 3142.14, 725834.34),
(25, 16, 163, 3194.18, 520651.34),
(25, 4, 275, 2153.95, 592336.25),
(25, 5, 92, 4028.52, 370623.84),
(26, 1, 72, 2953.90, 212680.80),
(26, 3, 143, 7130.72, 1019692.96),
(26, 14, 143, 996.17, 142452.31),
(26, 17, 285, 425.16, 121170.60),
(26, 16, 252, 2949.37, 743241.24),
(27, 1, 226, 2639.83, 596601.58),
(27, 2, 67, 4955.91, 332045.97),
(27, 12, 111, 3984.03, 442227.33),
(27, 4, 219, 2216.54, 485422.26),
(27, 11, 92, 2015.67, 185441.64),
(28, 15, 215, 1562.02, 335834.30),
(28, 9, 243, 4925.46, 1196886.78),
(28, 12, 269, 3189.04, 857851.76),
(29, 10, 243, 926.15, 225054.45),
(29, 13, 211, 4669.73, 985313.03),
(30, 10, 204, 1028.04, 209720.16),
(30, 4, 148, 2185.75, 323491.00),
(31, 17, 167, 386.51, 64547.17),
(31, 11, 87, 2414.29, 210043.23),
(32, 5, 129, 4570.44, 589586.76),
(32, 14, 295, 1113.00, 328335.00),
(32, 6, 183, 6094.15, 1115229.45),
(32, 12, 271, 3522.56, 954613.76),
(32, 9, 128, 4652.49, 595518.72),
(33, 9, 178, 4081.05, 726426.90),
(33, 15, 231, 1746.56, 403455.36),
(34, 6, 147, 6513.50, 957484.50),
(34, 16, 212, 2868.20, 608058.40),
(34, 7, 130, 1806.84, 234889.20),
(34, 18, 192, 773.38, 148488.96);

-- supplier_payment
INSERT INTO supplier_payment (supplier_id, purchase_id, paid_by, amount, payment_date, status) VALUES
(1, 1, 9, 4300761.23, '2026-02-03 15:31:00', 'paid'),
(3, 2, 9, 1445541.23, '2026-02-09 16:28:00', 'paid'),
(2, 3, 9, 1944217.01, '2026-02-19 15:44:00', 'paid'),
(3, 5, 9, 3195302.36, '2026-02-20 14:27:00', 'paid'),
(2, 6, 9, 2725385.97, '2026-03-09 14:44:00', 'cancelled'),
(3, 7, 9, 2228751.89, '2026-03-03 10:46:00', 'paid'),
(1, 10, 9, 1637762.43, '2026-03-04 12:47:00', 'pending'),
(1, 11, 9, 1716039.37, '2026-03-19 10:53:00', 'cancelled'),
(3, 16, 9, 2280454.93, '2026-04-16 09:35:00', 'pending'),
(3, 17, 9, 405993.24, '2026-04-27 16:06:00', 'paid'),
(2, 18, 9, 1257308.35, '2026-05-09 16:28:00', 'paid'),
(1, 19, 9, 2302991.09, '2026-05-09 16:07:00', 'paid'),
(3, 20, 9, 4596610.37, '2026-05-25 09:09:00', 'paid'),
(2, 22, 9, 3047905.05, '2026-05-26 12:07:00', 'paid'),
(2, 23, 9, 668901.29, '2026-05-23 12:49:00', 'paid'),
(3, 24, 9, 2071633.07, '2026-05-29 13:55:00', 'pending'),
(1, 25, 9, 2280530.09, '2026-05-27 09:39:00', 'cancelled'),
(3, 26, 9, 2239237.91, '2026-06-05 12:40:00', 'pending'),
(2, 28, 9, 2390572.84, '2026-06-20 10:10:00', 'paid'),
(3, 30, 9, 533211.16, '2026-06-24 16:18:00', 'pending'),
(2, 32, 9, 3583283.69, '2026-07-16 10:43:00', 'cancelled'),
(2, 34, 9, 1948921.06, '2026-07-16 12:27:00', 'paid');

-- sales_order
INSERT INTO sales_order (order_id, customer_id, officer_id, order_date, status, discount_rate, tax_rate, discount_amount, tax_amount, total_amount, is_credit, credit_approved_by) VALUES
(1, 19, 5, '2026-01-16 14:21:00', 'completed', 5, 8, 1080.00, 1641.60, 22161.60, 0, NULL),
(2, 30, 5, '2026-01-18 13:51:00', 'completed', 0, 0, 0.00, 0.00, 162400.00, 0, NULL),
(3, 9, 4, '2026-01-19 12:38:00', 'completed', 10, 0, 17920.00, 0.00, 161280.00, 0, NULL),
(4, 20, 5, '2026-01-19 16:49:00', 'completed', 5, 8, 6880.00, 10457.60, 141177.60, 1, 4),
(5, 40, 4, '2026-01-20 10:55:00', 'completed', 10, 0, 16560.00, 0.00, 149040.00, 0, NULL),
(6, 10, 5, '2026-01-21 10:23:00', 'invoiced', 0, 0, 0.00, 0.00, 12600.00, 0, NULL),
(7, 20, 5, '2026-01-21 11:48:00', 'completed', 5, 0, 46305.00, 0.00, 879795.00, 1, 4),
(8, 33, 4, '2026-01-22 08:13:00', 'completed', 0, 0, 0.00, 0.00, 33400.00, 0, NULL),
(9, 20, 4, '2026-01-22 11:32:00', 'invoiced', 0, 0, 0.00, 0.00, 153600.00, 0, NULL),
(10, 36, 5, '2026-01-23 17:29:00', 'invoiced', 0, 0, 0.00, 0.00, 171100.00, 1, 4),
(11, 45, 5, '2026-01-24 10:04:00', 'invoiced', 7.50, 0, 23175.00, 0.00, 285825.00, 0, NULL),
(12, 33, 4, '2026-01-24 10:48:00', 'completed', 0, 0, 0.00, 0.00, 141800.00, 0, NULL),
(13, 49, 4, '2026-01-25 12:37:00', 'invoiced', 5, 0, 7980.00, 0.00, 151620.00, 0, NULL),
(14, 4, 5, '2026-01-26 09:39:00', 'completed', 5, 8, 675.00, 1026.00, 13851.00, 0, NULL),
(15, 39, 5, '2026-01-27 13:45:00', 'completed', 10, 0, 24340.00, 0.00, 219060.00, 0, NULL),
(16, 6, 4, '2026-01-27 08:50:00', 'cancelled', 7.50, 0, 35362.50, 0.00, 436137.50, 0, NULL),
(17, 41, 5, '2026-01-28 13:19:00', 'completed', 0, 0, 0.00, 0.00, 166400.00, 0, NULL),
(18, 42, 5, '2026-01-28 11:21:00', 'invoiced', 0, 0, 0.00, 0.00, 372100.00, 1, 5),
(19, 32, 4, '2026-01-29 17:08:00', 'completed', 0, 0, 0.00, 0.00, 45600.00, 1, NULL),
(20, 39, 5, '2026-01-31 15:39:00', 'completed', 0, 0, 0.00, 0.00, 150200.00, 0, NULL),
(21, 19, 5, '2026-01-31 10:52:00', 'completed', 5, 0, 14945.00, 0.00, 283955.00, 0, NULL),
(22, 13, 4, '2026-02-01 15:57:00', 'completed', 0, 0, 0.00, 0.00, 54500.00, 0, NULL),
(23, 33, 4, '2026-02-01 09:23:00', 'completed', 0, 0, 0.00, 0.00, 248700.00, 0, NULL),
(24, 15, 4, '2026-02-01 10:48:00', 'completed', 10, 0, 7240.00, 0.00, 65160.00, 0, NULL),
(25, 46, 5, '2026-02-02 11:26:00', 'completed', 0, 0, 0.00, 0.00, 47500.00, 1, 4),
(26, 41, 5, '2026-02-03 11:36:00', 'invoiced', 5, 0, 6355.00, 0.00, 120745.00, 0, NULL),
(27, 27, 4, '2026-02-04 16:01:00', 'completed', 5, 8, 1365.00, 2074.80, 28009.80, 0, NULL),
(28, 25, 5, '2026-02-05 09:49:00', 'cancelled', 0, 0, 0.00, 0.00, 193500.00, 0, NULL),
(29, 38, 5, '2026-02-08 15:02:00', 'completed', 0, 8, 0.00, 8448.00, 114048.00, 0, NULL),
(30, 19, 4, '2026-02-08 15:16:00', 'cancelled', 0, 8, 0.00, 4440.00, 59940.00, 1, NULL),
(31, 3, 4, '2026-02-08 14:21:00', 'invoiced', 10, 0, 17920.00, 0.00, 161280.00, 1, 5),
(32, 12, 5, '2026-02-09 10:34:00', 'completed', 0, 0, 0.00, 0.00, 384000.00, 0, NULL),
(33, 19, 5, '2026-02-09 13:39:00', 'completed', 5, 0, 15630.00, 0.00, 296970.00, 0, NULL),
(34, 28, 5, '2026-02-10 13:23:00', 'invoiced', 0, 0, 0.00, 0.00, 288100.00, 1, 5),
(35, 25, 4, '2026-02-10 11:07:00', 'completed', 0, 0, 0.00, 0.00, 635200.00, 0, NULL),
(36, 2, 4, '2026-02-12 15:12:00', 'completed', 0, 0, 0.00, 0.00, 227700.00, 0, NULL),
(37, 8, 4, '2026-02-12 12:54:00', 'completed', 5, 0, 17775.00, 0.00, 337725.00, 0, NULL),
(38, 11, 4, '2026-02-12 15:51:00', 'completed', 0, 0, 0.00, 0.00, 28800.00, 1, 4),
(39, 36, 4, '2026-02-12 16:22:00', 'completed', 5, 0, 18860.00, 0.00, 358340.00, 0, NULL),
(40, 9, 4, '2026-02-13 13:33:00', 'completed', 0, 0, 0.00, 0.00, 183300.00, 0, NULL),
(41, 19, 4, '2026-02-14 17:37:00', 'completed', 0, 0, 0.00, 0.00, 58500.00, 0, NULL),
(42, 10, 4, '2026-02-14 08:31:00', 'invoiced', 7.50, 0, 28275.00, 0.00, 348725.00, 0, NULL),
(43, 41, 5, '2026-02-14 11:21:00', 'completed', 5, 0, 6225.00, 0.00, 118275.00, 0, NULL),
(44, 39, 4, '2026-02-14 12:28:00', 'invoiced', 0, 0, 0.00, 0.00, 613600.00, 0, NULL),
(45, 16, 4, '2026-02-16 16:29:00', 'completed', 0, 0, 0.00, 0.00, 365000.00, 0, NULL),
(46, 32, 5, '2026-02-16 15:18:00', 'completed', 0, 0, 0.00, 0.00, 159300.00, 0, NULL),
(47, 35, 4, '2026-02-17 09:24:00', 'completed', 0, 0, 0.00, 0.00, 640800.00, 0, NULL),
(48, 33, 5, '2026-02-17 10:12:00', 'completed', 5, 0, 15320.00, 0.00, 291080.00, 0, NULL),
(49, 39, 5, '2026-02-17 14:39:00', 'completed', 10, 0, 10070.00, 0.00, 90630.00, 1, 5),
(50, 48, 5, '2026-02-18 14:37:00', 'completed', 0, 0, 0.00, 0.00, 143400.00, 0, NULL),
(51, 20, 4, '2026-02-18 09:12:00', 'completed', 0, 8, 0.00, 60728.00, 819828.00, 0, NULL),
(52, 2, 5, '2026-02-18 15:33:00', 'completed', 0, 0, 0.00, 0.00, 400600.00, 0, NULL),
(53, 25, 5, '2026-02-18 12:49:00', 'completed', 0, 0, 0.00, 0.00, 213300.00, 0, NULL),
(54, 19, 4, '2026-02-19 13:49:00', 'completed', 0, 8, 0.00, 11304.00, 152604.00, 0, NULL),
(55, 10, 5, '2026-02-20 16:17:00', 'cancelled', 7.50, 0, 4252.50, 0.00, 52447.50, 0, NULL),
(56, 36, 5, '2026-02-20 14:21:00', 'completed', 5, 0, 665.00, 0.00, 12635.00, 0, NULL),
(57, 46, 5, '2026-02-21 09:41:00', 'invoiced', 0, 0, 0.00, 0.00, 109200.00, 1, 4),
(58, 37, 4, '2026-02-22 12:56:00', 'invoiced', 10, 8, 20390.00, 14680.80, 198190.80, 0, NULL),
(59, 3, 4, '2026-02-22 11:51:00', 'completed', 10, 0, 10630.00, 0.00, 95670.00, 0, NULL),
(60, 8, 5, '2026-02-22 10:39:00', 'completed', 5, 8, 4025.00, 6118.00, 82593.00, 0, NULL),
(61, 41, 5, '2026-02-24 12:37:00', 'completed', 7.50, 8, 34455.00, 33995.60, 458940.60, 1, 4),
(62, 47, 4, '2026-02-27 12:23:00', 'completed', 7.50, 0, 27337.50, 0.00, 337162.50, 0, NULL),
(63, 40, 4, '2026-03-01 17:55:00', 'completed', 7.50, 0, 9990.00, 0.00, 123210.00, 1, 5),
(64, 6, 5, '2026-03-01 10:20:00', 'completed', 0, 0, 0.00, 0.00, 44400.00, 0, NULL),
(65, 34, 5, '2026-03-01 16:26:00', 'completed', 7.50, 0, 1732.50, 0.00, 21367.50, 0, NULL),
(66, 30, 4, '2026-03-05 08:27:00', 'completed', 7.50, 0, 2587.50, 0.00, 31912.50, 0, NULL),
(67, 23, 4, '2026-03-05 14:24:00', 'completed', 10, 0, 31460.00, 0.00, 283140.00, 0, NULL),
(68, 6, 4, '2026-03-07 11:15:00', 'completed', 5, 0, 15475.00, 0.00, 294025.00, 1, 4),
(69, 30, 5, '2026-03-08 17:43:00', 'completed', 0, 0, 0.00, 0.00, 250900.00, 0, NULL),
(70, 46, 4, '2026-03-09 17:20:00', 'completed', 0, 8, 0.00, 38120.00, 514620.00, 0, NULL),
(71, 37, 5, '2026-03-10 10:40:00', 'invoiced', 5, 0, 2470.00, 0.00, 46930.00, 0, NULL),
(72, 44, 5, '2026-03-11 10:48:00', 'completed', 5, 0, 11085.00, 0.00, 210615.00, 0, NULL),
(73, 35, 5, '2026-03-12 16:33:00', 'completed', 5, 8, 1080.00, 1641.60, 22161.60, 0, NULL),
(74, 9, 5, '2026-03-12 16:13:00', 'completed', 0, 8, 0.00, 42592.00, 574992.00, 0, NULL),
(75, 31, 4, '2026-03-13 11:44:00', 'completed', 7.50, 8, 2430.00, 2397.60, 32367.60, 0, NULL),
(76, 39, 4, '2026-03-13 13:32:00', 'completed', 5, 0, 5265.00, 0.00, 100035.00, 0, NULL),
(77, 32, 5, '2026-03-13 16:59:00', 'processing', 7.50, 0, 14205.00, 0.00, 175195.00, 0, NULL),
(78, 38, 5, '2026-03-14 15:29:00', 'completed', 0, 8, 0.00, 26304.00, 355104.00, 0, NULL),
(79, 11, 5, '2026-03-15 09:45:00', 'invoiced', 0, 0, 0.00, 0.00, 138200.00, 0, NULL),
(80, 10, 4, '2026-03-16 12:01:00', 'completed', 7.50, 0, 7147.50, 0.00, 88152.50, 1, 5),
(81, 33, 5, '2026-03-16 14:05:00', 'invoiced', 7.50, 0, 1102.50, 0.00, 13597.50, 1, 4),
(82, 24, 5, '2026-03-17 16:30:00', 'completed', 0, 0, 0.00, 0.00, 84000.00, 0, NULL),
(83, 4, 4, '2026-03-17 17:30:00', 'completed', 0, 8, 0.00, 12432.00, 167832.00, 0, NULL),
(84, 18, 4, '2026-03-17 14:59:00', 'completed', 10, 0, 27950.00, 0.00, 251550.00, 0, NULL),
(85, 5, 5, '2026-03-17 09:32:00', 'completed', 7.50, 0, 6022.50, 0.00, 74277.50, 0, NULL),
(86, 48, 5, '2026-03-19 11:22:00', 'completed', 7.50, 0, 9375.00, 0.00, 115625.00, 0, NULL),
(87, 36, 5, '2026-03-21 10:24:00', 'completed', 7.50, 0, 2250.00, 0.00, 27750.00, 0, NULL),
(88, 46, 4, '2026-03-21 16:32:00', 'completed', 0, 0, 0.00, 0.00, 121700.00, 1, 5),
(89, 27, 4, '2026-03-21 09:46:00', 'cancelled', 0, 0, 0.00, 0.00, 101500.00, 0, NULL),
(90, 36, 4, '2026-03-22 14:17:00', 'completed', 5, 0, 1650.00, 0.00, 31350.00, 0, NULL),
(91, 27, 5, '2026-03-24 08:25:00', 'completed', 5, 0, 4080.00, 0.00, 77520.00, 0, NULL),
(92, 22, 5, '2026-03-24 13:18:00', 'completed', 0, 0, 0.00, 0.00, 248800.00, 0, NULL),
(93, 48, 5, '2026-03-24 17:34:00', 'invoiced', 0, 0, 0.00, 0.00, 224000.00, 0, NULL),
(94, 12, 4, '2026-03-26 12:42:00', 'completed', 0, 0, 0.00, 0.00, 478500.00, 0, NULL),
(95, 10, 5, '2026-03-27 16:38:00', 'completed', 0, 8, 0.00, 22024.00, 297324.00, 0, NULL),
(96, 41, 4, '2026-03-27 14:06:00', 'completed', 10, 0, 26700.00, 0.00, 240300.00, 0, NULL),
(97, 1, 4, '2026-03-27 16:09:00', 'completed', 5, 0, 11190.00, 0.00, 212610.00, 0, NULL),
(98, 23, 4, '2026-03-27 11:33:00', 'completed', 0, 0, 0.00, 0.00, 172800.00, 0, NULL),
(99, 31, 5, '2026-03-28 10:59:00', 'completed', 7.50, 0, 5355.00, 0.00, 66045.00, 0, NULL),
(100, 48, 4, '2026-03-30 14:01:00', 'completed', 0, 0, 0.00, 0.00, 162600.00, 0, NULL),
(101, 48, 4, '2026-04-01 15:33:00', 'completed', 5, 0, 28875.00, 0.00, 548625.00, 1, 5),
(102, 41, 5, '2026-04-01 11:19:00', 'completed', 7.50, 0, 11985.00, 0.00, 147815.00, 0, NULL),
(103, 8, 4, '2026-04-01 10:35:00', 'completed', 5, 0, 9460.00, 0.00, 179740.00, 0, NULL),
(104, 11, 5, '2026-04-01 16:32:00', 'completed', 0, 0, 0.00, 0.00, 262700.00, 0, NULL),
(105, 42, 5, '2026-04-02 16:18:00', 'completed', 0, 0, 0.00, 0.00, 285000.00, 0, NULL),
(106, 11, 5, '2026-04-03 15:34:00', 'invoiced', 5, 8, 15900.00, 24168.00, 326268.00, 0, NULL),
(107, 14, 5, '2026-04-03 09:28:00', 'invoiced', 0, 8, 0.00, 23496.00, 317196.00, 0, NULL),
(108, 8, 4, '2026-04-03 17:34:00', 'invoiced', 5, 0, 12640.00, 0.00, 240160.00, 0, NULL),
(109, 11, 5, '2026-04-03 10:45:00', 'completed', 7.50, 0, 21907.50, 0.00, 270192.50, 0, NULL),
(110, 21, 4, '2026-04-05 09:25:00', 'completed', 0, 8, 0.00, 20496.00, 276696.00, 0, NULL),
(111, 33, 5, '2026-04-08 14:13:00', 'invoiced', 10, 8, 48380.00, 34833.60, 470253.60, 0, NULL),
(112, 28, 4, '2026-04-08 15:01:00', 'completed', 0, 0, 0.00, 0.00, 204800.00, 0, NULL),
(113, 8, 4, '2026-04-09 12:05:00', 'completed', 0, 8, 0.00, 12288.00, 165888.00, 0, NULL),
(114, 42, 5, '2026-04-09 14:41:00', 'completed', 7.50, 8, 14400.00, 14208.00, 191808.00, 0, NULL),
(115, 6, 4, '2026-04-09 13:52:00', 'cancelled', 7.50, 0, 14535.00, 0.00, 179265.00, 0, NULL),
(116, 8, 5, '2026-04-10 10:24:00', 'completed', 0, 8, 0.00, 2816.00, 38016.00, 0, NULL),
(117, 49, 4, '2026-04-11 09:08:00', 'completed', 10, 0, 29490.00, 0.00, 265410.00, 1, 4),
(118, 49, 4, '2026-04-12 17:18:00', 'completed', 0, 0, 0.00, 0.00, 191800.00, 0, NULL),
(119, 45, 4, '2026-04-14 11:31:00', 'completed', 5, 8, 4155.00, 6315.60, 85260.60, 0, NULL),
(120, 25, 4, '2026-04-16 17:26:00', 'completed', 0, 8, 0.00, 11200.00, 151200.00, 1, NULL),
(121, 24, 4, '2026-04-17 08:50:00', 'processing', 0, 0, 0.00, 0.00, 60000.00, 0, NULL),
(122, 26, 5, '2026-04-17 10:34:00', 'completed', 5, 0, 17130.00, 0.00, 325470.00, 0, NULL),
(123, 21, 5, '2026-04-17 09:29:00', 'invoiced', 0, 8, 0.00, 3488.00, 47088.00, 0, NULL),
(124, 40, 4, '2026-04-18 16:33:00', 'invoiced', 0, 8, 0.00, 2560.00, 34560.00, 0, NULL),
(125, 47, 5, '2026-04-18 16:04:00', 'completed', 0, 0, 0.00, 0.00, 19200.00, 0, NULL),
(126, 17, 4, '2026-04-19 09:14:00', 'completed', 7.50, 8, 14962.50, 14763.00, 199300.50, 1, NULL),
(127, 48, 4, '2026-04-19 08:35:00', 'cancelled', 0, 0, 0.00, 0.00, 134400.00, 0, NULL),
(128, 46, 5, '2026-04-19 11:51:00', 'completed', 7.50, 0, 26340.00, 0.00, 324860.00, 0, NULL),
(129, 34, 4, '2026-04-20 13:12:00', 'completed', 0, 0, 0.00, 0.00, 37500.00, 0, NULL),
(130, 19, 5, '2026-04-20 08:21:00', 'completed', 0, 8, 0.00, 33536.00, 452736.00, 0, NULL),
(131, 1, 5, '2026-04-20 16:26:00', 'invoiced', 0, 0, 0.00, 0.00, 259800.00, 1, 4),
(132, 45, 5, '2026-04-20 12:16:00', 'invoiced', 7.50, 0, 33600.00, 0.00, 414400.00, 0, NULL),
(133, 21, 5, '2026-04-21 09:09:00', 'invoiced', 0, 8, 0.00, 16320.00, 220320.00, 0, NULL),
(134, 7, 4, '2026-04-23 17:02:00', 'completed', 0, 0, 0.00, 0.00, 101400.00, 1, 4),
(135, 14, 5, '2026-04-23 15:35:00', 'invoiced', 0, 0, 0.00, 0.00, 210900.00, 0, NULL),
(136, 48, 4, '2026-04-23 13:43:00', 'completed', 0, 8, 0.00, 13528.00, 182628.00, 0, NULL),
(137, 41, 4, '2026-04-24 10:05:00', 'completed', 10, 0, 20400.00, 0.00, 183600.00, 0, NULL),
(138, 22, 4, '2026-04-25 14:11:00', 'cancelled', 5, 0, 2550.00, 0.00, 48450.00, 0, NULL),
(139, 23, 4, '2026-04-27 15:03:00', 'completed', 5, 8, 5865.00, 8914.80, 120349.80, 0, NULL),
(140, 6, 5, '2026-04-27 17:32:00', 'completed', 7.50, 0, 46065.00, 0.00, 568135.00, 0, NULL),
(141, 21, 5, '2026-04-27 13:49:00', 'completed', 7.50, 0, 4140.00, 0.00, 51060.00, 0, NULL),
(142, 38, 4, '2026-04-27 14:22:00', 'completed', 5, 8, 8455.00, 12851.60, 173496.60, 0, NULL),
(143, 12, 4, '2026-04-28 15:34:00', 'completed', 7.50, 8, 12075.00, 11914.00, 160839.00, 0, NULL),
(144, 20, 4, '2026-04-30 11:51:00', 'completed', 0, 8, 0.00, 1960.00, 26460.00, 0, NULL),
(145, 9, 5, '2026-04-30 09:23:00', 'invoiced', 7.50, 8, 10695.00, 10552.40, 142457.40, 0, NULL),
(146, 46, 5, '2026-05-02 12:08:00', 'completed', 0, 0, 0.00, 0.00, 456100.00, 0, NULL),
(147, 12, 4, '2026-05-02 13:20:00', 'processing', 0, 0, 0.00, 0.00, 437400.00, 0, NULL),
(148, 11, 4, '2026-05-03 09:46:00', 'completed', 7.50, 0, 16695.00, 0.00, 205905.00, 0, NULL),
(149, 1, 4, '2026-05-03 17:41:00', 'invoiced', 7.50, 8, 36060.00, 35579.20, 480319.20, 0, NULL),
(150, 49, 4, '2026-05-04 10:56:00', 'completed', 10, 0, 7350.00, 0.00, 66150.00, 0, NULL),
(151, 25, 4, '2026-05-05 17:56:00', 'completed', 5, 0, 1440.00, 0.00, 27360.00, 0, NULL),
(152, 28, 4, '2026-05-08 17:35:00', 'completed', 0, 0, 0.00, 0.00, 193200.00, 0, NULL),
(153, 32, 4, '2026-05-09 09:30:00', 'completed', 0, 0, 0.00, 0.00, 69000.00, 1, NULL),
(154, 8, 5, '2026-05-09 13:11:00', 'completed', 0, 8, 0.00, 2784.00, 37584.00, 0, NULL),
(155, 29, 4, '2026-05-09 09:42:00', 'completed', 7.50, 0, 9345.00, 0.00, 115255.00, 0, NULL),
(156, 23, 5, '2026-05-10 08:32:00', 'completed', 0, 8, 0.00, 15096.00, 203796.00, 0, NULL),
(157, 37, 4, '2026-05-11 09:05:00', 'invoiced', 7.50, 0, 29992.50, 0.00, 369907.50, 1, NULL),
(158, 25, 5, '2026-05-12 09:50:00', 'invoiced', 10, 0, 27720.00, 0.00, 249480.00, 0, NULL),
(159, 19, 5, '2026-05-12 14:02:00', 'completed', 5, 0, 13630.00, 0.00, 258970.00, 0, NULL),
(160, 26, 5, '2026-05-12 12:17:00', 'completed', 0, 8, 0.00, 2688.00, 36288.00, 0, NULL),
(161, 32, 4, '2026-05-12 15:48:00', 'completed', 0, 8, 0.00, 16672.00, 225072.00, 0, NULL),
(162, 34, 5, '2026-05-13 11:53:00', 'completed', 0, 8, 0.00, 336.00, 4536.00, 1, 5),
(163, 4, 4, '2026-05-14 09:43:00', 'cancelled', 5, 0, 15510.00, 0.00, 294690.00, 1, NULL),
(164, 2, 4, '2026-05-15 12:01:00', 'completed', 7.50, 0, 8190.00, 0.00, 101010.00, 1, NULL),
(165, 25, 4, '2026-05-16 08:30:00', 'completed', 10, 8, 29940.00, 21556.80, 291016.80, 0, NULL),
(166, 9, 4, '2026-05-17 16:52:00', 'completed', 0, 0, 0.00, 0.00, 287600.00, 0, NULL),
(167, 40, 5, '2026-05-18 12:16:00', 'completed', 10, 0, 21140.00, 0.00, 190260.00, 0, NULL),
(168, 42, 5, '2026-05-19 15:18:00', 'completed', 7.50, 0, 15000.00, 0.00, 185000.00, 0, NULL),
(169, 17, 5, '2026-05-19 16:11:00', 'invoiced', 0, 0, 0.00, 0.00, 391400.00, 0, NULL),
(170, 19, 4, '2026-05-21 12:26:00', 'invoiced', 0, 0, 0.00, 0.00, 161500.00, 0, NULL),
(171, 22, 5, '2026-05-21 16:19:00', 'completed', 0, 0, 0.00, 0.00, 381600.00, 0, NULL),
(172, 27, 4, '2026-05-22 10:20:00', 'completed', 7.50, 0, 12742.50, 0.00, 157157.50, 0, NULL),
(173, 41, 4, '2026-05-23 15:24:00', 'cancelled', 5, 0, 13210.00, 0.00, 250990.00, 0, NULL),
(174, 1, 4, '2026-05-24 10:06:00', 'invoiced', 7.50, 0, 11010.00, 0.00, 135790.00, 0, NULL),
(175, 25, 5, '2026-05-24 10:21:00', 'invoiced', 0, 8, 0.00, 2128.00, 28728.00, 0, NULL),
(176, 32, 5, '2026-05-27 13:45:00', 'completed', 5, 0, 7855.00, 0.00, 149245.00, 0, NULL),
(177, 42, 4, '2026-05-29 14:07:00', 'completed', 7.50, 0, 5925.00, 0.00, 73075.00, 0, NULL),
(178, 36, 5, '2026-05-30 10:26:00', 'completed', 0, 0, 0.00, 0.00, 81100.00, 0, NULL),
(179, 7, 4, '2026-05-31 08:35:00', 'invoiced', 7.50, 0, 10215.00, 0.00, 125985.00, 0, NULL),
(180, 32, 4, '2026-05-31 10:05:00', 'completed', 7.50, 0, 10800.00, 0.00, 133200.00, 0, NULL),
(181, 33, 4, '2026-06-02 10:55:00', 'completed', 5, 0, 1575.00, 0.00, 29925.00, 0, NULL),
(182, 3, 5, '2026-06-02 10:21:00', 'completed', 10, 0, 4450.00, 0.00, 40050.00, 0, NULL),
(183, 23, 5, '2026-06-03 14:44:00', 'completed', 5, 0, 16350.00, 0.00, 310650.00, 0, NULL),
(184, 31, 5, '2026-06-03 10:30:00', 'invoiced', 7.50, 0, 40770.00, 0.00, 502830.00, 1, 4),
(185, 32, 4, '2026-06-03 15:22:00', 'completed', 5, 0, 12945.00, 0.00, 245955.00, 1, 4),
(186, 43, 5, '2026-06-04 09:48:00', 'invoiced', 10, 8, 50640.00, 36460.80, 492220.80, 0, NULL),
(187, 32, 5, '2026-06-05 15:28:00', 'processing', 7.50, 0, 42705.00, 0.00, 526695.00, 1, 5),
(188, 21, 4, '2026-06-06 15:21:00', 'invoiced', 5, 0, 27840.00, 0.00, 528960.00, 1, 4),
(189, 24, 4, '2026-06-07 12:35:00', 'invoiced', 0, 0, 0.00, 0.00, 170500.00, 0, NULL),
(190, 34, 5, '2026-06-08 11:29:00', 'completed', 0, 8, 0.00, 3672.00, 49572.00, 1, 5),
(191, 13, 5, '2026-06-09 16:59:00', 'completed', 0, 0, 0.00, 0.00, 178700.00, 0, NULL),
(192, 28, 5, '2026-06-09 17:58:00', 'invoiced', 10, 0, 55390.00, 0.00, 498510.00, 0, NULL),
(193, 45, 4, '2026-06-11 13:45:00', 'processing', 0, 0, 0.00, 0.00, 242800.00, 0, NULL),
(194, 48, 4, '2026-06-12 09:48:00', 'completed', 7.50, 0, 45547.50, 0.00, 561752.50, 0, NULL),
(195, 23, 5, '2026-06-13 08:12:00', 'processing', 0, 0, 0.00, 0.00, 81700.00, 0, NULL),
(196, 18, 4, '2026-06-14 17:55:00', 'completed', 0, 0, 0.00, 0.00, 8400.00, 1, 5),
(197, 44, 4, '2026-06-14 12:12:00', 'completed', 10, 0, 51940.00, 0.00, 467460.00, 0, NULL),
(198, 40, 5, '2026-06-15 09:11:00', 'invoiced', 5, 8, 4125.00, 6270.00, 84645.00, 0, NULL),
(199, 12, 4, '2026-06-15 10:02:00', 'completed', 0, 0, 0.00, 0.00, 34500.00, 0, NULL),
(200, 10, 5, '2026-06-15 09:50:00', 'invoiced', 0, 0, 0.00, 0.00, 346300.00, 0, NULL);
INSERT INTO sales_order (order_id, customer_id, officer_id, order_date, status, discount_rate, tax_rate, discount_amount, tax_amount, total_amount, is_credit, credit_approved_by) VALUES
(201, 33, 4, '2026-06-15 08:07:00', 'completed', 10, 8, 32830.00, 23637.60, 319107.60, 1, 4),
(202, 43, 5, '2026-06-16 12:01:00', 'invoiced', 0, 0, 0.00, 0.00, 300100.00, 0, NULL),
(203, 34, 5, '2026-06-17 10:49:00', 'completed', 5, 8, 3375.00, 5130.00, 69255.00, 0, NULL),
(204, 35, 4, '2026-06-17 14:41:00', 'completed', 0, 8, 0.00, 1496.00, 20196.00, 0, NULL),
(205, 5, 4, '2026-06-17 09:36:00', 'cancelled', 0, 0, 0.00, 0.00, 96000.00, 0, NULL),
(206, 15, 5, '2026-06-20 17:02:00', 'completed', 5, 0, 16400.00, 0.00, 311600.00, 0, NULL),
(207, 45, 4, '2026-06-20 10:47:00', 'completed', 5, 0, 20460.00, 0.00, 388740.00, 0, NULL),
(208, 26, 5, '2026-06-20 11:47:00', 'completed', 5, 0, 30090.00, 0.00, 571710.00, 0, NULL),
(209, 48, 5, '2026-06-21 09:11:00', 'invoiced', 5, 0, 9025.00, 0.00, 171475.00, 0, NULL),
(210, 43, 4, '2026-06-22 17:31:00', 'processing', 0, 0, 0.00, 0.00, 135600.00, 0, NULL),
(211, 22, 5, '2026-06-22 13:27:00', 'completed', 5, 0, 5690.00, 0.00, 108110.00, 1, 4),
(212, 11, 4, '2026-06-23 13:49:00', 'invoiced', 10, 0, 23530.00, 0.00, 211770.00, 0, NULL),
(213, 20, 5, '2026-06-23 17:37:00', 'completed', 7.50, 0, 9247.50, 0.00, 114052.50, 0, NULL),
(214, 26, 4, '2026-06-24 13:32:00', 'completed', 5, 0, 20150.00, 0.00, 382850.00, 0, NULL),
(215, 1, 4, '2026-06-25 17:42:00', 'processing', 5, 0, 455.00, 0.00, 8645.00, 0, NULL),
(216, 10, 5, '2026-06-25 16:58:00', 'completed', 0, 0, 0.00, 0.00, 193200.00, 0, NULL),
(217, 24, 5, '2026-06-27 14:23:00', 'invoiced', 5, 0, 14190.00, 0.00, 269610.00, 1, NULL),
(218, 38, 4, '2026-06-27 10:28:00', 'invoiced', 10, 0, 24360.00, 0.00, 219240.00, 0, NULL),
(219, 11, 4, '2026-06-27 13:46:00', 'invoiced', 7.50, 0, 5040.00, 0.00, 62160.00, 0, NULL),
(220, 8, 5, '2026-06-28 10:40:00', 'invoiced', 0, 0, 0.00, 0.00, 66900.00, 0, NULL),
(221, 33, 4, '2026-06-28 15:55:00', 'completed', 0, 0, 0.00, 0.00, 231000.00, 1, NULL),
(222, 31, 4, '2026-06-28 09:14:00', 'invoiced', 10, 0, 18990.00, 0.00, 170910.00, 1, 4),
(223, 25, 5, '2026-06-29 10:57:00', 'completed', 7.50, 0, 50482.50, 0.00, 622617.50, 0, NULL),
(224, 39, 4, '2026-06-29 14:22:00', 'processing', 0, 8, 0.00, 39808.00, 537408.00, 0, NULL),
(225, 38, 4, '2026-06-30 11:44:00', 'completed', 0, 0, 0.00, 0.00, 463200.00, 0, NULL),
(226, 21, 5, '2026-06-30 14:48:00', 'completed', 5, 0, 1920.00, 0.00, 36480.00, 0, NULL),
(227, 14, 5, '2026-06-30 10:54:00', 'invoiced', 7.50, 0, 3037.50, 0.00, 37462.50, 1, 5),
(228, 43, 4, '2026-07-01 16:39:00', 'invoiced', 5, 0, 4995.00, 0.00, 94905.00, 0, NULL),
(229, 45, 4, '2026-07-02 08:46:00', 'pending', 0, 0, 0.00, 0.00, 267300.00, 1, 4),
(230, 25, 5, '2026-07-03 16:18:00', 'invoiced', 0, 0, 0.00, 0.00, 337500.00, 0, NULL),
(231, 13, 4, '2026-07-03 12:49:00', 'invoiced', 10, 0, 20600.00, 0.00, 185400.00, 0, NULL),
(232, 26, 5, '2026-07-03 16:58:00', 'invoiced', 5, 0, 6000.00, 0.00, 114000.00, 0, NULL),
(233, 38, 5, '2026-07-04 13:07:00', 'processing', 5, 0, 26775.00, 0.00, 508725.00, 0, NULL),
(234, 33, 5, '2026-07-04 15:07:00', 'processing', 10, 8, 54460.00, 39211.20, 529351.20, 0, NULL),
(235, 17, 4, '2026-07-06 12:05:00', 'processing', 7.50, 0, 17047.50, 0.00, 210252.50, 0, NULL),
(236, 26, 5, '2026-07-07 11:55:00', 'pending', 7.50, 0, 34447.50, 0.00, 424852.50, 0, NULL),
(237, 17, 4, '2026-07-07 16:02:00', 'processing', 5, 8, 3760.00, 5715.20, 77155.20, 0, NULL),
(238, 31, 5, '2026-07-07 08:33:00', 'invoiced', 0, 0, 0.00, 0.00, 645900.00, 0, NULL),
(239, 28, 5, '2026-07-07 11:24:00', 'completed', 7.50, 0, 39960.00, 0.00, 492840.00, 0, NULL),
(240, 38, 4, '2026-07-08 11:26:00', 'invoiced', 0, 0, 0.00, 0.00, 357900.00, 0, NULL),
(241, 45, 5, '2026-07-08 11:09:00', 'invoiced', 5, 8, 8810.00, 13391.20, 180781.20, 0, NULL),
(242, 48, 4, '2026-07-09 12:16:00', 'pending', 7.50, 8, 2047.50, 2020.20, 27272.70, 0, NULL),
(243, 36, 4, '2026-07-10 12:22:00', 'processing', 0, 0, 0.00, 0.00, 139900.00, 1, NULL),
(244, 2, 5, '2026-07-10 13:43:00', 'processing', 10, 0, 1920.00, 0.00, 17280.00, 0, NULL),
(245, 33, 5, '2026-07-10 09:05:00', 'pending', 5, 0, 23045.00, 0.00, 437855.00, 1, 5),
(246, 11, 5, '2026-07-11 13:47:00', 'pending', 10, 8, 17600.00, 12672.00, 171072.00, 0, NULL),
(247, 38, 5, '2026-07-11 14:33:00', 'pending', 5, 0, 13585.00, 0.00, 258115.00, 1, 5),
(248, 49, 4, '2026-07-13 10:01:00', 'processing', 5, 0, 7845.00, 0.00, 149055.00, 1, NULL),
(249, 3, 5, '2026-07-14 12:58:00', 'pending', 5, 0, 31650.00, 0.00, 601350.00, 0, NULL),
(250, 23, 5, '2026-07-14 10:22:00', 'processing', 0, 8, 0.00, 15808.00, 213408.00, 0, NULL);

-- order_item
INSERT INTO order_item (order_id, product_id, quantity, unit_price, line_total) VALUES
(1, 18, 18, 1200.00, 21600.00),
(2, 12, 9, 5600.00, 50400.00),
(2, 5, 10, 6400.00, 64000.00),
(2, 16, 10, 4800.00, 48000.00),
(3, 12, 32, 5600.00, 179200.00),
(4, 18, 12, 1200.00, 14400.00),
(4, 12, 22, 5600.00, 123200.00),
(5, 9, 24, 6900.00, 165600.00),
(6, 17, 18, 700.00, 12600.00),
(7, 2, 33, 8900.00, 293700.00),
(7, 3, 32, 12000.00, 384000.00),
(7, 9, 36, 6900.00, 248400.00),
(8, 17, 7, 700.00, 4900.00),
(8, 10, 19, 1500.00, 28500.00),
(9, 16, 32, 4800.00, 153600.00),
(10, 14, 23, 1700.00, 39100.00),
(10, 13, 12, 8000.00, 96000.00),
(10, 18, 30, 1200.00, 36000.00),
(11, 17, 30, 700.00, 21000.00),
(11, 3, 24, 12000.00, 288000.00),
(12, 5, 11, 6400.00, 70400.00),
(12, 8, 14, 5100.00, 71400.00),
(13, 15, 14, 2700.00, 37800.00),
(13, 11, 33, 3500.00, 115500.00),
(13, 17, 9, 700.00, 6300.00),
(14, 10, 9, 1500.00, 13500.00),
(15, 15, 35, 2700.00, 94500.00),
(15, 7, 37, 2700.00, 99900.00),
(15, 11, 14, 3500.00, 49000.00),
(16, 17, 28, 700.00, 19600.00),
(16, 18, 23, 1200.00, 27600.00),
(16, 6, 29, 9500.00, 275500.00),
(16, 16, 31, 4800.00, 148800.00),
(17, 5, 26, 6400.00, 166400.00),
(18, 17, 37, 700.00, 25900.00),
(18, 3, 28, 12000.00, 336000.00),
(18, 14, 6, 1700.00, 10200.00),
(19, 18, 38, 1200.00, 45600.00),
(20, 6, 7, 9500.00, 66500.00),
(20, 15, 31, 2700.00, 83700.00),
(21, 7, 34, 2700.00, 91800.00),
(21, 12, 23, 5600.00, 128800.00),
(21, 15, 29, 2700.00, 78300.00),
(22, 4, 12, 3200.00, 38400.00),
(22, 17, 23, 700.00, 16100.00),
(23, 12, 8, 5600.00, 44800.00),
(23, 1, 30, 4700.00, 141000.00),
(23, 14, 37, 1700.00, 62900.00),
(24, 5, 7, 6400.00, 44800.00),
(24, 18, 23, 1200.00, 27600.00),
(25, 17, 12, 700.00, 8400.00),
(25, 14, 23, 1700.00, 39100.00),
(26, 17, 14, 700.00, 9800.00),
(26, 8, 23, 5100.00, 117300.00),
(27, 17, 39, 700.00, 27300.00),
(28, 1, 9, 4700.00, 42300.00),
(28, 12, 27, 5600.00, 151200.00),
(29, 15, 16, 2700.00, 43200.00),
(29, 16, 13, 4800.00, 62400.00),
(30, 10, 37, 1500.00, 55500.00),
(31, 12, 32, 5600.00, 179200.00),
(32, 3, 32, 12000.00, 384000.00),
(33, 14, 33, 1700.00, 56100.00),
(33, 6, 27, 9500.00, 256500.00),
(34, 6, 14, 9500.00, 133000.00),
(34, 1, 33, 4700.00, 155100.00),
(35, 3, 38, 12000.00, 456000.00),
(35, 5, 28, 6400.00, 179200.00),
(36, 9, 33, 6900.00, 227700.00),
(37, 3, 27, 12000.00, 324000.00),
(37, 11, 9, 3500.00, 31500.00),
(38, 16, 6, 4800.00, 28800.00),
(39, 16, 31, 4800.00, 148800.00),
(39, 17, 9, 700.00, 6300.00),
(39, 14, 13, 1700.00, 22100.00),
(39, 13, 25, 8000.00, 200000.00),
(40, 4, 24, 3200.00, 76800.00),
(40, 17, 15, 700.00, 10500.00),
(40, 5, 15, 6400.00, 96000.00),
(41, 10, 39, 1500.00, 58500.00),
(42, 2, 7, 8900.00, 62300.00),
(42, 1, 21, 4700.00, 98700.00),
(42, 3, 18, 12000.00, 216000.00),
(43, 13, 9, 8000.00, 72000.00),
(43, 10, 8, 1500.00, 12000.00),
(43, 15, 15, 2700.00, 40500.00),
(44, 13, 37, 8000.00, 296000.00),
(44, 5, 40, 6400.00, 256000.00),
(44, 12, 11, 5600.00, 61600.00),
(45, 8, 25, 5100.00, 127500.00),
(45, 6, 25, 9500.00, 237500.00),
(46, 8, 27, 5100.00, 137700.00),
(46, 7, 8, 2700.00, 21600.00),
(47, 13, 30, 8000.00, 240000.00),
(47, 12, 8, 5600.00, 44800.00),
(47, 2, 40, 8900.00, 356000.00),
(48, 4, 30, 3200.00, 96000.00),
(48, 5, 28, 6400.00, 179200.00),
(48, 18, 26, 1200.00, 31200.00),
(49, 5, 13, 6400.00, 83200.00),
(49, 17, 25, 700.00, 17500.00),
(50, 10, 6, 1500.00, 9000.00),
(50, 16, 28, 4800.00, 134400.00),
(51, 8, 38, 5100.00, 193800.00),
(51, 2, 29, 8900.00, 258100.00),
(51, 16, 14, 4800.00, 67200.00),
(51, 3, 20, 12000.00, 240000.00),
(52, 16, 13, 4800.00, 62400.00),
(52, 2, 38, 8900.00, 338200.00),
(53, 9, 17, 6900.00, 117300.00),
(53, 16, 20, 4800.00, 96000.00),
(54, 9, 12, 6900.00, 82800.00),
(54, 10, 39, 1500.00, 58500.00),
(55, 15, 21, 2700.00, 56700.00),
(56, 17, 19, 700.00, 13300.00),
(57, 16, 17, 4800.00, 81600.00),
(57, 18, 23, 1200.00, 27600.00),
(58, 6, 7, 9500.00, 66500.00),
(58, 14, 30, 1700.00, 51000.00),
(58, 18, 36, 1200.00, 43200.00),
(58, 15, 16, 2700.00, 43200.00),
(59, 15, 36, 2700.00, 97200.00),
(59, 17, 13, 700.00, 9100.00),
(60, 11, 23, 3500.00, 80500.00),
(61, 16, 21, 4800.00, 100800.00),
(61, 11, 29, 3500.00, 101500.00),
(61, 8, 20, 5100.00, 102000.00),
(61, 1, 33, 4700.00, 155100.00),
(62, 15, 30, 2700.00, 81000.00),
(62, 10, 37, 1500.00, 55500.00),
(62, 6, 24, 9500.00, 228000.00),
(63, 18, 39, 1200.00, 46800.00),
(63, 16, 18, 4800.00, 86400.00),
(64, 18, 37, 1200.00, 44400.00),
(65, 17, 33, 700.00, 23100.00),
(66, 9, 5, 6900.00, 34500.00),
(67, 16, 16, 4800.00, 76800.00),
(67, 2, 13, 8900.00, 115700.00),
(67, 10, 31, 1500.00, 46500.00),
(67, 7, 28, 2700.00, 75600.00),
(68, 8, 24, 5100.00, 122400.00),
(68, 1, 34, 4700.00, 159800.00),
(68, 17, 39, 700.00, 27300.00),
(69, 2, 20, 8900.00, 178000.00),
(69, 14, 18, 1700.00, 30600.00),
(69, 1, 9, 4700.00, 42300.00),
(70, 2, 37, 8900.00, 329300.00),
(70, 5, 23, 6400.00, 147200.00),
(71, 14, 22, 1700.00, 37400.00),
(71, 10, 8, 1500.00, 12000.00),
(72, 13, 25, 8000.00, 200000.00),
(72, 17, 31, 700.00, 21700.00),
(73, 15, 8, 2700.00, 21600.00),
(74, 12, 22, 5600.00, 123200.00),
(74, 3, 29, 12000.00, 348000.00),
(74, 7, 7, 2700.00, 18900.00),
(74, 1, 9, 4700.00, 42300.00),
(75, 7, 12, 2700.00, 32400.00),
(76, 15, 39, 2700.00, 105300.00),
(77, 7, 31, 2700.00, 83700.00),
(77, 12, 7, 5600.00, 39200.00),
(77, 11, 19, 3500.00, 66500.00),
(78, 8, 40, 5100.00, 204000.00),
(78, 16, 26, 4800.00, 124800.00),
(79, 18, 9, 1200.00, 10800.00),
(79, 2, 8, 8900.00, 71200.00),
(79, 17, 5, 700.00, 3500.00),
(79, 14, 31, 1700.00, 52700.00),
(80, 1, 5, 4700.00, 23500.00),
(80, 18, 6, 1200.00, 7200.00),
(80, 14, 38, 1700.00, 64600.00),
(81, 17, 21, 700.00, 14700.00),
(82, 3, 7, 12000.00, 84000.00),
(83, 11, 38, 3500.00, 133000.00),
(83, 4, 7, 3200.00, 22400.00),
(84, 2, 25, 8900.00, 222500.00),
(84, 6, 6, 9500.00, 57000.00),
(85, 18, 29, 1200.00, 34800.00),
(85, 11, 13, 3500.00, 45500.00),
(86, 13, 6, 8000.00, 48000.00),
(86, 11, 22, 3500.00, 77000.00),
(87, 10, 20, 1500.00, 30000.00),
(88, 9, 13, 6900.00, 89700.00),
(88, 4, 10, 3200.00, 32000.00),
(89, 11, 29, 3500.00, 101500.00),
(90, 10, 22, 1500.00, 33000.00),
(91, 16, 17, 4800.00, 81600.00),
(92, 5, 17, 6400.00, 108800.00),
(92, 10, 35, 1500.00, 52500.00),
(92, 11, 25, 3500.00, 87500.00),
(93, 13, 28, 8000.00, 224000.00),
(94, 10, 31, 1500.00, 46500.00),
(94, 3, 36, 12000.00, 432000.00),
(95, 13, 31, 8000.00, 248000.00),
(95, 17, 39, 700.00, 27300.00),
(96, 2, 30, 8900.00, 267000.00),
(97, 8, 28, 5100.00, 142800.00),
(97, 15, 30, 2700.00, 81000.00),
(98, 5, 27, 6400.00, 172800.00),
(99, 10, 12, 1500.00, 18000.00);
INSERT INTO order_item (order_id, product_id, quantity, unit_price, line_total) VALUES
(99, 2, 6, 8900.00, 53400.00),
(100, 15, 30, 2700.00, 81000.00),
(100, 8, 16, 5100.00, 81600.00),
(101, 3, 28, 12000.00, 336000.00),
(101, 4, 25, 3200.00, 80000.00),
(101, 6, 17, 9500.00, 161500.00),
(102, 15, 24, 2700.00, 64800.00),
(102, 6, 10, 9500.00, 95000.00),
(103, 13, 16, 8000.00, 128000.00),
(103, 14, 36, 1700.00, 61200.00),
(104, 12, 36, 5600.00, 201600.00),
(104, 1, 13, 4700.00, 61100.00),
(105, 6, 6, 9500.00, 57000.00),
(105, 3, 19, 12000.00, 228000.00),
(106, 4, 39, 3200.00, 124800.00),
(106, 9, 28, 6900.00, 193200.00),
(107, 2, 33, 8900.00, 293700.00),
(108, 14, 18, 1700.00, 30600.00),
(108, 6, 18, 9500.00, 171000.00),
(108, 5, 8, 6400.00, 51200.00),
(109, 17, 31, 700.00, 21700.00),
(109, 4, 8, 3200.00, 25600.00),
(109, 5, 22, 6400.00, 140800.00),
(109, 13, 13, 8000.00, 104000.00),
(110, 9, 29, 6900.00, 200100.00),
(110, 14, 33, 1700.00, 56100.00),
(111, 1, 34, 4700.00, 159800.00),
(111, 3, 27, 12000.00, 324000.00),
(112, 5, 26, 6400.00, 166400.00),
(112, 16, 8, 4800.00, 38400.00),
(113, 5, 24, 6400.00, 153600.00),
(114, 13, 24, 8000.00, 192000.00),
(115, 8, 38, 5100.00, 193800.00),
(116, 4, 11, 3200.00, 35200.00),
(117, 7, 31, 2700.00, 83700.00),
(117, 5, 33, 6400.00, 211200.00),
(118, 5, 22, 6400.00, 140800.00),
(118, 8, 10, 5100.00, 51000.00),
(119, 17, 30, 700.00, 21000.00),
(119, 7, 23, 2700.00, 62100.00),
(120, 12, 25, 5600.00, 140000.00),
(121, 3, 5, 12000.00, 60000.00),
(122, 3, 10, 12000.00, 120000.00),
(122, 5, 24, 6400.00, 153600.00),
(122, 9, 10, 6900.00, 69000.00),
(123, 10, 20, 1500.00, 30000.00),
(123, 14, 8, 1700.00, 13600.00),
(124, 5, 5, 6400.00, 32000.00),
(125, 4, 6, 3200.00, 19200.00),
(126, 6, 21, 9500.00, 199500.00),
(127, 16, 28, 4800.00, 134400.00),
(128, 3, 12, 12000.00, 144000.00),
(128, 12, 37, 5600.00, 207200.00),
(129, 10, 25, 1500.00, 37500.00),
(130, 7, 31, 2700.00, 83700.00),
(130, 8, 6, 5100.00, 30600.00),
(130, 5, 19, 6400.00, 121600.00),
(130, 1, 39, 4700.00, 183300.00),
(131, 2, 22, 8900.00, 195800.00),
(131, 5, 10, 6400.00, 64000.00),
(132, 13, 8, 8000.00, 64000.00),
(132, 3, 32, 12000.00, 384000.00),
(133, 3, 17, 12000.00, 204000.00),
(134, 15, 12, 2700.00, 32400.00),
(134, 9, 10, 6900.00, 69000.00),
(135, 2, 21, 8900.00, 186900.00),
(135, 10, 16, 1500.00, 24000.00),
(136, 2, 19, 8900.00, 169100.00),
(137, 3, 17, 12000.00, 204000.00),
(138, 14, 30, 1700.00, 51000.00),
(139, 8, 23, 5100.00, 117300.00),
(140, 8, 27, 5100.00, 137700.00),
(140, 1, 35, 4700.00, 164500.00),
(140, 13, 39, 8000.00, 312000.00),
(141, 9, 8, 6900.00, 55200.00),
(142, 2, 19, 8900.00, 169100.00),
(143, 1, 14, 4700.00, 65800.00),
(143, 12, 17, 5600.00, 95200.00),
(144, 17, 35, 700.00, 24500.00),
(145, 1, 14, 4700.00, 65800.00),
(145, 5, 12, 6400.00, 76800.00),
(146, 14, 40, 1700.00, 68000.00),
(146, 16, 27, 4800.00, 129600.00),
(146, 11, 19, 3500.00, 66500.00),
(146, 3, 16, 12000.00, 192000.00),
(147, 2, 19, 8900.00, 169100.00),
(147, 6, 11, 9500.00, 104500.00),
(147, 11, 36, 3500.00, 126000.00),
(147, 15, 14, 2700.00, 37800.00),
(148, 1, 18, 4700.00, 84600.00),
(148, 9, 20, 6900.00, 138000.00),
(149, 16, 39, 4800.00, 187200.00),
(149, 13, 29, 8000.00, 232000.00),
(149, 12, 11, 5600.00, 61600.00),
(150, 11, 21, 3500.00, 73500.00),
(151, 16, 6, 4800.00, 28800.00),
(152, 18, 23, 1200.00, 27600.00),
(152, 9, 24, 6900.00, 165600.00),
(153, 16, 11, 4800.00, 52800.00),
(153, 7, 6, 2700.00, 16200.00),
(154, 18, 29, 1200.00, 34800.00),
(155, 2, 14, 8900.00, 124600.00),
(156, 17, 20, 700.00, 14000.00),
(156, 14, 35, 1700.00, 59500.00),
(156, 16, 24, 4800.00, 115200.00),
(157, 7, 10, 2700.00, 27000.00),
(157, 5, 32, 6400.00, 204800.00),
(157, 2, 17, 8900.00, 151300.00),
(157, 18, 14, 1200.00, 16800.00),
(158, 1, 31, 4700.00, 145700.00),
(158, 17, 14, 700.00, 9800.00),
(158, 14, 14, 1700.00, 23800.00),
(158, 2, 11, 8900.00, 97900.00),
(159, 16, 16, 4800.00, 76800.00),
(159, 2, 22, 8900.00, 195800.00),
(160, 12, 6, 5600.00, 33600.00),
(161, 11, 10, 3500.00, 35000.00),
(161, 9, 17, 6900.00, 117300.00),
(161, 14, 33, 1700.00, 56100.00),
(162, 17, 6, 700.00, 4200.00),
(163, 7, 28, 2700.00, 75600.00),
(163, 9, 34, 6900.00, 234600.00),
(164, 12, 15, 5600.00, 84000.00),
(164, 18, 21, 1200.00, 25200.00),
(165, 8, 31, 5100.00, 158100.00),
(165, 7, 37, 2700.00, 99900.00),
(165, 9, 6, 6900.00, 41400.00),
(166, 10, 29, 1500.00, 43500.00),
(166, 9, 27, 6900.00, 186300.00),
(166, 14, 34, 1700.00, 57800.00),
(167, 12, 11, 5600.00, 61600.00),
(167, 10, 35, 1500.00, 52500.00),
(167, 17, 9, 700.00, 6300.00),
(167, 11, 26, 3500.00, 91000.00),
(168, 13, 25, 8000.00, 200000.00),
(169, 7, 39, 2700.00, 105300.00),
(169, 11, 35, 3500.00, 122500.00),
(169, 8, 27, 5100.00, 137700.00),
(169, 17, 37, 700.00, 25900.00),
(170, 6, 10, 9500.00, 95000.00),
(170, 11, 19, 3500.00, 66500.00),
(171, 3, 17, 12000.00, 204000.00),
(171, 16, 37, 4800.00, 177600.00),
(172, 15, 25, 2700.00, 67500.00),
(172, 5, 16, 6400.00, 102400.00),
(173, 6, 10, 9500.00, 95000.00),
(173, 18, 13, 1200.00, 15600.00),
(173, 16, 32, 4800.00, 153600.00),
(174, 17, 5, 700.00, 3500.00),
(174, 7, 20, 2700.00, 54000.00),
(174, 1, 19, 4700.00, 89300.00),
(175, 17, 38, 700.00, 26600.00),
(176, 1, 13, 4700.00, 61100.00),
(176, 8, 18, 5100.00, 91800.00),
(176, 17, 6, 700.00, 4200.00),
(177, 2, 6, 8900.00, 53400.00),
(177, 4, 8, 3200.00, 25600.00),
(178, 10, 11, 1500.00, 16500.00),
(178, 14, 38, 1700.00, 64600.00),
(179, 9, 17, 6900.00, 117300.00),
(179, 17, 27, 700.00, 18900.00),
(180, 3, 12, 12000.00, 144000.00),
(181, 10, 21, 1500.00, 31500.00),
(182, 2, 5, 8900.00, 44500.00),
(183, 11, 12, 3500.00, 42000.00),
(183, 6, 30, 9500.00, 285000.00),
(184, 6, 35, 9500.00, 332500.00),
(184, 4, 33, 3200.00, 105600.00),
(184, 14, 16, 1700.00, 27200.00),
(184, 15, 29, 2700.00, 78300.00),
(185, 17, 38, 700.00, 26600.00),
(185, 8, 38, 5100.00, 193800.00),
(185, 11, 11, 3500.00, 38500.00),
(186, 1, 37, 4700.00, 173900.00),
(186, 6, 35, 9500.00, 332500.00),
(187, 8, 34, 5100.00, 173400.00),
(187, 3, 33, 12000.00, 396000.00),
(188, 1, 24, 4700.00, 112800.00),
(188, 3, 37, 12000.00, 444000.00),
(189, 16, 12, 4800.00, 57600.00),
(189, 12, 11, 5600.00, 61600.00),
(189, 15, 19, 2700.00, 51300.00),
(190, 7, 17, 2700.00, 45900.00),
(191, 4, 37, 3200.00, 118400.00),
(191, 15, 13, 2700.00, 35100.00),
(191, 17, 36, 700.00, 25200.00),
(192, 6, 29, 9500.00, 275500.00),
(192, 5, 25, 6400.00, 160000.00),
(192, 4, 37, 3200.00, 118400.00),
(193, 5, 31, 6400.00, 198400.00),
(193, 18, 37, 1200.00, 44400.00),
(194, 5, 37, 6400.00, 236800.00),
(194, 6, 39, 9500.00, 370500.00),
(195, 18, 5, 1200.00, 6000.00),
(195, 10, 38, 1500.00, 57000.00),
(195, 14, 11, 1700.00, 18700.00),
(196, 18, 7, 1200.00, 8400.00),
(197, 10, 29, 1500.00, 43500.00),
(197, 2, 31, 8900.00, 275900.00),
(197, 13, 25, 8000.00, 200000.00);
INSERT INTO order_item (order_id, product_id, quantity, unit_price, line_total) VALUES
(198, 18, 17, 1200.00, 20400.00),
(198, 7, 23, 2700.00, 62100.00),
(199, 9, 5, 6900.00, 34500.00),
(200, 10, 9, 1500.00, 13500.00),
(200, 16, 25, 4800.00, 120000.00),
(200, 12, 38, 5600.00, 212800.00),
(201, 11, 18, 3500.00, 63000.00),
(201, 12, 38, 5600.00, 212800.00),
(201, 10, 35, 1500.00, 52500.00),
(202, 2, 29, 8900.00, 258100.00),
(202, 11, 12, 3500.00, 42000.00),
(203, 7, 25, 2700.00, 67500.00),
(204, 14, 11, 1700.00, 18700.00),
(205, 3, 8, 12000.00, 96000.00),
(206, 13, 39, 8000.00, 312000.00),
(206, 4, 5, 3200.00, 16000.00),
(207, 3, 29, 12000.00, 348000.00),
(207, 10, 30, 1500.00, 45000.00),
(207, 15, 6, 2700.00, 16200.00),
(208, 12, 7, 5600.00, 39200.00),
(208, 1, 5, 4700.00, 23500.00),
(208, 5, 30, 6400.00, 192000.00),
(208, 2, 39, 8900.00, 347100.00),
(209, 6, 19, 9500.00, 180500.00),
(210, 18, 23, 1200.00, 27600.00),
(210, 3, 9, 12000.00, 108000.00),
(211, 15, 24, 2700.00, 64800.00),
(211, 11, 14, 3500.00, 49000.00),
(212, 9, 13, 6900.00, 89700.00),
(212, 12, 26, 5600.00, 145600.00),
(213, 5, 9, 6400.00, 57600.00),
(213, 7, 9, 2700.00, 24300.00),
(213, 9, 6, 6900.00, 41400.00),
(214, 16, 19, 4800.00, 91200.00),
(214, 5, 23, 6400.00, 147200.00),
(214, 12, 13, 5600.00, 72800.00),
(214, 7, 34, 2700.00, 91800.00),
(215, 17, 13, 700.00, 9100.00),
(216, 9, 28, 6900.00, 193200.00),
(217, 17, 21, 700.00, 14700.00),
(217, 9, 39, 6900.00, 269100.00),
(218, 12, 36, 5600.00, 201600.00),
(218, 18, 35, 1200.00, 42000.00),
(219, 12, 12, 5600.00, 67200.00),
(220, 14, 20, 1700.00, 34000.00),
(220, 1, 7, 4700.00, 32900.00),
(221, 13, 23, 8000.00, 184000.00),
(221, 1, 10, 4700.00, 47000.00),
(222, 17, 15, 700.00, 10500.00),
(222, 9, 26, 6900.00, 179400.00),
(223, 14, 35, 1700.00, 59500.00),
(223, 5, 7, 6400.00, 44800.00),
(223, 4, 39, 3200.00, 124800.00),
(223, 3, 37, 12000.00, 444000.00),
(224, 12, 38, 5600.00, 212800.00),
(224, 2, 32, 8900.00, 284800.00),
(225, 3, 17, 12000.00, 204000.00),
(225, 10, 5, 1500.00, 7500.00),
(225, 14, 5, 1700.00, 8500.00),
(225, 5, 38, 6400.00, 243200.00),
(226, 18, 32, 1200.00, 38400.00),
(227, 10, 27, 1500.00, 40500.00),
(228, 7, 37, 2700.00, 99900.00),
(229, 14, 9, 1700.00, 15300.00),
(229, 3, 21, 12000.00, 252000.00),
(230, 6, 33, 9500.00, 313500.00),
(230, 16, 5, 4800.00, 24000.00),
(231, 2, 20, 8900.00, 178000.00),
(231, 12, 5, 5600.00, 28000.00),
(232, 3, 10, 12000.00, 120000.00),
(233, 15, 16, 2700.00, 43200.00),
(233, 13, 31, 8000.00, 248000.00),
(233, 1, 37, 4700.00, 173900.00),
(233, 5, 11, 6400.00, 70400.00),
(234, 13, 26, 8000.00, 208000.00),
(234, 16, 34, 4800.00, 163200.00),
(234, 8, 34, 5100.00, 173400.00),
(235, 11, 38, 3500.00, 133000.00),
(235, 14, 39, 1700.00, 66300.00),
(235, 12, 5, 5600.00, 28000.00),
(236, 9, 17, 6900.00, 117300.00),
(236, 6, 36, 9500.00, 342000.00),
(237, 4, 10, 3200.00, 32000.00),
(237, 18, 36, 1200.00, 43200.00),
(238, 9, 37, 6900.00, 255300.00),
(238, 16, 22, 4800.00, 105600.00),
(238, 6, 30, 9500.00, 285000.00),
(239, 6, 38, 9500.00, 361000.00),
(239, 15, 34, 2700.00, 91800.00),
(239, 4, 25, 3200.00, 80000.00),
(240, 8, 35, 5100.00, 178500.00),
(240, 9, 26, 6900.00, 179400.00),
(241, 8, 22, 5100.00, 112200.00),
(241, 4, 20, 3200.00, 64000.00),
(242, 17, 39, 700.00, 27300.00),
(243, 4, 26, 3200.00, 83200.00),
(243, 15, 21, 2700.00, 56700.00),
(244, 18, 16, 1200.00, 19200.00),
(245, 5, 26, 6400.00, 166400.00),
(245, 6, 31, 9500.00, 294500.00),
(246, 13, 22, 8000.00, 176000.00),
(247, 3, 11, 12000.00, 132000.00),
(247, 7, 11, 2700.00, 29700.00),
(247, 6, 9, 9500.00, 85500.00),
(247, 17, 35, 700.00, 24500.00),
(248, 8, 23, 5100.00, 117300.00),
(248, 18, 33, 1200.00, 39600.00),
(249, 18, 39, 1200.00, 46800.00),
(249, 9, 16, 6900.00, 110400.00),
(249, 15, 34, 2700.00, 91800.00),
(249, 3, 32, 12000.00, 384000.00),
(250, 9, 24, 6900.00, 165600.00),
(250, 5, 5, 6400.00, 32000.00);

-- stock_batch
INSERT INTO stock_batch (batch_id, product_id, supplier_id, received_date, expiry_date, original_quantity, current_quantity, status) VALUES
(1, 1, 3, '2026-01-10', '2027-05-05', 289, 0, 'expired'),
(2, 2, 1, '2026-01-09', '2027-05-25', 382, 0, 'expired'),
(3, 3, 2, '2026-01-11', '2027-04-05', 165, 0, 'expired'),
(4, 4, 2, '2026-01-04', '2027-03-08', 262, 0, 'expired'),
(5, 5, 2, '2026-01-04', '2027-07-29', 329, 0, 'expired'),
(6, 6, 2, '2025-12-28', '2027-09-06', 288, 0, 'expired'),
(7, 7, 2, '2026-01-11', '2027-01-31', 303, 0, 'expired'),
(8, 8, 1, '2026-01-03', '2027-05-11', 304, 0, 'expired'),
(9, 9, 3, '2026-01-11', '2027-12-22', 208, 0, 'expired'),
(10, 10, 2, '2026-01-13', '2027-12-23', 345, 0, 'expired'),
(11, 11, 2, '2026-01-12', '2027-04-11', 345, 0, 'expired'),
(12, 12, 2, '2025-12-28', '2027-08-11', 316, 0, 'expired'),
(13, 13, 3, '2026-01-08', '2027-08-19', 299, 0, 'expired'),
(14, 14, 2, '2025-12-29', '2027-02-13', 398, 0, 'expired'),
(15, 15, 2, '2026-01-02', '2027-06-21', 254, 0, 'expired'),
(16, 16, 2, '2026-01-10', '2027-04-02', 369, 0, 'expired'),
(17, 17, 2, '2025-12-31', '2027-09-10', 327, 0, 'expired'),
(18, 18, 1, '2026-01-01', '2027-10-09', 358, 0, 'expired'),
(19, 7, 1, '2026-02-02', '2027-09-22', 159, 0, 'expired'),
(20, 13, 1, '2026-02-02', '2027-03-19', 260, 36, 'active'),
(21, 2, 1, '2026-02-02', '2027-07-13', 133, 0, 'expired'),
(22, 3, 1, '2026-02-02', '2027-06-11', 247, 0, 'expired'),
(23, 18, 1, '2026-02-02', '2027-07-17', 202, 0, 'expired'),
(24, 10, 3, '2026-02-06', '2027-04-06', 198, 0, 'expired'),
(25, 7, 3, '2026-02-06', '2027-08-31', 140, 46, 'active'),
(26, 2, 3, '2026-02-06', '2027-10-27', 209, 64, 'active'),
(27, 2, 2, '2026-02-18', '2027-02-18', 77, 77, 'active'),
(28, 17, 2, '2026-02-18', '2028-01-20', 232, 0, 'expired'),
(29, 3, 2, '2026-02-18', '2027-11-22', 163, 0, 'expired'),
(30, 5, 3, '2026-02-15', '2027-10-09', 62, 0, 'expired'),
(31, 10, 3, '2026-02-15', '2027-09-14', 204, 57, 'active'),
(32, 15, 3, '2026-02-15', '2027-03-14', 78, 0, 'expired'),
(33, 6, 3, '2026-02-15', '2027-05-22', 189, 0, 'expired'),
(34, 13, 3, '2026-02-15', '2027-11-07', 298, 298, 'active'),
(35, 4, 3, '2026-02-27', '2027-08-31', 250, 100, 'active'),
(36, 5, 3, '2026-02-27', '2028-01-11', 129, 0, 'expired'),
(37, 9, 3, '2026-02-27', '2027-11-09', 113, 0, 'expired'),
(38, 2, 3, '2026-02-27', '2028-01-13', 112, 112, 'active'),
(39, 9, 3, '2026-02-21', '2027-10-05', 71, 0, 'expired'),
(40, 2, 3, '2026-02-21', '2027-03-19', 257, 257, 'active'),
(41, 3, 3, '2026-02-21', '2027-06-05', 127, 0, 'expired'),
(42, 11, 3, '2026-02-21', '2027-07-07', 173, 0, 'expired'),
(43, 7, 3, '2026-02-21', '2027-11-29', 169, 157, 'active'),
(44, 18, 3, '2026-02-20', '2027-04-28', 97, 0, 'expired'),
(45, 2, 3, '2026-02-20', '2027-07-17', 70, 70, 'active'),
(46, 12, 3, '2026-02-20', '2027-10-02', 290, 18, 'active'),
(47, 12, 2, '2026-03-25', '2028-03-16', 162, 162, 'active'),
(48, 10, 2, '2026-03-25', '2027-11-28', 281, 281, 'active'),
(49, 8, 2, '2026-03-25', '2027-05-26', 257, 0, 'expired'),
(50, 4, 2, '2026-03-25', '2027-04-08', 224, 224, 'active'),
(51, 1, 2, '2026-03-25', '2028-02-10', 233, 0, 'expired'),
(52, 9, 3, '2026-03-13', '2028-01-18', 127, 0, 'expired'),
(53, 6, 3, '2026-03-13', '2027-07-13', 212, 80, 'active'),
(54, 14, 2, '2026-04-08', '2028-04-05', 108, 0, 'expired'),
(55, 17, 2, '2026-04-08', '2027-06-28', 241, 0, 'expired'),
(56, 4, 2, '2026-04-08', '2027-09-14', 193, 193, 'active'),
(57, 7, 2, '2026-04-08', '2028-01-15', 197, 197, 'active'),
(58, 12, 3, '2026-04-07', '2027-04-14', 295, 295, 'active'),
(59, 14, 3, '2026-04-07', '2028-01-14', 140, 0, 'expired'),
(60, 3, 3, '2026-04-07', '2027-11-01', 91, 46, 'active'),
(61, 10, 3, '2026-04-25', '2027-06-11', 261, 261, 'active'),
(62, 18, 3, '2026-04-25', '2027-08-18', 227, 155, 'active'),
(63, 17, 2, '2026-04-30', '2027-06-27', 132, 11, 'active'),
(64, 16, 2, '2026-04-30', '2027-12-22', 222, 0, 'expired'),
(65, 6, 2, '2026-04-30', '2027-06-29', 83, 83, 'active'),
(66, 5, 1, '2026-05-09', '2028-04-04', 181, 0, 'expired'),
(67, 1, 1, '2026-05-09', '2027-07-26', 256, 245, 'active'),
(68, 2, 1, '2026-05-09', '2028-01-19', 166, 166, 'active'),
(69, 16, 3, '2026-05-19', '2027-10-15', 288, 221, 'active'),
(70, 13, 3, '2026-05-19', '2028-02-03', 257, 257, 'active'),
(71, 8, 3, '2026-05-19', '2028-05-14', 259, 199, 'active'),
(72, 3, 3, '2026-05-19', '2027-10-05', 105, 105, 'active'),
(73, 11, 3, '2026-05-19', '2027-12-17', 238, 238, 'active'),
(74, 4, 3, '2026-05-19', '2028-01-21', 230, 221, 'active'),
(75, 15, 3, '2026-05-19', '2028-01-15', 203, 0, 'expired'),
(76, 5, 3, '2026-05-19', '2027-09-20', 253, 214, 'active'),
(77, 18, 2, '2026-05-22', '2028-01-10', 126, 126, 'active'),
(78, 15, 2, '2026-05-22', '2028-02-28', 275, 189, 'active'),
(79, 6, 2, '2026-05-22', '2027-08-04', 256, 256, 'active'),
(80, 12, 2, '2026-05-22', '2027-12-04', 184, 167, 'active'),
(81, 14, 2, '2026-05-22', '2027-08-27', 130, 37, 'active'),
(82, 9, 2, '2026-05-17', '2028-03-18', 80, 0, 'expired'),
(83, 11, 2, '2026-05-17', '2028-02-01', 119, 112, 'active'),
(84, 17, 2, '2026-05-17', '2027-07-25', 99, 82, 'active'),
(85, 11, 3, '2026-05-22', '2027-06-26', 159, 159, 'active'),
(86, 15, 3, '2026-05-22', '2027-10-10', 209, 209, 'active'),
(87, 14, 3, '2026-05-22', '2027-12-20', 65, 65, 'active'),
(88, 1, 3, '2026-05-22', '2027-11-12', 255, 255, 'active'),
(89, 4, 3, '2026-05-22', '2028-02-05', 182, 182, 'active'),
(90, 1, 3, '2026-06-04', '2027-10-18', 72, 72, 'active'),
(91, 3, 3, '2026-06-04', '2027-06-05', 143, 143, 'active'),
(92, 14, 3, '2026-06-04', '2027-10-26', 143, 143, 'active'),
(93, 17, 3, '2026-06-04', '2027-11-03', 285, 285, 'active'),
(94, 16, 3, '2026-06-04', '2028-03-30', 252, 252, 'active'),
(95, 1, 2, '2026-05-23', '2028-03-14', 226, 226, 'active'),
(96, 2, 2, '2026-05-23', '2028-04-24', 67, 53, 'active'),
(97, 12, 2, '2026-05-23', '2028-01-28', 111, 111, 'active'),
(98, 4, 2, '2026-05-23', '2027-08-07', 219, 203, 'active'),
(99, 11, 2, '2026-05-23', '2028-01-06', 92, 92, 'active'),
(100, 15, 2, '2026-06-18', '2028-03-19', 215, 215, 'active'),
(101, 9, 2, '2026-06-18', '2028-02-20', 243, 196, 'active'),
(102, 12, 2, '2026-06-18', '2027-12-11', 269, 269, 'active'),
(103, 17, 3, '2026-07-12', '2027-12-29', 167, 156, 'active'),
(104, 11, 3, '2026-07-12', '2028-04-19', 87, 87, 'active');

-- stock_movement
INSERT INTO stock_movement (product_id, batch_id, movement_type, quantity, movement_date, recorded_by, notes) VALUES
(1, 1, 'in', 289, '2026-01-10 09:30:00', 10, 'Incoming stock received'),
(2, 2, 'in', 382, '2026-01-09 09:30:00', 10, 'Incoming stock received'),
(3, 3, 'in', 165, '2026-01-11 09:30:00', 10, 'Incoming stock received'),
(4, 4, 'in', 262, '2026-01-04 09:30:00', 10, 'Incoming stock received'),
(5, 5, 'in', 329, '2026-01-04 09:30:00', 10, 'Incoming stock received'),
(6, 6, 'in', 288, '2025-12-28 09:30:00', 10, 'Incoming stock received'),
(7, 7, 'in', 303, '2026-01-11 09:30:00', 10, 'Incoming stock received'),
(8, 8, 'in', 304, '2026-01-03 09:30:00', 10, 'Incoming stock received'),
(9, 9, 'in', 208, '2026-01-11 09:30:00', 10, 'Incoming stock received'),
(10, 10, 'in', 345, '2026-01-13 09:30:00', 10, 'Incoming stock received'),
(11, 11, 'in', 345, '2026-01-12 09:30:00', 10, 'Incoming stock received'),
(12, 12, 'in', 316, '2025-12-28 09:30:00', 10, 'Incoming stock received'),
(13, 13, 'in', 299, '2026-01-08 09:30:00', 10, 'Incoming stock received'),
(14, 14, 'in', 398, '2025-12-29 09:30:00', 10, 'Incoming stock received'),
(15, 15, 'in', 254, '2026-01-02 09:30:00', 10, 'Incoming stock received'),
(16, 16, 'in', 369, '2026-01-10 09:30:00', 10, 'Incoming stock received'),
(17, 17, 'in', 327, '2025-12-31 09:30:00', 10, 'Incoming stock received'),
(18, 18, 'in', 358, '2026-01-01 09:30:00', 10, 'Incoming stock received'),
(7, 19, 'in', 159, '2026-02-02 10:00:00', 10, 'Incoming stock received'),
(13, 20, 'in', 260, '2026-02-02 10:00:00', 10, 'Incoming stock received'),
(2, 21, 'in', 133, '2026-02-02 10:00:00', 10, 'Incoming stock received'),
(3, 22, 'in', 247, '2026-02-02 10:00:00', 10, 'Incoming stock received'),
(18, 23, 'in', 202, '2026-02-02 10:00:00', 10, 'Incoming stock received'),
(10, 24, 'in', 198, '2026-02-06 10:00:00', 10, 'Incoming stock received'),
(7, 25, 'in', 140, '2026-02-06 10:00:00', 10, 'Incoming stock received'),
(2, 26, 'in', 209, '2026-02-06 10:00:00', 10, 'Incoming stock received'),
(2, 27, 'in', 77, '2026-02-18 10:00:00', 10, 'Incoming stock received'),
(17, 28, 'in', 232, '2026-02-18 10:00:00', 10, 'Incoming stock received'),
(3, 29, 'in', 163, '2026-02-18 10:00:00', 10, 'Incoming stock received'),
(5, 30, 'in', 62, '2026-02-15 10:00:00', 10, 'Incoming stock received'),
(10, 31, 'in', 204, '2026-02-15 10:00:00', 10, 'Incoming stock received'),
(15, 32, 'in', 78, '2026-02-15 10:00:00', 10, 'Incoming stock received'),
(6, 33, 'in', 189, '2026-02-15 10:00:00', 10, 'Incoming stock received'),
(13, 34, 'in', 298, '2026-02-15 10:00:00', 10, 'Incoming stock received'),
(4, 35, 'in', 250, '2026-02-27 10:00:00', 10, 'Incoming stock received'),
(5, 36, 'in', 129, '2026-02-27 10:00:00', 10, 'Incoming stock received'),
(9, 37, 'in', 113, '2026-02-27 10:00:00', 10, 'Incoming stock received'),
(2, 38, 'in', 112, '2026-02-27 10:00:00', 10, 'Incoming stock received'),
(9, 39, 'in', 71, '2026-02-21 10:00:00', 10, 'Incoming stock received'),
(2, 40, 'in', 257, '2026-02-21 10:00:00', 10, 'Incoming stock received'),
(3, 41, 'in', 127, '2026-02-21 10:00:00', 10, 'Incoming stock received'),
(11, 42, 'in', 173, '2026-02-21 10:00:00', 10, 'Incoming stock received'),
(7, 43, 'in', 169, '2026-02-21 10:00:00', 10, 'Incoming stock received'),
(18, 44, 'in', 97, '2026-02-20 10:00:00', 10, 'Incoming stock received'),
(2, 45, 'in', 70, '2026-02-20 10:00:00', 10, 'Incoming stock received'),
(12, 46, 'in', 290, '2026-02-20 10:00:00', 10, 'Incoming stock received'),
(12, 47, 'in', 162, '2026-03-25 10:00:00', 10, 'Incoming stock received'),
(10, 48, 'in', 281, '2026-03-25 10:00:00', 10, 'Incoming stock received'),
(8, 49, 'in', 257, '2026-03-25 10:00:00', 10, 'Incoming stock received'),
(4, 50, 'in', 224, '2026-03-25 10:00:00', 10, 'Incoming stock received'),
(1, 51, 'in', 233, '2026-03-25 10:00:00', 10, 'Incoming stock received'),
(9, 52, 'in', 127, '2026-03-13 10:00:00', 10, 'Incoming stock received'),
(6, 53, 'in', 212, '2026-03-13 10:00:00', 10, 'Incoming stock received'),
(14, 54, 'in', 108, '2026-04-08 10:00:00', 10, 'Incoming stock received'),
(17, 55, 'in', 241, '2026-04-08 10:00:00', 10, 'Incoming stock received'),
(4, 56, 'in', 193, '2026-04-08 10:00:00', 10, 'Incoming stock received'),
(7, 57, 'in', 197, '2026-04-08 10:00:00', 10, 'Incoming stock received'),
(12, 58, 'in', 295, '2026-04-07 10:00:00', 10, 'Incoming stock received'),
(14, 59, 'in', 140, '2026-04-07 10:00:00', 10, 'Incoming stock received'),
(3, 60, 'in', 91, '2026-04-07 10:00:00', 10, 'Incoming stock received'),
(10, 61, 'in', 261, '2026-04-25 10:00:00', 10, 'Incoming stock received'),
(18, 62, 'in', 227, '2026-04-25 10:00:00', 10, 'Incoming stock received'),
(17, 63, 'in', 132, '2026-04-30 10:00:00', 10, 'Incoming stock received'),
(16, 64, 'in', 222, '2026-04-30 10:00:00', 10, 'Incoming stock received'),
(6, 65, 'in', 83, '2026-04-30 10:00:00', 10, 'Incoming stock received'),
(5, 66, 'in', 181, '2026-05-09 10:00:00', 10, 'Incoming stock received'),
(1, 67, 'in', 256, '2026-05-09 10:00:00', 10, 'Incoming stock received'),
(2, 68, 'in', 166, '2026-05-09 10:00:00', 10, 'Incoming stock received'),
(16, 69, 'in', 288, '2026-05-19 10:00:00', 10, 'Incoming stock received'),
(13, 70, 'in', 257, '2026-05-19 10:00:00', 10, 'Incoming stock received'),
(8, 71, 'in', 259, '2026-05-19 10:00:00', 10, 'Incoming stock received'),
(3, 72, 'in', 105, '2026-05-19 10:00:00', 10, 'Incoming stock received'),
(11, 73, 'in', 238, '2026-05-19 10:00:00', 10, 'Incoming stock received'),
(4, 74, 'in', 230, '2026-05-19 10:00:00', 10, 'Incoming stock received'),
(15, 75, 'in', 203, '2026-05-19 10:00:00', 10, 'Incoming stock received'),
(5, 76, 'in', 253, '2026-05-19 10:00:00', 10, 'Incoming stock received'),
(18, 77, 'in', 126, '2026-05-22 10:00:00', 10, 'Incoming stock received'),
(15, 78, 'in', 275, '2026-05-22 10:00:00', 10, 'Incoming stock received'),
(6, 79, 'in', 256, '2026-05-22 10:00:00', 10, 'Incoming stock received'),
(12, 80, 'in', 184, '2026-05-22 10:00:00', 10, 'Incoming stock received'),
(14, 81, 'in', 130, '2026-05-22 10:00:00', 10, 'Incoming stock received'),
(9, 82, 'in', 80, '2026-05-17 10:00:00', 10, 'Incoming stock received'),
(11, 83, 'in', 119, '2026-05-17 10:00:00', 10, 'Incoming stock received'),
(17, 84, 'in', 99, '2026-05-17 10:00:00', 10, 'Incoming stock received'),
(11, 85, 'in', 159, '2026-05-22 10:00:00', 10, 'Incoming stock received'),
(15, 86, 'in', 209, '2026-05-22 10:00:00', 10, 'Incoming stock received'),
(14, 87, 'in', 65, '2026-05-22 10:00:00', 10, 'Incoming stock received'),
(1, 88, 'in', 255, '2026-05-22 10:00:00', 10, 'Incoming stock received'),
(4, 89, 'in', 182, '2026-05-22 10:00:00', 10, 'Incoming stock received'),
(1, 90, 'in', 72, '2026-06-04 10:00:00', 10, 'Incoming stock received'),
(3, 91, 'in', 143, '2026-06-04 10:00:00', 10, 'Incoming stock received'),
(14, 92, 'in', 143, '2026-06-04 10:00:00', 10, 'Incoming stock received'),
(17, 93, 'in', 285, '2026-06-04 10:00:00', 10, 'Incoming stock received'),
(16, 94, 'in', 252, '2026-06-04 10:00:00', 10, 'Incoming stock received'),
(1, 95, 'in', 226, '2026-05-23 10:00:00', 10, 'Incoming stock received'),
(2, 96, 'in', 67, '2026-05-23 10:00:00', 10, 'Incoming stock received'),
(12, 97, 'in', 111, '2026-05-23 10:00:00', 10, 'Incoming stock received'),
(4, 98, 'in', 219, '2026-05-23 10:00:00', 10, 'Incoming stock received'),
(11, 99, 'in', 92, '2026-05-23 10:00:00', 10, 'Incoming stock received'),
(15, 100, 'in', 215, '2026-06-18 10:00:00', 10, 'Incoming stock received'),
(9, 101, 'in', 243, '2026-06-18 10:00:00', 10, 'Incoming stock received'),
(12, 102, 'in', 269, '2026-06-18 10:00:00', 10, 'Incoming stock received'),
(17, 103, 'in', 167, '2026-07-12 10:00:00', 10, 'Incoming stock received'),
(11, 104, 'in', 87, '2026-07-12 10:00:00', 10, 'Incoming stock received'),
(4, 98, 'expired', 16, '2026-06-12 11:44:15', 10, 'Expired stock removed'),
(4, 74, 'expired', 9, '2026-07-12 14:02:20', 10, 'Expired stock removed'),
(2, 96, 'expired', 14, '2026-06-16 18:50:52', 10, 'Expired stock removed'),
(17, 84, 'transfer', 17, '2026-05-19 10:32:37', 10, 'Transferred to secondary storage location'),
(7, 43, 'return', 16, '2026-03-18 16:58:29', 10, 'Customer return processed back into stock'),
(2, 2, 'transfer', 15, '2026-07-02 10:04:30', 10, 'Transferred to secondary storage location'),
(9, 101, 'damaged', 12, '2026-07-07 14:41:05', 10, 'Damaged during handling, removed from sellable stock'),
(7, 43, 'expired', 12, '2026-06-25 16:02:39', 10, 'Expired stock removed'),
(9, 9, 'transfer', 11, '2026-03-15 09:27:06', 10, 'Transferred to secondary storage location'),
(4, 98, 'return', 16, '2026-06-02 12:57:01', 10, 'Customer return processed back into stock'),
(6, 6, 'damaged', 3, '2026-04-01 13:23:27', 10, 'Damaged during handling, removed from sellable stock'),
(7, 19, 'transfer', 18, '2026-05-18 17:43:50', 10, 'Transferred to secondary storage location'),
(10, 24, 'transfer', 7, '2026-02-26 17:55:24', 10, 'Transferred to secondary storage location'),
(12, 80, 'transfer', 17, '2026-06-28 10:14:29', 10, 'Transferred to secondary storage location'),
(9, 82, 'damaged', 16, '2026-06-02 18:00:57', 10, 'Damaged during handling, removed from sellable stock'),
(17, 103, 'expired', 11, '2026-07-16 10:04:28', 10, 'Expired stock removed');

-- invoice
INSERT INTO invoice (invoice_id, order_id, issue_date, subtotal, discount_amount, tax_amount, total_amount, payment_status) VALUES
(1, 1, '2026-01-18', 21600.00, 1080.00, 1641.60, 22161.60, 'unpaid'),
(2, 2, '2026-01-21', 162400.00, 0.00, 0.00, 162400.00, 'paid'),
(3, 3, '2026-01-19', 179200.00, 17920.00, 0.00, 161280.00, 'paid'),
(4, 4, '2026-01-22', 137600.00, 6880.00, 10457.60, 141177.60, 'unpaid'),
(5, 5, '2026-01-23', 165600.00, 16560.00, 0.00, 149040.00, 'paid'),
(6, 6, '2026-01-23', 12600.00, 0.00, 0.00, 12600.00, 'paid'),
(7, 7, '2026-01-21', 926100.00, 46305.00, 0.00, 879795.00, 'paid'),
(8, 8, '2026-01-25', 33400.00, 0.00, 0.00, 33400.00, 'paid'),
(9, 9, '2026-01-24', 153600.00, 0.00, 0.00, 153600.00, 'paid'),
(10, 10, '2026-01-24', 171100.00, 0.00, 0.00, 171100.00, 'paid'),
(11, 11, '2026-01-24', 309000.00, 23175.00, 0.00, 285825.00, 'paid'),
(12, 12, '2026-01-26', 141800.00, 0.00, 0.00, 141800.00, 'partial'),
(13, 13, '2026-01-26', 159600.00, 7980.00, 0.00, 151620.00, 'partial'),
(14, 14, '2026-01-29', 13500.00, 675.00, 1026.00, 13851.00, 'partial'),
(15, 15, '2026-01-30', 243400.00, 24340.00, 0.00, 219060.00, 'partial'),
(16, 17, '2026-01-31', 166400.00, 0.00, 0.00, 166400.00, 'paid'),
(17, 18, '2026-01-29', 372100.00, 0.00, 0.00, 372100.00, 'paid'),
(18, 19, '2026-01-30', 45600.00, 0.00, 0.00, 45600.00, 'paid'),
(19, 20, '2026-02-03', 150200.00, 0.00, 0.00, 150200.00, 'paid'),
(20, 21, '2026-02-03', 298900.00, 14945.00, 0.00, 283955.00, 'paid'),
(21, 22, '2026-02-02', 54500.00, 0.00, 0.00, 54500.00, 'paid'),
(22, 23, '2026-02-03', 248700.00, 0.00, 0.00, 248700.00, 'partial'),
(23, 24, '2026-02-01', 72400.00, 7240.00, 0.00, 65160.00, 'paid'),
(24, 25, '2026-02-05', 47500.00, 0.00, 0.00, 47500.00, 'partial'),
(25, 26, '2026-02-04', 127100.00, 6355.00, 0.00, 120745.00, 'unpaid'),
(26, 27, '2026-02-06', 27300.00, 1365.00, 2074.80, 28009.80, 'paid'),
(27, 29, '2026-02-10', 105600.00, 0.00, 8448.00, 114048.00, 'partial'),
(28, 31, '2026-02-10', 179200.00, 17920.00, 0.00, 161280.00, 'paid'),
(29, 32, '2026-02-12', 384000.00, 0.00, 0.00, 384000.00, 'paid'),
(30, 33, '2026-02-10', 312600.00, 15630.00, 0.00, 296970.00, 'paid'),
(31, 34, '2026-02-10', 288100.00, 0.00, 0.00, 288100.00, 'paid'),
(32, 35, '2026-02-11', 635200.00, 0.00, 0.00, 635200.00, 'partial'),
(33, 36, '2026-02-13', 227700.00, 0.00, 0.00, 227700.00, 'partial'),
(34, 37, '2026-02-14', 355500.00, 17775.00, 0.00, 337725.00, 'paid'),
(35, 38, '2026-02-12', 28800.00, 0.00, 0.00, 28800.00, 'paid'),
(36, 39, '2026-02-15', 377200.00, 18860.00, 0.00, 358340.00, 'paid'),
(37, 40, '2026-02-16', 183300.00, 0.00, 0.00, 183300.00, 'unpaid'),
(38, 41, '2026-02-16', 58500.00, 0.00, 0.00, 58500.00, 'unpaid'),
(39, 42, '2026-02-17', 377000.00, 28275.00, 0.00, 348725.00, 'paid'),
(40, 43, '2026-02-15', 124500.00, 6225.00, 0.00, 118275.00, 'unpaid'),
(41, 44, '2026-02-16', 613600.00, 0.00, 0.00, 613600.00, 'paid'),
(42, 45, '2026-02-16', 365000.00, 0.00, 0.00, 365000.00, 'partial'),
(43, 46, '2026-02-17', 159300.00, 0.00, 0.00, 159300.00, 'paid'),
(44, 47, '2026-02-17', 640800.00, 0.00, 0.00, 640800.00, 'paid'),
(45, 48, '2026-02-17', 306400.00, 15320.00, 0.00, 291080.00, 'partial'),
(46, 49, '2026-02-18', 100700.00, 10070.00, 0.00, 90630.00, 'paid'),
(47, 50, '2026-02-18', 143400.00, 0.00, 0.00, 143400.00, 'paid'),
(48, 51, '2026-02-20', 759100.00, 0.00, 60728.00, 819828.00, 'paid'),
(49, 52, '2026-02-20', 400600.00, 0.00, 0.00, 400600.00, 'paid'),
(50, 53, '2026-02-19', 213300.00, 0.00, 0.00, 213300.00, 'paid'),
(51, 54, '2026-02-22', 141300.00, 0.00, 11304.00, 152604.00, 'paid'),
(52, 56, '2026-02-20', 13300.00, 665.00, 0.00, 12635.00, 'paid'),
(53, 57, '2026-02-22', 109200.00, 0.00, 0.00, 109200.00, 'unpaid'),
(54, 58, '2026-02-22', 203900.00, 20390.00, 14680.80, 198190.80, 'unpaid'),
(55, 59, '2026-02-23', 106300.00, 10630.00, 0.00, 95670.00, 'partial'),
(56, 60, '2026-02-22', 80500.00, 4025.00, 6118.00, 82593.00, 'paid'),
(57, 61, '2026-02-27', 459400.00, 34455.00, 33995.60, 458940.60, 'paid'),
(58, 62, '2026-02-28', 364500.00, 27337.50, 0.00, 337162.50, 'partial'),
(59, 63, '2026-03-03', 133200.00, 9990.00, 0.00, 123210.00, 'unpaid'),
(60, 64, '2026-03-04', 44400.00, 0.00, 0.00, 44400.00, 'paid'),
(61, 65, '2026-03-03', 23100.00, 1732.50, 0.00, 21367.50, 'paid'),
(62, 66, '2026-03-08', 34500.00, 2587.50, 0.00, 31912.50, 'paid'),
(63, 67, '2026-03-07', 314600.00, 31460.00, 0.00, 283140.00, 'paid'),
(64, 68, '2026-03-10', 309500.00, 15475.00, 0.00, 294025.00, 'paid'),
(65, 69, '2026-03-08', 250900.00, 0.00, 0.00, 250900.00, 'partial'),
(66, 70, '2026-03-11', 476500.00, 0.00, 38120.00, 514620.00, 'partial'),
(67, 71, '2026-03-10', 49400.00, 2470.00, 0.00, 46930.00, 'paid'),
(68, 72, '2026-03-12', 221700.00, 11085.00, 0.00, 210615.00, 'paid'),
(69, 73, '2026-03-12', 21600.00, 1080.00, 1641.60, 22161.60, 'partial'),
(70, 74, '2026-03-14', 532400.00, 0.00, 42592.00, 574992.00, 'partial'),
(71, 75, '2026-03-16', 32400.00, 2430.00, 2397.60, 32367.60, 'paid'),
(72, 76, '2026-03-13', 105300.00, 5265.00, 0.00, 100035.00, 'partial'),
(73, 77, '2026-03-16', 189400.00, 14205.00, 0.00, 175195.00, 'paid'),
(74, 78, '2026-03-15', 328800.00, 0.00, 26304.00, 355104.00, 'paid'),
(75, 79, '2026-03-16', 138200.00, 0.00, 0.00, 138200.00, 'partial'),
(76, 80, '2026-03-18', 95300.00, 7147.50, 0.00, 88152.50, 'paid'),
(77, 81, '2026-03-19', 14700.00, 1102.50, 0.00, 13597.50, 'unpaid'),
(78, 82, '2026-03-17', 84000.00, 0.00, 0.00, 84000.00, 'paid'),
(79, 83, '2026-03-17', 155400.00, 0.00, 12432.00, 167832.00, 'partial'),
(80, 84, '2026-03-18', 279500.00, 27950.00, 0.00, 251550.00, 'partial'),
(81, 85, '2026-03-20', 80300.00, 6022.50, 0.00, 74277.50, 'paid'),
(82, 86, '2026-03-22', 125000.00, 9375.00, 0.00, 115625.00, 'paid'),
(83, 87, '2026-03-22', 30000.00, 2250.00, 0.00, 27750.00, 'paid'),
(84, 88, '2026-03-21', 121700.00, 0.00, 0.00, 121700.00, 'paid'),
(85, 90, '2026-03-23', 33000.00, 1650.00, 0.00, 31350.00, 'paid'),
(86, 91, '2026-03-27', 81600.00, 4080.00, 0.00, 77520.00, 'partial'),
(87, 92, '2026-03-24', 248800.00, 0.00, 0.00, 248800.00, 'paid'),
(88, 93, '2026-03-25', 224000.00, 0.00, 0.00, 224000.00, 'partial'),
(89, 94, '2026-03-29', 478500.00, 0.00, 0.00, 478500.00, 'paid'),
(90, 95, '2026-03-30', 275300.00, 0.00, 22024.00, 297324.00, 'paid'),
(91, 96, '2026-03-29', 267000.00, 26700.00, 0.00, 240300.00, 'paid'),
(92, 97, '2026-03-29', 223800.00, 11190.00, 0.00, 212610.00, 'paid'),
(93, 98, '2026-03-28', 172800.00, 0.00, 0.00, 172800.00, 'partial'),
(94, 99, '2026-03-28', 71400.00, 5355.00, 0.00, 66045.00, 'paid'),
(95, 100, '2026-03-30', 162600.00, 0.00, 0.00, 162600.00, 'partial'),
(96, 101, '2026-04-03', 577500.00, 28875.00, 0.00, 548625.00, 'partial'),
(97, 102, '2026-04-04', 159800.00, 11985.00, 0.00, 147815.00, 'partial'),
(98, 103, '2026-04-03', 189200.00, 9460.00, 0.00, 179740.00, 'partial'),
(99, 104, '2026-04-02', 262700.00, 0.00, 0.00, 262700.00, 'paid'),
(100, 105, '2026-04-04', 285000.00, 0.00, 0.00, 285000.00, 'partial'),
(101, 106, '2026-04-03', 318000.00, 15900.00, 24168.00, 326268.00, 'paid'),
(102, 107, '2026-04-04', 293700.00, 0.00, 23496.00, 317196.00, 'unpaid'),
(103, 108, '2026-04-03', 252800.00, 12640.00, 0.00, 240160.00, 'paid'),
(104, 109, '2026-04-04', 292100.00, 21907.50, 0.00, 270192.50, 'paid'),
(105, 110, '2026-04-08', 256200.00, 0.00, 20496.00, 276696.00, 'paid'),
(106, 111, '2026-04-10', 483800.00, 48380.00, 34833.60, 470253.60, 'partial'),
(107, 112, '2026-04-08', 204800.00, 0.00, 0.00, 204800.00, 'partial'),
(108, 113, '2026-04-10', 153600.00, 0.00, 12288.00, 165888.00, 'unpaid'),
(109, 114, '2026-04-11', 192000.00, 14400.00, 14208.00, 191808.00, 'partial'),
(110, 116, '2026-04-10', 35200.00, 0.00, 2816.00, 38016.00, 'paid'),
(111, 117, '2026-04-14', 294900.00, 29490.00, 0.00, 265410.00, 'paid'),
(112, 118, '2026-04-13', 191800.00, 0.00, 0.00, 191800.00, 'paid'),
(113, 119, '2026-04-14', 83100.00, 4155.00, 6315.60, 85260.60, 'paid'),
(114, 120, '2026-04-16', 140000.00, 0.00, 11200.00, 151200.00, 'paid'),
(115, 121, '2026-04-20', 60000.00, 0.00, 0.00, 60000.00, 'unpaid'),
(116, 122, '2026-04-18', 342600.00, 17130.00, 0.00, 325470.00, 'partial'),
(117, 123, '2026-04-19', 43600.00, 0.00, 3488.00, 47088.00, 'partial'),
(118, 124, '2026-04-18', 32000.00, 0.00, 2560.00, 34560.00, 'unpaid'),
(119, 125, '2026-04-19', 19200.00, 0.00, 0.00, 19200.00, 'paid'),
(120, 126, '2026-04-20', 199500.00, 14962.50, 14763.00, 199300.50, 'partial'),
(121, 128, '2026-04-22', 351200.00, 26340.00, 0.00, 324860.00, 'paid'),
(122, 129, '2026-04-20', 37500.00, 0.00, 0.00, 37500.00, 'unpaid'),
(123, 130, '2026-04-22', 419200.00, 0.00, 33536.00, 452736.00, 'partial'),
(124, 131, '2026-04-20', 259800.00, 0.00, 0.00, 259800.00, 'paid'),
(125, 132, '2026-04-20', 448000.00, 33600.00, 0.00, 414400.00, 'unpaid'),
(126, 133, '2026-04-23', 204000.00, 0.00, 16320.00, 220320.00, 'paid'),
(127, 134, '2026-04-24', 101400.00, 0.00, 0.00, 101400.00, 'paid'),
(128, 135, '2026-04-23', 210900.00, 0.00, 0.00, 210900.00, 'partial'),
(129, 136, '2026-04-24', 169100.00, 0.00, 13528.00, 182628.00, 'paid'),
(130, 137, '2026-04-27', 204000.00, 20400.00, 0.00, 183600.00, 'paid'),
(131, 139, '2026-04-28', 117300.00, 5865.00, 8914.80, 120349.80, 'paid'),
(132, 140, '2026-04-29', 614200.00, 46065.00, 0.00, 568135.00, 'unpaid'),
(133, 141, '2026-04-29', 55200.00, 4140.00, 0.00, 51060.00, 'paid'),
(134, 142, '2026-04-30', 169100.00, 8455.00, 12851.60, 173496.60, 'partial'),
(135, 143, '2026-04-29', 161000.00, 12075.00, 11914.00, 160839.00, 'paid'),
(136, 144, '2026-04-30', 24500.00, 0.00, 1960.00, 26460.00, 'unpaid'),
(137, 145, '2026-05-03', 142600.00, 10695.00, 10552.40, 142457.40, 'paid'),
(138, 146, '2026-05-04', 456100.00, 0.00, 0.00, 456100.00, 'paid'),
(139, 147, '2026-05-03', 437400.00, 0.00, 0.00, 437400.00, 'paid'),
(140, 148, '2026-05-05', 222600.00, 16695.00, 0.00, 205905.00, 'paid'),
(141, 149, '2026-05-03', 480800.00, 36060.00, 35579.20, 480319.20, 'partial'),
(142, 150, '2026-05-07', 73500.00, 7350.00, 0.00, 66150.00, 'paid'),
(143, 151, '2026-05-08', 28800.00, 1440.00, 0.00, 27360.00, 'paid'),
(144, 152, '2026-05-10', 193200.00, 0.00, 0.00, 193200.00, 'paid'),
(145, 153, '2026-05-12', 69000.00, 0.00, 0.00, 69000.00, 'paid'),
(146, 154, '2026-05-10', 34800.00, 0.00, 2784.00, 37584.00, 'partial'),
(147, 155, '2026-05-10', 124600.00, 9345.00, 0.00, 115255.00, 'unpaid'),
(148, 156, '2026-05-12', 188700.00, 0.00, 15096.00, 203796.00, 'partial'),
(149, 157, '2026-05-13', 399900.00, 29992.50, 0.00, 369907.50, 'paid'),
(150, 158, '2026-05-15', 277200.00, 27720.00, 0.00, 249480.00, 'paid'),
(151, 159, '2026-05-14', 272600.00, 13630.00, 0.00, 258970.00, 'paid'),
(152, 160, '2026-05-13', 33600.00, 0.00, 2688.00, 36288.00, 'paid'),
(153, 161, '2026-05-12', 208400.00, 0.00, 16672.00, 225072.00, 'partial'),
(154, 162, '2026-05-14', 4200.00, 0.00, 336.00, 4536.00, 'paid'),
(155, 164, '2026-05-18', 109200.00, 8190.00, 0.00, 101010.00, 'partial'),
(156, 165, '2026-05-18', 299400.00, 29940.00, 21556.80, 291016.80, 'paid'),
(157, 166, '2026-05-19', 287600.00, 0.00, 0.00, 287600.00, 'paid'),
(158, 167, '2026-05-20', 211400.00, 21140.00, 0.00, 190260.00, 'unpaid'),
(159, 168, '2026-05-22', 200000.00, 15000.00, 0.00, 185000.00, 'paid'),
(160, 169, '2026-05-19', 391400.00, 0.00, 0.00, 391400.00, 'paid'),
(161, 170, '2026-05-24', 161500.00, 0.00, 0.00, 161500.00, 'paid'),
(162, 171, '2026-05-22', 381600.00, 0.00, 0.00, 381600.00, 'partial'),
(163, 172, '2026-05-22', 169900.00, 12742.50, 0.00, 157157.50, 'partial'),
(164, 174, '2026-05-26', 146800.00, 11010.00, 0.00, 135790.00, 'paid'),
(165, 175, '2026-05-25', 26600.00, 0.00, 2128.00, 28728.00, 'partial'),
(166, 176, '2026-05-29', 157100.00, 7855.00, 0.00, 149245.00, 'unpaid'),
(167, 177, '2026-05-29', 79000.00, 5925.00, 0.00, 73075.00, 'unpaid'),
(168, 178, '2026-06-02', 81100.00, 0.00, 0.00, 81100.00, 'paid'),
(169, 179, '2026-06-01', 136200.00, 10215.00, 0.00, 125985.00, 'paid'),
(170, 180, '2026-06-03', 144000.00, 10800.00, 0.00, 133200.00, 'paid'),
(171, 181, '2026-06-03', 31500.00, 1575.00, 0.00, 29925.00, 'paid'),
(172, 182, '2026-06-04', 44500.00, 4450.00, 0.00, 40050.00, 'paid'),
(173, 183, '2026-06-05', 327000.00, 16350.00, 0.00, 310650.00, 'paid'),
(174, 184, '2026-06-06', 543600.00, 40770.00, 0.00, 502830.00, 'paid'),
(175, 185, '2026-06-05', 258900.00, 12945.00, 0.00, 245955.00, 'partial'),
(176, 186, '2026-06-04', 506400.00, 50640.00, 36460.80, 492220.80, 'paid'),
(177, 187, '2026-06-05', 569400.00, 42705.00, 0.00, 526695.00, 'paid'),
(178, 188, '2026-06-06', 556800.00, 27840.00, 0.00, 528960.00, 'paid'),
(179, 189, '2026-06-07', 170500.00, 0.00, 0.00, 170500.00, 'paid'),
(180, 190, '2026-06-09', 45900.00, 0.00, 3672.00, 49572.00, 'paid'),
(181, 191, '2026-06-10', 178700.00, 0.00, 0.00, 178700.00, 'paid'),
(182, 192, '2026-06-09', 553900.00, 55390.00, 0.00, 498510.00, 'paid'),
(183, 193, '2026-06-12', 242800.00, 0.00, 0.00, 242800.00, 'paid'),
(184, 194, '2026-06-12', 607300.00, 45547.50, 0.00, 561752.50, 'paid'),
(185, 195, '2026-06-16', 81700.00, 0.00, 0.00, 81700.00, 'paid'),
(186, 196, '2026-06-15', 8400.00, 0.00, 0.00, 8400.00, 'paid'),
(187, 197, '2026-06-14', 519400.00, 51940.00, 0.00, 467460.00, 'paid'),
(188, 198, '2026-06-15', 82500.00, 4125.00, 6270.00, 84645.00, 'paid'),
(189, 199, '2026-06-18', 34500.00, 0.00, 0.00, 34500.00, 'paid'),
(190, 200, '2026-06-18', 346300.00, 0.00, 0.00, 346300.00, 'paid'),
(191, 201, '2026-06-17', 328300.00, 32830.00, 23637.60, 319107.60, 'paid'),
(192, 202, '2026-06-16', 300100.00, 0.00, 0.00, 300100.00, 'paid'),
(193, 203, '2026-06-19', 67500.00, 3375.00, 5130.00, 69255.00, 'paid'),
(194, 204, '2026-06-18', 18700.00, 0.00, 1496.00, 20196.00, 'paid'),
(195, 206, '2026-06-20', 328000.00, 16400.00, 0.00, 311600.00, 'paid'),
(196, 207, '2026-06-20', 409200.00, 20460.00, 0.00, 388740.00, 'paid'),
(197, 208, '2026-06-21', 601800.00, 30090.00, 0.00, 571710.00, 'paid'),
(198, 209, '2026-06-24', 180500.00, 9025.00, 0.00, 171475.00, 'paid'),
(199, 210, '2026-06-22', 135600.00, 0.00, 0.00, 135600.00, 'partial'),
(200, 211, '2026-06-25', 113800.00, 5690.00, 0.00, 108110.00, 'partial');
INSERT INTO invoice (invoice_id, order_id, issue_date, subtotal, discount_amount, tax_amount, total_amount, payment_status) VALUES
(201, 212, '2026-06-23', 235300.00, 23530.00, 0.00, 211770.00, 'paid'),
(202, 213, '2026-06-25', 123300.00, 9247.50, 0.00, 114052.50, 'paid'),
(203, 214, '2026-06-27', 403000.00, 20150.00, 0.00, 382850.00, 'partial'),
(204, 215, '2026-06-27', 9100.00, 455.00, 0.00, 8645.00, 'paid'),
(205, 216, '2026-06-25', 193200.00, 0.00, 0.00, 193200.00, 'paid'),
(206, 217, '2026-06-29', 283800.00, 14190.00, 0.00, 269610.00, 'partial'),
(207, 218, '2026-06-27', 243600.00, 24360.00, 0.00, 219240.00, 'paid'),
(208, 219, '2026-06-27', 67200.00, 5040.00, 0.00, 62160.00, 'paid'),
(209, 220, '2026-06-30', 66900.00, 0.00, 0.00, 66900.00, 'unpaid'),
(210, 221, '2026-06-28', 231000.00, 0.00, 0.00, 231000.00, 'paid'),
(211, 222, '2026-06-29', 189900.00, 18990.00, 0.00, 170910.00, 'paid'),
(212, 223, '2026-06-29', 673100.00, 50482.50, 0.00, 622617.50, 'paid'),
(213, 224, '2026-06-29', 497600.00, 0.00, 39808.00, 537408.00, 'paid'),
(214, 225, '2026-07-01', 463200.00, 0.00, 0.00, 463200.00, 'partial'),
(215, 226, '2026-07-03', 38400.00, 1920.00, 0.00, 36480.00, 'paid'),
(216, 227, '2026-07-01', 40500.00, 3037.50, 0.00, 37462.50, 'paid'),
(217, 228, '2026-07-02', 99900.00, 4995.00, 0.00, 94905.00, 'partial'),
(218, 230, '2026-07-04', 337500.00, 0.00, 0.00, 337500.00, 'paid'),
(219, 231, '2026-07-04', 206000.00, 20600.00, 0.00, 185400.00, 'paid'),
(220, 232, '2026-07-06', 120000.00, 6000.00, 0.00, 114000.00, 'paid'),
(221, 233, '2026-07-04', 535500.00, 26775.00, 0.00, 508725.00, 'paid'),
(222, 234, '2026-07-06', 544600.00, 54460.00, 39211.20, 529351.20, 'paid'),
(223, 235, '2026-07-09', 227300.00, 17047.50, 0.00, 210252.50, 'paid'),
(224, 237, '2026-07-10', 75200.00, 3760.00, 5715.20, 77155.20, 'unpaid'),
(225, 238, '2026-07-07', 645900.00, 0.00, 0.00, 645900.00, 'partial'),
(226, 239, '2026-07-08', 532800.00, 39960.00, 0.00, 492840.00, 'paid'),
(227, 240, '2026-07-09', 357900.00, 0.00, 0.00, 357900.00, 'partial'),
(228, 241, '2026-07-11', 176200.00, 8810.00, 13391.20, 180781.20, 'unpaid'),
(229, 243, '2026-07-12', 139900.00, 0.00, 0.00, 139900.00, 'unpaid'),
(230, 244, '2026-07-11', 19200.00, 1920.00, 0.00, 17280.00, 'unpaid'),
(231, 248, '2026-07-16', 156900.00, 7845.00, 0.00, 149055.00, 'partial'),
(232, 250, '2026-07-16', 197600.00, 0.00, 15808.00, 213408.00, 'partial');

-- payment
INSERT INTO payment (invoice_id, customer_id, received_by, amount, payment_method, payment_date, payment_status) VALUES
(2, 30, 9, 103601.72, 'card', '2026-02-03 15:52:00', 'completed'),
(2, 30, 9, 58798.28, 'bank_transfer', '2026-02-13 12:36:00', 'completed'),
(3, 9, 9, 161280.00, 'card', '2026-02-05 13:23:00', 'completed'),
(5, 40, 9, 149040.00, 'cash', '2026-02-15 13:38:00', 'completed'),
(6, 10, 9, 12600.00, 'cash', '2026-02-01 13:14:00', 'completed'),
(7, 20, 9, 879795.00, 'card', '2026-02-14 13:58:00', 'completed'),
(8, 33, 9, 33400.00, 'cash', '2026-02-12 10:02:00', 'completed'),
(9, 20, 9, 153600.00, 'bank_transfer', '2026-02-01 12:14:00', 'completed'),
(10, 36, 9, 171100.00, 'bank_transfer', '2026-02-11 12:46:00', 'completed'),
(11, 45, 9, 285825.00, 'cash', '2026-02-08 16:52:00', 'completed'),
(12, 33, 9, 80298.72, 'card', '2026-01-29 13:02:00', 'completed'),
(13, 49, 9, 77224.26, 'cash', '2026-01-28 14:22:00', 'completed'),
(14, 4, 9, 6169.75, 'cash', '2026-02-01 09:40:00', 'completed'),
(15, 39, 9, 92469.42, 'card', '2026-02-08 09:20:00', 'completed'),
(16, 41, 9, 166400.00, 'card', '2026-02-16 12:09:00', 'completed'),
(17, 42, 9, 170106.66, 'card', '2026-02-12 17:05:00', 'completed'),
(17, 42, 9, 201993.34, 'bank_transfer', '2026-02-05 13:50:00', 'completed'),
(18, 32, 9, 45600.00, 'bank_transfer', '2026-02-01 09:35:00', 'completed'),
(19, 39, 9, 150200.00, 'bank_transfer', '2026-02-19 11:48:00', 'completed'),
(20, 19, 9, 283955.00, 'bank_transfer', '2026-02-18 12:35:00', 'completed'),
(21, 13, 9, 21718.16, 'bank_transfer', '2026-02-04 15:20:00', 'completed'),
(21, 13, 9, 32781.84, 'card', '2026-02-23 10:07:00', 'completed'),
(22, 33, 9, 109575.55, 'cash', '2026-02-14 14:22:00', 'completed'),
(23, 15, 9, 65160.00, 'cash', '2026-02-10 14:39:00', 'completed'),
(24, 46, 9, 29034.77, 'cash', '2026-02-24 16:02:00', 'completed'),
(26, 27, 9, 28009.80, 'card', '2026-02-10 10:07:00', 'completed'),
(27, 38, 9, 40985.63, 'cash', '2026-03-01 13:00:00', 'completed'),
(28, 3, 9, 68067.78, 'cash', '2026-02-25 14:13:00', 'completed'),
(28, 3, 9, 93212.22, 'card', '2026-03-05 12:13:00', 'completed'),
(29, 12, 9, 199495.69, 'card', '2026-03-03 11:44:00', 'completed'),
(29, 12, 9, 184504.31, 'card', '2026-03-06 09:24:00', 'completed'),
(30, 19, 9, 296970.00, 'bank_transfer', '2026-02-11 11:03:00', 'completed'),
(31, 28, 9, 157644.26, 'bank_transfer', '2026-02-11 09:04:00', 'completed'),
(31, 28, 9, 130455.74, 'card', '2026-02-22 13:42:00', 'completed'),
(32, 25, 9, 347483.09, 'cash', '2026-02-14 13:55:00', 'completed'),
(33, 2, 9, 96530.10, 'card', '2026-02-25 10:57:00', 'completed'),
(34, 8, 9, 173126.03, 'cash', '2026-02-19 17:29:00', 'completed'),
(34, 8, 9, 164598.97, 'card', '2026-03-03 09:02:00', 'completed'),
(35, 11, 9, 28800.00, 'bank_transfer', '2026-02-22 15:47:00', 'completed'),
(36, 36, 9, 358340.00, 'bank_transfer', '2026-02-26 13:15:00', 'completed'),
(39, 10, 9, 348725.00, 'bank_transfer', '2026-02-25 09:35:00', 'completed'),
(41, 39, 9, 613600.00, 'card', '2026-02-28 11:05:00', 'completed'),
(42, 16, 9, 176777.91, 'card', '2026-03-07 12:26:00', 'completed'),
(43, 32, 9, 159300.00, 'card', '2026-02-26 14:28:00', 'completed'),
(44, 35, 9, 640800.00, 'card', '2026-02-21 17:43:00', 'completed'),
(45, 33, 9, 185756.91, 'card', '2026-02-26 17:58:00', 'completed'),
(46, 39, 9, 62562.86, 'card', '2026-02-22 11:20:00', 'completed'),
(46, 39, 9, 28067.14, 'card', '2026-02-20 17:46:00', 'completed'),
(47, 48, 9, 143400.00, 'card', '2026-02-22 09:48:00', 'completed'),
(48, 20, 9, 561154.62, 'bank_transfer', '2026-03-01 13:09:00', 'completed'),
(48, 20, 9, 258673.38, 'cash', '2026-03-16 10:08:00', 'completed'),
(49, 2, 9, 218243.93, 'card', '2026-02-28 12:38:00', 'completed'),
(49, 2, 9, 182356.07, 'cash', '2026-02-27 09:22:00', 'completed'),
(50, 25, 9, 75430.27, 'bank_transfer', '2026-03-10 14:11:00', 'completed'),
(50, 25, 9, 137869.73, 'bank_transfer', '2026-03-03 16:08:00', 'completed'),
(51, 19, 9, 152604.00, 'cash', '2026-03-07 13:26:00', 'completed'),
(52, 36, 9, 12635.00, 'cash', '2026-02-26 10:11:00', 'completed'),
(55, 3, 9, 45010.28, 'bank_transfer', '2026-03-05 12:27:00', 'completed'),
(56, 8, 9, 82593.00, 'bank_transfer', '2026-03-17 14:25:00', 'completed'),
(57, 41, 9, 246690.82, 'card', '2026-03-15 09:33:00', 'completed'),
(57, 41, 9, 212249.78, 'bank_transfer', '2026-03-02 16:52:00', 'completed'),
(58, 47, 9, 217470.14, 'card', '2026-03-07 17:25:00', 'completed'),
(60, 6, 9, 44400.00, 'card', '2026-03-28 09:12:00', 'completed'),
(61, 34, 9, 21367.50, 'bank_transfer', '2026-03-12 16:10:00', 'completed'),
(62, 30, 9, 31912.50, 'card', '2026-03-09 17:57:00', 'completed'),
(63, 23, 9, 136099.52, 'card', '2026-03-30 10:11:00', 'completed'),
(63, 23, 9, 147040.48, 'card', '2026-03-31 17:08:00', 'completed'),
(64, 6, 9, 294025.00, 'cash', '2026-03-10 16:37:00', 'completed'),
(65, 30, 9, 163864.72, 'cash', '2026-03-22 13:20:00', 'completed'),
(66, 46, 9, 338734.78, 'card', '2026-03-16 10:05:00', 'completed'),
(67, 37, 9, 46930.00, 'cash', '2026-03-21 17:45:00', 'completed'),
(68, 44, 9, 106290.35, 'bank_transfer', '2026-03-17 17:24:00', 'completed'),
(68, 44, 9, 104324.65, 'cash', '2026-03-13 14:36:00', 'completed'),
(69, 35, 9, 14143.59, 'cash', '2026-03-17 11:49:00', 'completed'),
(70, 9, 9, 252313.25, 'card', '2026-03-23 16:18:00', 'completed'),
(71, 31, 9, 32367.60, 'cash', '2026-03-20 09:39:00', 'completed'),
(72, 39, 9, 25558.29, 'bank_transfer', '2026-03-28 17:51:00', 'completed'),
(73, 32, 9, 69228.54, 'card', '2026-04-03 16:29:00', 'completed'),
(73, 32, 9, 105966.46, 'bank_transfer', '2026-03-29 10:38:00', 'completed'),
(74, 38, 9, 355104.00, 'bank_transfer', '2026-04-01 17:52:00', 'completed'),
(75, 11, 9, 37592.26, 'cash', '2026-03-20 14:02:00', 'completed'),
(76, 10, 9, 88152.50, 'card', '2026-04-05 13:21:00', 'completed'),
(78, 24, 9, 84000.00, 'cash', '2026-03-22 13:39:00', 'completed'),
(79, 4, 9, 94813.51, 'card', '2026-04-04 11:29:00', 'completed'),
(80, 18, 9, 103659.95, 'cash', '2026-03-19 13:20:00', 'completed'),
(81, 5, 9, 74277.50, 'bank_transfer', '2026-03-22 17:04:00', 'completed'),
(82, 48, 9, 115625.00, 'bank_transfer', '2026-04-13 14:33:00', 'completed'),
(83, 36, 9, 27750.00, 'card', '2026-03-28 09:06:00', 'completed'),
(84, 46, 9, 62259.12, 'bank_transfer', '2026-03-23 13:27:00', 'completed'),
(84, 46, 9, 59440.88, 'bank_transfer', '2026-04-09 13:33:00', 'completed'),
(85, 36, 9, 31350.00, 'card', '2026-03-27 16:33:00', 'completed'),
(86, 27, 9, 36743.20, 'card', '2026-04-01 12:45:00', 'completed'),
(87, 22, 9, 248800.00, 'cash', '2026-03-27 16:40:00', 'completed'),
(88, 48, 9, 130336.81, 'card', '2026-03-31 15:26:00', 'completed'),
(89, 12, 9, 478500.00, 'card', '2026-04-23 12:00:00', 'completed'),
(90, 10, 9, 297324.00, 'cash', '2026-04-07 13:19:00', 'completed'),
(91, 41, 9, 240300.00, 'cash', '2026-03-29 14:21:00', 'completed'),
(92, 1, 9, 212610.00, 'cash', '2026-03-29 12:21:00', 'completed'),
(93, 23, 9, 114916.47, 'bank_transfer', '2026-04-12 09:41:00', 'completed'),
(94, 31, 9, 66045.00, 'card', '2026-04-11 14:29:00', 'completed'),
(95, 48, 9, 70938.95, 'card', '2026-03-31 13:36:00', 'completed'),
(96, 48, 9, 215047.99, 'cash', '2026-04-20 12:36:00', 'completed'),
(97, 41, 9, 90136.24, 'cash', '2026-04-15 11:17:00', 'completed'),
(98, 8, 9, 72366.67, 'card', '2026-04-15 17:53:00', 'completed'),
(99, 11, 9, 262700.00, 'card', '2026-04-07 10:55:00', 'completed'),
(100, 42, 9, 110787.09, 'card', '2026-04-14 09:17:00', 'completed'),
(101, 11, 9, 326268.00, 'bank_transfer', '2026-04-10 16:53:00', 'completed'),
(103, 8, 9, 240160.00, 'bank_transfer', '2026-04-06 09:49:00', 'completed'),
(104, 11, 9, 270192.50, 'cash', '2026-04-20 16:57:00', 'completed'),
(105, 21, 9, 276696.00, 'card', '2026-04-23 17:19:00', 'completed'),
(106, 33, 9, 147886.66, 'card', '2026-04-13 11:13:00', 'completed'),
(107, 28, 9, 93535.39, 'cash', '2026-04-24 09:19:00', 'completed'),
(109, 42, 9, 99247.10, 'bank_transfer', '2026-04-13 16:56:00', 'completed'),
(110, 8, 9, 38016.00, 'card', '2026-05-01 13:01:00', 'completed'),
(111, 49, 9, 265410.00, 'bank_transfer', '2026-04-20 12:12:00', 'completed'),
(112, 49, 9, 191800.00, 'bank_transfer', '2026-05-07 10:17:00', 'completed'),
(113, 45, 9, 85260.60, 'card', '2026-04-14 17:32:00', 'completed'),
(114, 25, 9, 151200.00, 'bank_transfer', '2026-05-03 13:09:00', 'completed'),
(116, 26, 9, 165448.55, 'cash', '2026-04-23 13:39:00', 'completed'),
(117, 21, 9, 23226.61, 'cash', '2026-04-20 09:30:00', 'completed'),
(119, 47, 9, 19200.00, 'bank_transfer', '2026-04-21 15:11:00', 'completed'),
(120, 17, 9, 129759.40, 'card', '2026-05-10 16:39:00', 'completed'),
(121, 46, 9, 324860.00, 'card', '2026-04-28 17:05:00', 'completed'),
(123, 19, 9, 208060.68, 'cash', '2026-04-26 16:06:00', 'completed'),
(124, 1, 9, 259800.00, 'bank_transfer', '2026-05-12 16:14:00', 'completed'),
(126, 21, 9, 88837.67, 'bank_transfer', '2026-05-04 11:44:00', 'completed'),
(126, 21, 9, 131482.33, 'bank_transfer', '2026-05-14 14:29:00', 'completed'),
(127, 7, 9, 101400.00, 'bank_transfer', '2026-04-27 16:29:00', 'completed'),
(128, 14, 9, 79512.64, 'card', '2026-05-04 11:32:00', 'completed'),
(129, 48, 9, 112992.51, 'card', '2026-05-04 10:50:00', 'completed'),
(129, 48, 9, 69635.49, 'card', '2026-05-03 16:25:00', 'completed'),
(130, 41, 9, 183600.00, 'card', '2026-05-04 11:30:00', 'completed'),
(131, 23, 9, 120349.80, 'card', '2026-05-20 15:50:00', 'completed'),
(133, 21, 9, 51060.00, 'cash', '2026-05-21 11:42:00', 'completed'),
(134, 38, 9, 101099.10, 'bank_transfer', '2026-05-18 10:37:00', 'completed'),
(135, 12, 9, 160839.00, 'bank_transfer', '2026-05-02 11:19:00', 'completed'),
(137, 9, 9, 142457.40, 'bank_transfer', '2026-05-22 14:31:00', 'completed'),
(138, 46, 9, 456100.00, 'cash', '2026-05-10 09:48:00', 'completed'),
(139, 12, 9, 437400.00, 'bank_transfer', '2026-05-20 15:39:00', 'completed'),
(140, 11, 9, 205905.00, 'bank_transfer', '2026-05-26 13:36:00', 'completed'),
(141, 1, 9, 266962.14, 'card', '2026-05-16 14:05:00', 'completed'),
(142, 49, 9, 66150.00, 'bank_transfer', '2026-05-23 11:54:00', 'completed'),
(143, 25, 9, 27360.00, 'cash', '2026-05-25 09:45:00', 'completed'),
(144, 28, 9, 66437.49, 'cash', '2026-05-19 12:27:00', 'completed'),
(144, 28, 9, 126762.51, 'card', '2026-06-01 15:40:00', 'completed'),
(145, 32, 9, 69000.00, 'bank_transfer', '2026-05-24 17:13:00', 'completed'),
(146, 8, 9, 17427.41, 'card', '2026-05-16 15:53:00', 'completed'),
(148, 23, 9, 65096.58, 'cash', '2026-05-16 09:04:00', 'completed'),
(149, 37, 9, 369907.50, 'card', '2026-05-28 15:08:00', 'completed'),
(150, 25, 9, 249480.00, 'bank_transfer', '2026-05-28 15:39:00', 'completed'),
(151, 19, 9, 258970.00, 'bank_transfer', '2026-05-31 15:22:00', 'completed'),
(152, 26, 9, 36288.00, 'card', '2026-05-13 16:54:00', 'completed'),
(153, 32, 9, 128394.24, 'bank_transfer', '2026-05-20 17:36:00', 'completed'),
(154, 34, 9, 2391.65, 'bank_transfer', '2026-06-05 10:37:00', 'completed'),
(154, 34, 9, 2144.35, 'card', '2026-05-29 10:09:00', 'completed'),
(155, 2, 9, 49180.11, 'bank_transfer', '2026-05-26 17:05:00', 'completed'),
(156, 25, 9, 291016.80, 'bank_transfer', '2026-05-25 10:43:00', 'completed'),
(157, 9, 9, 122229.97, 'bank_transfer', '2026-05-20 17:49:00', 'completed'),
(157, 9, 9, 165370.03, 'bank_transfer', '2026-05-19 16:32:00', 'completed'),
(159, 42, 9, 185000.00, 'bank_transfer', '2026-06-02 13:10:00', 'completed'),
(160, 17, 9, 234750.02, 'card', '2026-06-11 13:03:00', 'completed'),
(160, 17, 9, 156649.98, 'bank_transfer', '2026-06-08 11:36:00', 'completed'),
(161, 19, 9, 100704.67, 'cash', '2026-06-12 13:31:00', 'completed'),
(161, 19, 9, 60795.33, 'cash', '2026-05-26 17:04:00', 'completed'),
(162, 22, 9, 143112.20, 'card', '2026-05-26 13:17:00', 'completed'),
(163, 27, 9, 40293.82, 'card', '2026-05-25 11:58:00', 'completed'),
(164, 1, 9, 135790.00, 'bank_transfer', '2026-06-09 11:16:00', 'completed'),
(165, 25, 9, 10235.45, 'card', '2026-05-30 09:21:00', 'completed'),
(168, 36, 9, 51502.21, 'bank_transfer', '2026-06-26 15:15:00', 'completed'),
(168, 36, 9, 29597.79, 'bank_transfer', '2026-06-23 11:13:00', 'completed'),
(169, 7, 9, 40533.19, 'cash', '2026-06-09 09:10:00', 'completed'),
(169, 7, 9, 85451.81, 'bank_transfer', '2026-06-15 16:19:00', 'completed'),
(170, 32, 9, 89108.63, 'bank_transfer', '2026-06-10 15:30:00', 'completed'),
(170, 32, 9, 44091.37, 'cash', '2026-06-11 17:55:00', 'completed'),
(171, 33, 9, 29925.00, 'bank_transfer', '2026-06-28 15:43:00', 'completed'),
(172, 3, 9, 40050.00, 'cash', '2026-06-05 17:40:00', 'completed'),
(173, 23, 9, 169053.94, 'bank_transfer', '2026-06-25 14:17:00', 'completed'),
(173, 23, 9, 141596.06, 'cash', '2026-06-13 13:41:00', 'completed'),
(174, 31, 9, 502830.00, 'card', '2026-06-27 12:46:00', 'completed'),
(175, 32, 9, 146767.20, 'bank_transfer', '2026-06-21 11:20:00', 'completed'),
(176, 43, 9, 492220.80, 'cash', '2026-06-06 15:06:00', 'completed'),
(177, 32, 9, 526695.00, 'cash', '2026-06-16 13:16:00', 'completed'),
(178, 21, 9, 528960.00, 'cash', '2026-06-08 12:38:00', 'completed'),
(179, 24, 9, 59332.44, 'cash', '2026-06-26 15:42:00', 'completed'),
(179, 24, 9, 111167.56, 'card', '2026-07-01 11:57:00', 'completed'),
(180, 34, 9, 49572.00, 'bank_transfer', '2026-06-18 10:40:00', 'completed'),
(181, 13, 9, 108603.79, 'card', '2026-07-02 14:16:00', 'completed'),
(181, 13, 9, 70096.21, 'cash', '2026-06-15 13:49:00', 'completed'),
(182, 28, 9, 498510.00, 'bank_transfer', '2026-06-10 13:11:00', 'completed'),
(183, 45, 9, 242800.00, 'card', '2026-06-18 15:11:00', 'completed'),
(184, 48, 9, 561752.50, 'bank_transfer', '2026-06-29 12:39:00', 'completed'),
(185, 23, 9, 47889.28, 'cash', '2026-06-19 10:04:00', 'completed'),
(185, 23, 9, 33810.72, 'card', '2026-07-04 13:49:00', 'completed'),
(186, 18, 9, 3020.15, 'cash', '2026-07-05 09:42:00', 'completed'),
(186, 18, 9, 5379.85, 'bank_transfer', '2026-06-27 11:44:00', 'completed'),
(187, 44, 9, 467460.00, 'card', '2026-06-14 16:30:00', 'completed'),
(188, 40, 9, 51834.47, 'cash', '2026-07-10 17:14:00', 'completed'),
(188, 40, 9, 32810.53, 'bank_transfer', '2026-06-15 16:07:00', 'completed'),
(189, 12, 9, 15303.07, 'bank_transfer', '2026-07-09 15:03:00', 'completed'),
(189, 12, 9, 19196.93, 'card', '2026-07-08 10:23:00', 'completed');
INSERT INTO payment (invoice_id, customer_id, received_by, amount, payment_method, payment_date, payment_status) VALUES
(190, 10, 9, 115034.87, 'bank_transfer', '2026-07-02 12:11:00', 'completed'),
(190, 10, 9, 231265.13, 'cash', '2026-07-05 15:42:00', 'completed'),
(191, 33, 9, 319107.60, 'card', '2026-06-20 14:31:00', 'completed'),
(192, 43, 9, 300100.00, 'cash', '2026-07-09 11:02:00', 'completed'),
(193, 34, 9, 37202.27, 'bank_transfer', '2026-07-04 10:50:00', 'completed'),
(193, 34, 9, 32052.73, 'card', '2026-07-06 13:31:00', 'completed'),
(194, 35, 9, 9688.48, 'cash', '2026-06-18 14:03:00', 'completed'),
(194, 35, 9, 10507.52, 'card', '2026-06-28 09:25:00', 'completed'),
(195, 15, 9, 176654.32, 'card', '2026-07-04 17:09:00', 'completed'),
(195, 15, 9, 134945.68, 'card', '2026-07-13 12:59:00', 'completed'),
(196, 45, 9, 192643.17, 'bank_transfer', '2026-06-20 09:15:00', 'completed'),
(196, 45, 9, 196096.83, 'card', '2026-07-12 11:00:00', 'completed'),
(197, 26, 9, 571710.00, 'cash', '2026-06-30 16:39:00', 'completed'),
(198, 48, 9, 171475.00, 'cash', '2026-06-27 16:38:00', 'completed'),
(199, 43, 9, 47359.34, 'bank_transfer', '2026-06-28 14:51:00', 'completed'),
(200, 22, 9, 62927.35, 'bank_transfer', '2026-07-07 10:43:00', 'completed'),
(201, 11, 9, 211770.00, 'cash', '2026-07-16 09:37:00', 'completed'),
(202, 20, 9, 114052.50, 'cash', '2026-07-03 15:10:00', 'completed'),
(203, 26, 9, 191054.97, 'cash', '2026-07-11 09:08:00', 'completed'),
(204, 1, 9, 4711.32, 'cash', '2026-07-16 09:56:00', 'completed'),
(204, 1, 9, 3933.68, 'cash', '2026-07-12 09:00:00', 'completed'),
(205, 10, 9, 193200.00, 'card', '2026-07-15 13:26:00', 'completed'),
(206, 24, 9, 163520.71, 'card', '2026-07-14 11:13:00', 'completed'),
(207, 38, 9, 219240.00, 'bank_transfer', '2026-07-11 12:11:00', 'completed'),
(208, 11, 9, 62160.00, 'card', '2026-07-02 16:39:00', 'completed'),
(210, 33, 9, 101441.67, 'card', '2026-06-28 12:12:00', 'completed'),
(210, 33, 9, 129558.33, 'card', '2026-07-01 10:39:00', 'completed'),
(211, 31, 9, 88170.61, 'bank_transfer', '2026-07-06 12:17:00', 'completed'),
(211, 31, 9, 82739.39, 'cash', '2026-06-30 10:50:00', 'completed'),
(212, 25, 9, 413787.70, 'cash', '2026-07-14 11:42:00', 'completed'),
(212, 25, 9, 208829.80, 'cash', '2026-06-30 14:18:00', 'completed'),
(213, 39, 9, 537408.00, 'bank_transfer', '2026-07-16 09:06:00', 'completed'),
(214, 38, 9, 308578.10, 'cash', '2026-07-06 09:31:00', 'completed'),
(215, 21, 9, 36480.00, 'card', '2026-07-10 16:37:00', 'completed'),
(216, 14, 9, 37462.50, 'card', '2026-07-16 14:14:00', 'completed'),
(217, 43, 9, 37654.46, 'cash', '2026-07-05 15:55:00', 'completed'),
(218, 25, 9, 111176.51, 'bank_transfer', '2026-07-16 09:56:00', 'completed'),
(218, 25, 9, 226323.49, 'cash', '2026-07-16 12:59:00', 'completed'),
(219, 13, 9, 185400.00, 'cash', '2026-07-15 16:46:00', 'completed'),
(220, 26, 9, 114000.00, 'cash', '2026-07-14 14:08:00', 'completed'),
(221, 38, 9, 508725.00, 'cash', '2026-07-12 10:54:00', 'completed'),
(222, 33, 9, 529351.20, 'bank_transfer', '2026-07-16 12:56:00', 'completed'),
(223, 17, 9, 210252.50, 'card', '2026-07-16 11:36:00', 'completed'),
(225, 31, 9, 186609.20, 'bank_transfer', '2026-07-16 12:37:00', 'completed'),
(226, 28, 9, 492840.00, 'card', '2026-07-08 15:47:00', 'completed'),
(227, 38, 9, 129389.49, 'card', '2026-07-16 12:57:00', 'completed'),
(231, 49, 9, 65285.69, 'cash', '2026-07-16 16:46:00', 'completed'),
(232, 23, 9, 56580.70, 'bank_transfer', '2026-07-16 16:51:00', 'completed');

-- delivery
INSERT INTO delivery (delivery_id, order_id, driver_id, vehicle_id, scheduled_date, route_details, status, transport_cost) VALUES
(1, 1, 3, 4, '2026-01-17', 'Galle - Matara southern route via A2', 'delivered', 2423.75),
(2, 3, 2, 4, '2026-01-21', 'Colombo - Gampaha corridor via Kandy Road', 'delivered', 5843.80),
(3, 4, 1, 3, '2026-01-20', 'Colombo - Gampaha corridor via Kandy Road', 'delivered', 2321.54),
(4, 5, 2, 2, '2026-01-23', 'Galle - Matara southern route via A2', 'delivered', 3306.18),
(5, 6, 2, 4, '2026-01-26', 'Kurunegala - Puttalam route via A10', 'delivered', 5559.55),
(6, 7, 1, 1, '2026-01-22', 'Negombo - Wattala route via Negombo Road', 'delivered', 3757.72),
(7, 8, 2, 4, '2026-01-24', 'Kurunegala - Puttalam route via A10', 'delivered', 4882.07),
(8, 9, 1, 2, '2026-01-24', 'Kurunegala - Puttalam route via A10', 'delayed', 3136.60),
(9, 10, 3, 2, '2026-01-25', 'Kandy - Matale route via A9', 'delivered', 2918.16),
(10, 11, 1, 1, '2026-01-29', 'Colombo city deliveries - central zone', 'delivered', 6176.02),
(11, 12, 3, 2, '2026-01-27', 'Gampaha - Kadawatha route via Kandy Road', 'delivered', 3391.82),
(12, 13, 1, 2, '2026-01-26', 'Negombo - Wattala route via Negombo Road', 'delivered', 2719.86),
(13, 14, 2, 3, '2026-01-30', 'Kurunegala - Puttalam route via A10', 'delivered', 3248.00),
(14, 15, 1, 2, '2026-01-31', 'Galle - Matara southern route via A2', 'delivered', 3225.19),
(15, 17, 1, 4, '2026-02-02', 'Negombo - Wattala route via Negombo Road', 'delivered', 4403.17),
(16, 18, 3, 2, '2026-01-31', 'Colombo - Gampaha corridor via Kandy Road', 'delivered', 2360.97),
(17, 19, 2, 2, '2026-02-03', 'Colombo - Gampaha corridor via Kandy Road', 'cancelled', 2486.84),
(18, 20, 2, 3, '2026-02-03', 'Colombo - Gampaha corridor via Kandy Road', 'delivered', 3162.32),
(19, 21, 1, 1, '2026-02-03', 'Kandy - Matale route via A9', 'delivered', 4235.40),
(20, 22, 1, 4, '2026-02-02', 'Kurunegala - Puttalam route via A10', 'delivered', 3264.40),
(21, 23, 1, 2, '2026-02-03', 'Colombo - Kalutara coastal route via Galle Road', 'delivered', 3796.58),
(22, 24, 3, 2, '2026-02-02', 'Galle - Matara southern route via A2', 'delivered', 2668.47),
(23, 25, 1, 2, '2026-02-03', 'Galle - Matara southern route via A2', 'delivered', 6332.04),
(24, 27, 2, 1, '2026-02-09', 'Gampaha - Kadawatha route via Kandy Road', 'delivered', 2318.49),
(25, 29, 2, 2, '2026-02-12', 'Colombo - Kalutara coastal route via Galle Road', 'delivered', 6005.35),
(26, 31, 2, 2, '2026-02-10', 'Colombo city deliveries - central zone', 'delayed', 2376.98),
(27, 32, 3, 4, '2026-02-14', 'Kurunegala - Puttalam route via A10', 'delivered', 4036.38),
(28, 33, 1, 4, '2026-02-11', 'Colombo - Gampaha corridor via Kandy Road', 'delivered', 6368.74),
(29, 34, 3, 3, '2026-02-12', 'Kurunegala - Puttalam route via A10', 'delivered', 5604.56),
(30, 35, 3, 4, '2026-02-12', 'Gampaha - Kadawatha route via Kandy Road', 'delivered', 5390.85),
(31, 36, 2, 3, '2026-02-16', 'Colombo - Gampaha corridor via Kandy Road', 'delivered', 1932.29),
(32, 37, 1, 3, '2026-02-15', 'Colombo - Kalutara coastal route via Galle Road', 'delivered', 3386.69),
(33, 38, 1, 2, '2026-02-15', 'Kurunegala - Puttalam route via A10', 'delivered', 4134.64),
(34, 39, 2, 4, '2026-02-17', 'Galle - Matara southern route via A2', 'delivered', 4735.49),
(35, 40, 2, 4, '2026-02-14', 'Kurunegala - Puttalam route via A10', 'delivered', 2740.36),
(36, 41, 2, 1, '2026-02-19', 'Galle - Matara southern route via A2', 'delivered', 3512.09),
(37, 42, 2, 2, '2026-02-17', 'Colombo city deliveries - central zone', 'delivered', 2920.87),
(38, 43, 2, 2, '2026-02-16', 'Colombo - Gampaha corridor via Kandy Road', 'delivered', 6329.80),
(39, 44, 1, 2, '2026-02-15', 'Colombo - Kalutara coastal route via Galle Road', 'delivered', 4483.57),
(40, 45, 3, 2, '2026-02-21', 'Colombo city deliveries - central zone', 'delivered', 2824.64),
(41, 46, 2, 2, '2026-02-20', 'Kurunegala - Puttalam route via A10', 'delivered', 4033.54),
(42, 47, 3, 2, '2026-02-20', 'Gampaha - Kadawatha route via Kandy Road', 'delivered', 3625.81),
(43, 48, 2, 1, '2026-02-20', 'Negombo - Wattala route via Negombo Road', 'delivered', 5872.29),
(44, 49, 3, 3, '2026-02-22', 'Gampaha - Kadawatha route via Kandy Road', 'delivered', 5067.49),
(45, 50, 2, 4, '2026-02-20', 'Gampaha - Kadawatha route via Kandy Road', 'delivered', 5905.48),
(46, 51, 3, 2, '2026-02-19', 'Colombo - Kalutara coastal route via Galle Road', 'delivered', 6378.40),
(47, 52, 2, 4, '2026-02-23', 'Gampaha - Kadawatha route via Kandy Road', 'delivered', 2357.01),
(48, 54, 1, 1, '2026-02-21', 'Negombo - Wattala route via Negombo Road', 'delivered', 6387.80),
(49, 56, 3, 4, '2026-02-24', 'Negombo - Wattala route via Negombo Road', 'delivered', 2143.36),
(50, 58, 3, 2, '2026-02-24', 'Negombo - Wattala route via Negombo Road', 'delivered', 2598.37),
(51, 59, 2, 3, '2026-02-24', 'Colombo city deliveries - central zone', 'delayed', 3129.75),
(52, 60, 1, 4, '2026-02-24', 'Colombo - Gampaha corridor via Kandy Road', 'delayed', 2687.92),
(53, 61, 1, 4, '2026-02-27', 'Colombo - Gampaha corridor via Kandy Road', 'delivered', 3875.14),
(54, 62, 3, 3, '2026-03-02', 'Galle - Matara southern route via A2', 'delivered', 4542.67),
(55, 63, 2, 2, '2026-03-06', 'Colombo - Gampaha corridor via Kandy Road', 'delivered', 2181.00),
(56, 64, 3, 3, '2026-03-06', 'Kurunegala - Puttalam route via A10', 'delivered', 5551.29),
(57, 65, 2, 2, '2026-03-03', 'Colombo - Kalutara coastal route via Galle Road', 'delivered', 3203.17),
(58, 66, 2, 1, '2026-03-09', 'Colombo city deliveries - central zone', 'delivered', 5611.67),
(59, 67, 2, 4, '2026-03-10', 'Colombo city deliveries - central zone', 'delivered', 2172.16),
(60, 68, 2, 3, '2026-03-11', 'Negombo - Wattala route via Negombo Road', 'delivered', 4552.17),
(61, 69, 1, 2, '2026-03-11', 'Kandy - Matale route via A9', 'delivered', 2167.64),
(62, 70, 3, 4, '2026-03-13', 'Negombo - Wattala route via Negombo Road', 'delayed', 4706.95),
(63, 71, 1, 1, '2026-03-14', 'Galle - Matara southern route via A2', 'delivered', 2325.99),
(64, 72, 2, 4, '2026-03-13', 'Colombo - Gampaha corridor via Kandy Road', 'delivered', 5841.04),
(65, 73, 2, 1, '2026-03-17', 'Gampaha - Kadawatha route via Kandy Road', 'delivered', 3678.50),
(66, 74, 3, 3, '2026-03-16', 'Gampaha - Kadawatha route via Kandy Road', 'delivered', 5078.32),
(67, 75, 2, 3, '2026-03-16', 'Gampaha - Kadawatha route via Kandy Road', 'delivered', 5558.85),
(68, 76, 1, 2, '2026-03-17', 'Colombo - Gampaha corridor via Kandy Road', 'delivered', 6496.53),
(69, 78, 3, 3, '2026-03-17', 'Kandy - Matale route via A9', 'delivered', 5811.02),
(70, 79, 1, 2, '2026-03-16', 'Kurunegala - Puttalam route via A10', 'delivered', 2538.05),
(71, 80, 1, 2, '2026-03-18', 'Gampaha - Kadawatha route via Kandy Road', 'delivered', 3404.20),
(72, 81, 2, 4, '2026-03-18', 'Kurunegala - Puttalam route via A10', 'delivered', 6235.58),
(73, 82, 3, 1, '2026-03-18', 'Negombo - Wattala route via Negombo Road', 'delivered', 3770.73),
(74, 83, 1, 1, '2026-03-21', 'Kurunegala - Puttalam route via A10', 'delivered', 3632.97),
(75, 84, 2, 4, '2026-03-22', 'Colombo - Kalutara coastal route via Galle Road', 'delivered', 5240.33),
(76, 85, 3, 2, '2026-03-18', 'Kurunegala - Puttalam route via A10', 'delayed', 3206.25),
(77, 86, 1, 3, '2026-03-21', 'Gampaha - Kadawatha route via Kandy Road', 'delivered', 2260.54),
(78, 87, 2, 3, '2026-03-25', 'Gampaha - Kadawatha route via Kandy Road', 'delivered', 4791.37),
(79, 88, 3, 3, '2026-03-25', 'Colombo - Kalutara coastal route via Galle Road', 'delivered', 4627.52),
(80, 90, 3, 4, '2026-03-23', 'Colombo - Gampaha corridor via Kandy Road', 'delivered', 6203.06),
(81, 91, 2, 4, '2026-03-27', 'Kandy - Matale route via A9', 'delivered', 5381.17),
(82, 92, 3, 4, '2026-03-28', 'Negombo - Wattala route via Negombo Road', 'delivered', 4835.81),
(83, 94, 3, 2, '2026-03-30', 'Colombo - Gampaha corridor via Kandy Road', 'delivered', 3092.32),
(84, 95, 1, 1, '2026-04-01', 'Kandy - Matale route via A9', 'delivered', 3141.15),
(85, 96, 2, 3, '2026-03-30', 'Negombo - Wattala route via Negombo Road', 'delivered', 3564.91),
(86, 97, 1, 1, '2026-03-28', 'Negombo - Wattala route via Negombo Road', 'delivered', 4404.15),
(87, 98, 1, 4, '2026-03-29', 'Gampaha - Kadawatha route via Kandy Road', 'delayed', 1996.42),
(88, 100, 3, 4, '2026-04-03', 'Kurunegala - Puttalam route via A10', 'delivered', 5759.46),
(89, 101, 1, 3, '2026-04-06', 'Kurunegala - Puttalam route via A10', 'delivered', 4785.30),
(90, 102, 2, 1, '2026-04-03', 'Colombo - Gampaha corridor via Kandy Road', 'delivered', 4961.72),
(91, 103, 2, 3, '2026-04-05', 'Colombo city deliveries - central zone', 'delivered', 2632.78),
(92, 104, 3, 3, '2026-04-04', 'Galle - Matara southern route via A2', 'delivered', 2901.01),
(93, 105, 3, 2, '2026-04-04', 'Colombo - Kalutara coastal route via Galle Road', 'delivered', 4564.37),
(94, 106, 2, 1, '2026-04-07', 'Kurunegala - Puttalam route via A10', 'cancelled', 3832.98),
(95, 107, 1, 2, '2026-04-08', 'Colombo - Gampaha corridor via Kandy Road', 'delivered', 3106.29),
(96, 109, 2, 3, '2026-04-04', 'Colombo - Kalutara coastal route via Galle Road', 'delivered', 4742.18),
(97, 110, 2, 1, '2026-04-10', 'Colombo - Kalutara coastal route via Galle Road', 'delivered', 6380.27),
(98, 111, 2, 4, '2026-04-09', 'Colombo - Kalutara coastal route via Galle Road', 'delivered', 4701.32),
(99, 112, 1, 1, '2026-04-09', 'Colombo - Kalutara coastal route via Galle Road', 'delivered', 1857.76),
(100, 113, 2, 4, '2026-04-11', 'Kurunegala - Puttalam route via A10', 'delivered', 3262.58),
(101, 114, 1, 4, '2026-04-14', 'Kurunegala - Puttalam route via A10', 'delivered', 2718.41),
(102, 116, 2, 3, '2026-04-15', 'Kandy - Matale route via A9', 'delivered', 2292.79),
(103, 117, 2, 2, '2026-04-14', 'Colombo - Gampaha corridor via Kandy Road', 'delivered', 3505.24),
(104, 118, 1, 3, '2026-04-13', 'Kandy - Matale route via A9', 'delivered', 3397.14),
(105, 119, 2, 2, '2026-04-17', 'Colombo city deliveries - central zone', 'delivered', 5928.42),
(106, 122, 3, 3, '2026-04-18', 'Kandy - Matale route via A9', 'delivered', 3340.10),
(107, 123, 2, 4, '2026-04-21', 'Colombo - Gampaha corridor via Kandy Road', 'delivered', 2773.84),
(108, 124, 2, 3, '2026-04-19', 'Galle - Matara southern route via A2', 'delivered', 4544.62),
(109, 125, 1, 3, '2026-04-20', 'Colombo - Kalutara coastal route via Galle Road', 'delivered', 3184.23),
(110, 126, 1, 3, '2026-04-22', 'Colombo - Gampaha corridor via Kandy Road', 'delivered', 5419.36),
(111, 128, 2, 4, '2026-04-24', 'Kurunegala - Puttalam route via A10', 'delivered', 5522.00),
(112, 129, 2, 3, '2026-04-21', 'Galle - Matara southern route via A2', 'delivered', 3769.99),
(113, 132, 2, 4, '2026-04-25', 'Galle - Matara southern route via A2', 'delivered', 6258.86),
(114, 133, 3, 4, '2026-04-26', 'Colombo - Gampaha corridor via Kandy Road', 'delivered', 2677.45),
(115, 134, 1, 4, '2026-04-27', 'Gampaha - Kadawatha route via Kandy Road', 'delayed', 5292.77),
(116, 135, 2, 2, '2026-04-26', 'Negombo - Wattala route via Negombo Road', 'delivered', 4561.21),
(117, 136, 3, 1, '2026-04-28', 'Colombo - Kalutara coastal route via Galle Road', 'delivered', 3153.19),
(118, 137, 1, 1, '2026-04-28', 'Colombo city deliveries - central zone', 'delivered', 5083.63),
(119, 139, 2, 1, '2026-04-29', 'Colombo - Kalutara coastal route via Galle Road', 'delivered', 4802.67),
(120, 140, 2, 2, '2026-05-02', 'Gampaha - Kadawatha route via Kandy Road', 'delivered', 5656.01),
(121, 141, 2, 2, '2026-04-28', 'Galle - Matara southern route via A2', 'delivered', 5157.74),
(122, 142, 2, 2, '2026-05-01', 'Galle - Matara southern route via A2', 'delayed', 2229.52),
(123, 143, 1, 2, '2026-04-30', 'Kandy - Matale route via A9', 'delivered', 2006.86),
(124, 144, 1, 3, '2026-05-01', 'Kurunegala - Puttalam route via A10', 'delivered', 2006.51),
(125, 145, 3, 4, '2026-05-01', 'Kandy - Matale route via A9', 'delayed', 3360.62),
(126, 146, 3, 2, '2026-05-07', 'Colombo - Gampaha corridor via Kandy Road', 'delivered', 2893.25),
(127, 148, 2, 2, '2026-05-08', 'Negombo - Wattala route via Negombo Road', 'delivered', 3292.43),
(128, 149, 2, 2, '2026-05-05', 'Gampaha - Kadawatha route via Kandy Road', 'delivered', 4759.98),
(129, 150, 3, 4, '2026-05-06', 'Negombo - Wattala route via Negombo Road', 'delivered', 2571.55),
(130, 151, 2, 4, '2026-05-08', 'Colombo city deliveries - central zone', 'delivered', 5373.52),
(131, 152, 1, 3, '2026-05-11', 'Kandy - Matale route via A9', 'delivered', 5159.86),
(132, 153, 2, 1, '2026-05-12', 'Colombo - Kalutara coastal route via Galle Road', 'delivered', 3608.68),
(133, 154, 2, 1, '2026-05-11', 'Kandy - Matale route via A9', 'delivered', 3028.25),
(134, 155, 1, 2, '2026-05-13', 'Colombo city deliveries - central zone', 'delivered', 2579.37),
(135, 156, 1, 3, '2026-05-15', 'Galle - Matara southern route via A2', 'delivered', 6171.08),
(136, 157, 3, 2, '2026-05-15', 'Galle - Matara southern route via A2', 'delivered', 4086.41),
(137, 159, 3, 2, '2026-05-16', 'Colombo - Kalutara coastal route via Galle Road', 'delivered', 3177.69),
(138, 160, 1, 1, '2026-05-13', 'Galle - Matara southern route via A2', 'delivered', 4254.97),
(139, 162, 2, 1, '2026-05-17', 'Colombo - Gampaha corridor via Kandy Road', 'delayed', 3947.52),
(140, 164, 1, 3, '2026-05-20', 'Gampaha - Kadawatha route via Kandy Road', 'delivered', 4706.25),
(141, 165, 3, 4, '2026-05-17', 'Galle - Matara southern route via A2', 'delivered', 4651.79),
(142, 166, 3, 1, '2026-05-20', 'Kandy - Matale route via A9', 'delivered', 4140.25),
(143, 167, 2, 3, '2026-05-19', 'Galle - Matara southern route via A2', 'delayed', 5180.12),
(144, 168, 3, 3, '2026-05-24', 'Galle - Matara southern route via A2', 'delivered', 6179.37),
(145, 169, 1, 1, '2026-05-20', 'Kurunegala - Puttalam route via A10', 'delivered', 2398.86),
(146, 170, 1, 1, '2026-05-23', 'Colombo city deliveries - central zone', 'delivered', 1843.19),
(147, 171, 2, 4, '2026-05-24', 'Galle - Matara southern route via A2', 'delivered', 4126.62),
(148, 172, 1, 1, '2026-05-26', 'Colombo city deliveries - central zone', 'delivered', 3385.83),
(149, 174, 1, 3, '2026-05-27', 'Gampaha - Kadawatha route via Kandy Road', 'delivered', 4876.78),
(150, 175, 1, 1, '2026-05-28', 'Kurunegala - Puttalam route via A10', 'delivered', 6378.55),
(151, 176, 3, 2, '2026-05-29', 'Colombo city deliveries - central zone', 'delivered', 5446.49),
(152, 177, 3, 4, '2026-06-03', 'Negombo - Wattala route via Negombo Road', 'delivered', 5060.51),
(153, 178, 3, 4, '2026-05-31', 'Colombo - Kalutara coastal route via Galle Road', 'delivered', 4238.84),
(154, 179, 3, 3, '2026-06-05', 'Colombo - Gampaha corridor via Kandy Road', 'delivered', 2197.67),
(155, 181, 3, 4, '2026-06-05', 'Kurunegala - Puttalam route via A10', 'delivered', 4256.53),
(156, 182, 1, 3, '2026-06-04', 'Negombo - Wattala route via Negombo Road', 'delivered', 2403.91),
(157, 183, 3, 3, '2026-06-05', 'Galle - Matara southern route via A2', 'delivered', 5157.89),
(158, 184, 3, 1, '2026-06-08', 'Colombo city deliveries - central zone', 'delivered', 2110.01),
(159, 186, 3, 3, '2026-06-05', 'Gampaha - Kadawatha route via Kandy Road', 'delivered', 2249.04),
(160, 188, 2, 4, '2026-06-11', 'Kandy - Matale route via A9', 'delivered', 3017.59),
(161, 189, 2, 2, '2026-06-09', 'Gampaha - Kadawatha route via Kandy Road', 'delivered', 6435.36),
(162, 190, 2, 1, '2026-06-09', 'Colombo - Kalutara coastal route via Galle Road', 'delivered', 2160.46),
(163, 191, 3, 1, '2026-06-11', 'Colombo city deliveries - central zone', 'delivered', 1865.33),
(164, 192, 3, 2, '2026-06-11', 'Kandy - Matale route via A9', 'delivered', 2153.08),
(165, 194, 2, 2, '2026-06-13', 'Colombo - Gampaha corridor via Kandy Road', 'delivered', 5268.72),
(166, 196, 2, 1, '2026-06-17', 'Colombo - Kalutara coastal route via Galle Road', 'delivered', 3824.78),
(167, 197, 1, 3, '2026-06-18', 'Colombo - Kalutara coastal route via Galle Road', 'delivered', 6450.04),
(168, 198, 3, 3, '2026-06-18', 'Colombo - Gampaha corridor via Kandy Road', 'delivered', 2553.47),
(169, 199, 2, 2, '2026-06-19', 'Colombo - Kalutara coastal route via Galle Road', 'delayed', 6301.09),
(170, 200, 3, 3, '2026-06-16', 'Colombo city deliveries - central zone', 'delivered', 6389.26),
(171, 201, 1, 4, '2026-06-16', 'Galle - Matara southern route via A2', 'delayed', 4027.30),
(172, 202, 1, 2, '2026-06-21', 'Colombo city deliveries - central zone', 'delivered', 1980.32),
(173, 203, 3, 1, '2026-06-21', 'Negombo - Wattala route via Negombo Road', 'delivered', 2317.26),
(174, 204, 2, 2, '2026-06-21', 'Negombo - Wattala route via Negombo Road', 'delivered', 6257.14),
(175, 206, 3, 3, '2026-06-25', 'Galle - Matara southern route via A2', 'delivered', 4546.34),
(176, 207, 2, 3, '2026-06-21', 'Gampaha - Kadawatha route via Kandy Road', 'delivered', 6451.33),
(177, 208, 2, 1, '2026-06-24', 'Gampaha - Kadawatha route via Kandy Road', 'delivered', 3769.32),
(178, 209, 3, 1, '2026-06-23', 'Kandy - Matale route via A9', 'delivered', 3857.40),
(179, 211, 2, 3, '2026-06-23', 'Negombo - Wattala route via Negombo Road', 'delivered', 5806.63),
(180, 213, 3, 2, '2026-06-25', 'Galle - Matara southern route via A2', 'delivered', 4312.60),
(181, 214, 2, 2, '2026-06-25', 'Negombo - Wattala route via Negombo Road', 'delivered', 6366.54),
(182, 216, 1, 4, '2026-06-27', 'Colombo - Kalutara coastal route via Galle Road', 'delivered', 4131.02),
(183, 217, 1, 4, '2026-06-29', 'Colombo city deliveries - central zone', 'delivered', 2271.10),
(184, 218, 3, 1, '2026-06-28', 'Colombo - Gampaha corridor via Kandy Road', 'delayed', 6300.80),
(185, 219, 3, 4, '2026-06-28', 'Kandy - Matale route via A9', 'delivered', 3244.71),
(186, 220, 1, 2, '2026-07-02', 'Colombo city deliveries - central zone', 'delivered', 3611.30),
(187, 221, 1, 1, '2026-07-01', 'Kandy - Matale route via A9', 'delayed', 2636.92),
(188, 222, 2, 3, '2026-07-02', 'Kurunegala - Puttalam route via A10', 'delivered', 5914.39),
(189, 223, 2, 3, '2026-07-03', 'Kandy - Matale route via A9', 'delivered', 2225.10),
(190, 225, 3, 4, '2026-07-02', 'Galle - Matara southern route via A2', 'delivered', 3607.75),
(191, 226, 2, 3, '2026-07-02', 'Kandy - Matale route via A9', 'delivered', 3185.08),
(192, 227, 1, 1, '2026-07-01', 'Colombo - Kalutara coastal route via Galle Road', 'delivered', 4041.08),
(193, 228, 3, 3, '2026-07-03', 'Gampaha - Kadawatha route via Kandy Road', 'delivered', 3734.16),
(194, 230, 2, 3, '2026-07-04', 'Negombo - Wattala route via Negombo Road', 'delivered', 5133.96),
(195, 231, 2, 4, '2026-07-07', 'Kandy - Matale route via A9', 'in_transit', 2056.96),
(196, 232, 1, 1, '2026-07-06', 'Negombo - Wattala route via Negombo Road', 'delivered', 2682.40),
(197, 239, 2, 3, '2026-07-11', 'Kandy - Matale route via A9', 'delivered', 5102.49),
(198, 240, 2, 1, '2026-07-09', 'Colombo - Kalutara coastal route via Galle Road', 'delivered', 6278.25),
(199, 241, 3, 4, '2026-07-12', 'Galle - Matara southern route via A2', 'in_transit', 2781.46);

-- delivery_issue
INSERT INTO delivery_issue (delivery_id, reported_by, issue_description, issue_date) VALUES
(8, 11, 'Reason: vehicle_issue. Action taken: Vehicle breakdown en route.', '2026-01-24 10:45:00'),
(9, 3, '[High priority] Vehicle Issue: reported by driver during delivery.', '2026-01-25 10:28:00'),
(15, 1, '[High priority] Vehicle Issue: reported by driver during delivery.', '2026-02-02 12:31:00'),
(26, 11, 'Reason: customer_unavailable. Action taken: Customer not available at scheduled time.', '2026-02-10 15:17:00'),
(31, 2, '[Medium priority] Vehicle Issue: reported by driver during delivery.', '2026-02-16 08:48:00'),
(32, 1, '[Low priority] Vehicle Issue: reported by driver during delivery.', '2026-02-15 15:42:00'),
(51, 11, 'Reason: weather. Action taken: Heavy rain caused route delays.', '2026-02-24 12:33:00'),
(52, 11, 'Reason: traffic. Action taken: Heavy traffic on route, delivery pushed back.', '2026-02-24 11:11:00'),
(62, 11, 'Reason: other. Action taken: Warehouse dispatch delay.', '2026-03-13 13:44:00'),
(63, 1, '[Low priority] Customer Unavailable: reported by driver during delivery.', '2026-03-14 11:30:00'),
(66, 3, '[High priority] Vehicle Issue: reported by driver during delivery.', '2026-03-16 11:30:00'),
(76, 11, 'Reason: other. Action taken: Warehouse dispatch delay.', '2026-03-18 10:45:00'),
(87, 11, 'Reason: customer_unavailable. Action taken: Customer not available at scheduled time.', '2026-03-29 12:41:00'),
(106, 3, '[Low priority] Vehicle Issue: reported by driver during delivery.', '2026-04-18 16:37:00'),
(115, 11, 'Reason: customer_unavailable. Action taken: Customer not available at scheduled time.', '2026-04-27 11:08:00'),
(118, 1, '[Medium priority] Customer Unavailable: reported by driver during delivery.', '2026-04-28 16:18:00'),
(122, 11, 'Reason: customer_unavailable. Action taken: Customer not available at scheduled time.', '2026-05-01 08:00:00'),
(125, 11, 'Reason: weather. Action taken: Heavy rain caused route delays.', '2026-05-01 15:04:00'),
(138, 1, '[High priority] Damaged Goods: reported by driver during delivery.', '2026-05-13 12:59:00'),
(139, 11, 'Reason: customer_unavailable. Action taken: Customer not available at scheduled time.', '2026-05-17 10:01:00'),
(143, 11, 'Reason: customer_unavailable. Action taken: Customer not available at scheduled time.', '2026-05-19 09:42:00'),
(169, 11, 'Reason: traffic. Action taken: Heavy traffic on route, delivery pushed back.', '2026-06-19 10:09:00'),
(171, 11, 'Reason: traffic. Action taken: Heavy traffic on route, delivery pushed back.', '2026-06-16 16:39:00'),
(180, 3, '[High priority] Vehicle Issue: reported by driver during delivery.', '2026-06-25 13:20:00'),
(184, 11, 'Reason: traffic. Action taken: Heavy traffic on route, delivery pushed back.', '2026-06-28 16:47:00'),
(187, 11, 'Reason: other. Action taken: Warehouse dispatch delay.', '2026-07-01 13:38:00');

-- delivery_proof
INSERT INTO delivery_proof (delivery_id, image_url, uploaded_at, received_by_name, notes) VALUES
(1, 'uploads/proof/000011260.jpg', '2026-01-17 19:05:00', 'Rohan Gunasekara', 'Signed and received in good condition.'),
(2, 'uploads/proof/000029698.jpg', '2026-01-21 19:21:00', 'Priyantha Kumara', 'Signed and received in good condition.'),
(3, 'uploads/proof/000036989.jpg', '2026-01-20 18:02:00', 'Kumudu Perera', 'Signed and received in good condition.'),
(4, 'uploads/proof/000047929.jpg', '2026-01-23 18:43:00', 'Susantha Bandara', 'Signed and received in good condition.'),
(5, 'uploads/proof/000058501.jpg', '2026-01-26 14:12:00', 'Nadeeka Wijesinghe', 'Signed and received in good condition.'),
(6, 'uploads/proof/000066680.jpg', '2026-01-22 15:30:00', 'Anoma Jayawardena', 'Signed and received in good condition.'),
(7, 'uploads/proof/000079686.jpg', '2026-01-24 17:37:00', 'Rohan Gunasekara', 'Signed and received in good condition.'),
(9, 'uploads/proof/000094022.jpg', '2026-01-25 16:23:00', 'Malini Fernando', 'Signed and received in good condition.'),
(10, 'uploads/proof/000106246.jpg', '2026-01-29 17:59:00', 'Chaminda Rathnayake', 'Signed and received in good condition.'),
(11, 'uploads/proof/000111656.jpg', '2026-01-27 17:57:00', 'Chaminda Rathnayake', 'Signed and received in good condition.'),
(12, 'uploads/proof/000122431.jpg', '2026-01-26 17:43:00', 'Anoma Jayawardena', 'Signed and received in good condition.'),
(13, 'uploads/proof/000134533.jpg', '2026-01-30 18:05:00', 'Rohan Gunasekara', 'Signed and received in good condition.'),
(14, 'uploads/proof/000142083.jpg', '2026-01-31 18:21:00', 'Anoma Jayawardena', 'Signed and received in good condition.'),
(15, 'uploads/proof/000158593.jpg', '2026-02-02 18:47:00', 'Malini Fernando', 'Signed and received in good condition.'),
(16, 'uploads/proof/000166927.jpg', '2026-01-31 14:38:00', 'Rohan Gunasekara', 'Signed and received in good condition.'),
(18, 'uploads/proof/000184175.jpg', '2026-02-03 14:32:00', 'Chaminda Rathnayake', 'Signed and received in good condition.'),
(19, 'uploads/proof/000196575.jpg', '2026-02-03 17:26:00', 'Chaminda Rathnayake', 'Signed and received in good condition.'),
(20, 'uploads/proof/000209570.jpg', '2026-02-02 17:56:00', 'Kumudu Perera', 'Signed and received in good condition.'),
(21, 'uploads/proof/000211308.jpg', '2026-02-03 14:04:00', 'Rohan Gunasekara', 'Signed and received in good condition.'),
(22, 'uploads/proof/000225544.jpg', '2026-02-02 14:09:00', 'Kumudu Perera', 'Signed and received in good condition.'),
(23, 'uploads/proof/000232616.jpg', '2026-02-03 18:00:00', 'Malini Fernando', 'Signed and received in good condition.'),
(24, 'uploads/proof/000245723.jpg', '2026-02-09 16:45:00', 'Priyantha Kumara', 'Signed and received in good condition.'),
(25, 'uploads/proof/000253937.jpg', '2026-02-12 19:23:00', 'Priyantha Kumara', 'Signed and received in good condition.'),
(27, 'uploads/proof/000279379.jpg', '2026-02-14 17:31:00', 'Susantha Bandara', 'Signed and received in good condition.'),
(28, 'uploads/proof/000283502.jpg', '2026-02-11 19:20:00', 'Susantha Bandara', 'Signed and received in good condition.'),
(29, 'uploads/proof/000291517.jpg', '2026-02-12 14:48:00', 'Anoma Jayawardena', 'Signed and received in good condition.'),
(30, 'uploads/proof/000309837.jpg', '2026-02-12 17:42:00', 'Rohan Gunasekara', 'Signed and received in good condition.'),
(31, 'uploads/proof/000317235.jpg', '2026-02-16 19:21:00', 'Nadeeka Wijesinghe', 'Signed and received in good condition.'),
(32, 'uploads/proof/000329433.jpg', '2026-02-15 17:36:00', 'Anoma Jayawardena', 'Signed and received in good condition.'),
(33, 'uploads/proof/000333730.jpg', '2026-02-15 19:21:00', 'Susantha Bandara', 'Signed and received in good condition.'),
(34, 'uploads/proof/000342552.jpg', '2026-02-17 19:54:00', 'Kumudu Perera', 'Signed and received in good condition.'),
(35, 'uploads/proof/000358425.jpg', '2026-02-14 18:32:00', 'Chaminda Rathnayake', 'Signed and received in good condition.'),
(36, 'uploads/proof/000365919.jpg', '2026-02-19 15:47:00', 'Anoma Jayawardena', 'Signed and received in good condition.'),
(37, 'uploads/proof/000376087.jpg', '2026-02-17 14:15:00', 'Rohan Gunasekara', 'Signed and received in good condition.'),
(38, 'uploads/proof/000382375.jpg', '2026-02-16 14:03:00', 'Kumudu Perera', 'Signed and received in good condition.'),
(39, 'uploads/proof/000399605.jpg', '2026-02-15 14:33:00', 'Susantha Bandara', 'Signed and received in good condition.'),
(40, 'uploads/proof/000408200.jpg', '2026-02-21 15:17:00', 'Anoma Jayawardena', 'Signed and received in good condition.'),
(41, 'uploads/proof/000411570.jpg', '2026-02-20 16:01:00', 'Priyantha Kumara', 'Signed and received in good condition.'),
(42, 'uploads/proof/000425186.jpg', '2026-02-20 17:59:00', 'Susantha Bandara', 'Signed and received in good condition.'),
(43, 'uploads/proof/000437765.jpg', '2026-02-20 17:30:00', 'Kumudu Perera', 'Signed and received in good condition.'),
(44, 'uploads/proof/000444010.jpg', '2026-02-22 19:41:00', 'Rohan Gunasekara', 'Signed and received in good condition.'),
(45, 'uploads/proof/000456367.jpg', '2026-02-20 15:43:00', 'Susantha Bandara', 'Signed and received in good condition.'),
(46, 'uploads/proof/000463764.jpg', '2026-02-19 19:54:00', 'Priyantha Kumara', 'Signed and received in good condition.'),
(47, 'uploads/proof/000475361.jpg', '2026-02-23 15:55:00', 'Susantha Bandara', 'Signed and received in good condition.'),
(48, 'uploads/proof/000485068.jpg', '2026-02-21 17:58:00', 'Kumudu Perera', 'Signed and received in good condition.'),
(49, 'uploads/proof/000494847.jpg', '2026-02-24 14:21:00', 'Rohan Gunasekara', 'Signed and received in good condition.'),
(50, 'uploads/proof/000508669.jpg', '2026-02-24 16:56:00', 'Chaminda Rathnayake', 'Signed and received in good condition.'),
(53, 'uploads/proof/000538499.jpg', '2026-02-27 18:31:00', 'Rohan Gunasekara', 'Signed and received in good condition.'),
(54, 'uploads/proof/000543958.jpg', '2026-03-02 18:49:00', 'Anoma Jayawardena', 'Signed and received in good condition.'),
(55, 'uploads/proof/000558439.jpg', '2026-03-06 19:30:00', 'Susantha Bandara', 'Signed and received in good condition.'),
(56, 'uploads/proof/000567248.jpg', '2026-03-06 18:38:00', 'Nadeeka Wijesinghe', 'Signed and received in good condition.'),
(57, 'uploads/proof/000576080.jpg', '2026-03-03 19:51:00', 'Chaminda Rathnayake', 'Signed and received in good condition.'),
(58, 'uploads/proof/000587979.jpg', '2026-03-09 17:40:00', 'Nadeeka Wijesinghe', 'Signed and received in good condition.'),
(59, 'uploads/proof/000593093.jpg', '2026-03-10 16:09:00', 'Susantha Bandara', 'Signed and received in good condition.'),
(60, 'uploads/proof/000608583.jpg', '2026-03-11 14:07:00', 'Chaminda Rathnayake', 'Signed and received in good condition.'),
(61, 'uploads/proof/000612742.jpg', '2026-03-11 16:55:00', 'Anoma Jayawardena', 'Signed and received in good condition.'),
(63, 'uploads/proof/000634961.jpg', '2026-03-14 19:09:00', 'Anoma Jayawardena', 'Signed and received in good condition.'),
(64, 'uploads/proof/000647418.jpg', '2026-03-13 15:18:00', 'Priyantha Kumara', 'Signed and received in good condition.'),
(65, 'uploads/proof/000658993.jpg', '2026-03-17 19:39:00', 'Malini Fernando', 'Signed and received in good condition.'),
(66, 'uploads/proof/000664802.jpg', '2026-03-16 16:28:00', 'Malini Fernando', 'Signed and received in good condition.'),
(67, 'uploads/proof/000675627.jpg', '2026-03-16 18:13:00', 'Nadeeka Wijesinghe', 'Signed and received in good condition.'),
(68, 'uploads/proof/000683598.jpg', '2026-03-17 16:22:00', 'Chaminda Rathnayake', 'Signed and received in good condition.'),
(69, 'uploads/proof/000692706.jpg', '2026-03-17 18:42:00', 'Priyantha Kumara', 'Signed and received in good condition.'),
(70, 'uploads/proof/000709288.jpg', '2026-03-16 17:48:00', 'Rohan Gunasekara', 'Signed and received in good condition.'),
(71, 'uploads/proof/000717101.jpg', '2026-03-18 14:17:00', 'Anoma Jayawardena', 'Signed and received in good condition.'),
(72, 'uploads/proof/000729476.jpg', '2026-03-18 14:45:00', 'Nadeeka Wijesinghe', 'Signed and received in good condition.'),
(73, 'uploads/proof/000735986.jpg', '2026-03-18 19:35:00', 'Kumudu Perera', 'Signed and received in good condition.'),
(74, 'uploads/proof/000749860.jpg', '2026-03-21 15:33:00', 'Susantha Bandara', 'Signed and received in good condition.'),
(75, 'uploads/proof/000759314.jpg', '2026-03-22 16:40:00', 'Kumudu Perera', 'Signed and received in good condition.'),
(77, 'uploads/proof/000772511.jpg', '2026-03-21 17:05:00', 'Priyantha Kumara', 'Signed and received in good condition.'),
(78, 'uploads/proof/000789020.jpg', '2026-03-25 19:59:00', 'Anoma Jayawardena', 'Signed and received in good condition.'),
(79, 'uploads/proof/000795744.jpg', '2026-03-25 14:23:00', 'Priyantha Kumara', 'Signed and received in good condition.'),
(80, 'uploads/proof/000803999.jpg', '2026-03-23 16:13:00', 'Rohan Gunasekara', 'Signed and received in good condition.'),
(81, 'uploads/proof/000818371.jpg', '2026-03-27 17:48:00', 'Rohan Gunasekara', 'Signed and received in good condition.'),
(82, 'uploads/proof/000826060.jpg', '2026-03-28 19:01:00', 'Nadeeka Wijesinghe', 'Signed and received in good condition.'),
(83, 'uploads/proof/000838278.jpg', '2026-03-30 19:53:00', 'Nadeeka Wijesinghe', 'Signed and received in good condition.'),
(84, 'uploads/proof/000846026.jpg', '2026-04-01 14:09:00', 'Anoma Jayawardena', 'Signed and received in good condition.'),
(85, 'uploads/proof/000854318.jpg', '2026-03-30 14:03:00', 'Malini Fernando', 'Signed and received in good condition.'),
(86, 'uploads/proof/000863057.jpg', '2026-03-28 14:15:00', 'Susantha Bandara', 'Signed and received in good condition.'),
(88, 'uploads/proof/000881745.jpg', '2026-04-03 18:18:00', 'Chaminda Rathnayake', 'Signed and received in good condition.'),
(89, 'uploads/proof/000895473.jpg', '2026-04-06 19:28:00', 'Malini Fernando', 'Signed and received in good condition.'),
(90, 'uploads/proof/000909011.jpg', '2026-04-03 19:45:00', 'Anoma Jayawardena', 'Signed and received in good condition.'),
(91, 'uploads/proof/000913044.jpg', '2026-04-05 19:00:00', 'Rohan Gunasekara', 'Signed and received in good condition.'),
(92, 'uploads/proof/000925599.jpg', '2026-04-04 16:02:00', 'Rohan Gunasekara', 'Signed and received in good condition.'),
(93, 'uploads/proof/000934734.jpg', '2026-04-04 15:16:00', 'Susantha Bandara', 'Signed and received in good condition.'),
(95, 'uploads/proof/000951084.jpg', '2026-04-08 17:20:00', 'Anoma Jayawardena', 'Signed and received in good condition.'),
(96, 'uploads/proof/000961393.jpg', '2026-04-04 17:27:00', 'Kumudu Perera', 'Signed and received in good condition.'),
(97, 'uploads/proof/000972065.jpg', '2026-04-10 17:20:00', 'Chaminda Rathnayake', 'Signed and received in good condition.'),
(98, 'uploads/proof/000981173.jpg', '2026-04-09 18:50:00', 'Rohan Gunasekara', 'Signed and received in good condition.'),
(99, 'uploads/proof/000994172.jpg', '2026-04-09 18:50:00', 'Chaminda Rathnayake', 'Signed and received in good condition.'),
(100, 'uploads/proof/001008692.jpg', '2026-04-11 15:09:00', 'Susantha Bandara', 'Signed and received in good condition.'),
(101, 'uploads/proof/001012120.jpg', '2026-04-14 15:50:00', 'Kumudu Perera', 'Signed and received in good condition.'),
(102, 'uploads/proof/001024594.jpg', '2026-04-15 14:31:00', 'Priyantha Kumara', 'Signed and received in good condition.'),
(103, 'uploads/proof/001032887.jpg', '2026-04-14 14:35:00', 'Chaminda Rathnayake', 'Signed and received in good condition.'),
(104, 'uploads/proof/001041352.jpg', '2026-04-13 15:12:00', 'Chaminda Rathnayake', 'Signed and received in good condition.'),
(105, 'uploads/proof/001053142.jpg', '2026-04-17 15:56:00', 'Malini Fernando', 'Signed and received in good condition.'),
(106, 'uploads/proof/001062333.jpg', '2026-04-18 17:13:00', 'Rohan Gunasekara', 'Signed and received in good condition.'),
(107, 'uploads/proof/001074840.jpg', '2026-04-21 17:55:00', 'Anoma Jayawardena', 'Signed and received in good condition.'),
(108, 'uploads/proof/001087981.jpg', '2026-04-19 18:21:00', 'Rohan Gunasekara', 'Signed and received in good condition.'),
(109, 'uploads/proof/001092280.jpg', '2026-04-20 18:41:00', 'Susantha Bandara', 'Signed and received in good condition.'),
(110, 'uploads/proof/001107616.jpg', '2026-04-22 16:50:00', 'Anoma Jayawardena', 'Signed and received in good condition.'),
(111, 'uploads/proof/001117843.jpg', '2026-04-24 15:27:00', 'Malini Fernando', 'Signed and received in good condition.'),
(112, 'uploads/proof/001129808.jpg', '2026-04-21 17:48:00', 'Susantha Bandara', 'Signed and received in good condition.'),
(113, 'uploads/proof/001138778.jpg', '2026-04-25 17:12:00', 'Nadeeka Wijesinghe', 'Signed and received in good condition.'),
(114, 'uploads/proof/001144373.jpg', '2026-04-26 17:18:00', 'Malini Fernando', 'Signed and received in good condition.'),
(116, 'uploads/proof/001165512.jpg', '2026-04-26 19:29:00', 'Malini Fernando', 'Signed and received in good condition.'),
(117, 'uploads/proof/001175873.jpg', '2026-04-28 17:22:00', 'Anoma Jayawardena', 'Signed and received in good condition.'),
(118, 'uploads/proof/001182093.jpg', '2026-04-28 19:58:00', 'Malini Fernando', 'Signed and received in good condition.'),
(119, 'uploads/proof/001196630.jpg', '2026-04-29 17:24:00', 'Anoma Jayawardena', 'Signed and received in good condition.'),
(120, 'uploads/proof/001201295.jpg', '2026-05-02 15:53:00', 'Nadeeka Wijesinghe', 'Signed and received in good condition.'),
(121, 'uploads/proof/001218242.jpg', '2026-04-28 18:13:00', 'Priyantha Kumara', 'Signed and received in good condition.'),
(123, 'uploads/proof/001234105.jpg', '2026-04-30 16:20:00', 'Malini Fernando', 'Signed and received in good condition.'),
(124, 'uploads/proof/001249185.jpg', '2026-05-01 17:19:00', 'Nadeeka Wijesinghe', 'Signed and received in good condition.'),
(126, 'uploads/proof/001264873.jpg', '2026-05-07 14:19:00', 'Anoma Jayawardena', 'Signed and received in good condition.'),
(127, 'uploads/proof/001277797.jpg', '2026-05-08 14:33:00', 'Susantha Bandara', 'Signed and received in good condition.'),
(128, 'uploads/proof/001284153.jpg', '2026-05-05 17:04:00', 'Priyantha Kumara', 'Signed and received in good condition.'),
(129, 'uploads/proof/001295079.jpg', '2026-05-06 17:11:00', 'Susantha Bandara', 'Signed and received in good condition.'),
(130, 'uploads/proof/001307249.jpg', '2026-05-08 17:01:00', 'Anoma Jayawardena', 'Signed and received in good condition.'),
(131, 'uploads/proof/001311210.jpg', '2026-05-11 15:00:00', 'Kumudu Perera', 'Signed and received in good condition.'),
(132, 'uploads/proof/001328148.jpg', '2026-05-12 15:48:00', 'Susantha Bandara', 'Signed and received in good condition.'),
(133, 'uploads/proof/001335166.jpg', '2026-05-11 19:09:00', 'Malini Fernando', 'Signed and received in good condition.'),
(134, 'uploads/proof/001349202.jpg', '2026-05-13 19:19:00', 'Anoma Jayawardena', 'Signed and received in good condition.'),
(135, 'uploads/proof/001353759.jpg', '2026-05-15 16:00:00', 'Rohan Gunasekara', 'Signed and received in good condition.'),
(136, 'uploads/proof/001364482.jpg', '2026-05-15 14:28:00', 'Chaminda Rathnayake', 'Signed and received in good condition.'),
(137, 'uploads/proof/001376605.jpg', '2026-05-16 16:04:00', 'Priyantha Kumara', 'Signed and received in good condition.'),
(138, 'uploads/proof/001386521.jpg', '2026-05-13 17:30:00', 'Anoma Jayawardena', 'Signed and received in good condition.'),
(140, 'uploads/proof/001407768.jpg', '2026-05-20 17:32:00', 'Malini Fernando', 'Signed and received in good condition.'),
(141, 'uploads/proof/001412333.jpg', '2026-05-17 18:50:00', 'Kumudu Perera', 'Signed and received in good condition.'),
(142, 'uploads/proof/001428648.jpg', '2026-05-20 19:35:00', 'Chaminda Rathnayake', 'Signed and received in good condition.'),
(144, 'uploads/proof/001446623.jpg', '2026-05-24 18:04:00', 'Anoma Jayawardena', 'Signed and received in good condition.'),
(145, 'uploads/proof/001451027.jpg', '2026-05-20 17:36:00', 'Susantha Bandara', 'Signed and received in good condition.'),
(146, 'uploads/proof/001465863.jpg', '2026-05-23 16:09:00', 'Malini Fernando', 'Signed and received in good condition.'),
(147, 'uploads/proof/001476458.jpg', '2026-05-24 17:03:00', 'Chaminda Rathnayake', 'Signed and received in good condition.'),
(148, 'uploads/proof/001487412.jpg', '2026-05-26 16:48:00', 'Anoma Jayawardena', 'Signed and received in good condition.'),
(149, 'uploads/proof/001498904.jpg', '2026-05-27 17:44:00', 'Susantha Bandara', 'Signed and received in good condition.'),
(150, 'uploads/proof/001509444.jpg', '2026-05-28 14:07:00', 'Kumudu Perera', 'Signed and received in good condition.'),
(151, 'uploads/proof/001512468.jpg', '2026-05-29 19:42:00', 'Rohan Gunasekara', 'Signed and received in good condition.'),
(152, 'uploads/proof/001527290.jpg', '2026-06-03 18:11:00', 'Rohan Gunasekara', 'Signed and received in good condition.'),
(153, 'uploads/proof/001533033.jpg', '2026-05-31 19:52:00', 'Malini Fernando', 'Signed and received in good condition.'),
(154, 'uploads/proof/001549919.jpg', '2026-06-05 16:23:00', 'Chaminda Rathnayake', 'Signed and received in good condition.'),
(155, 'uploads/proof/001559818.jpg', '2026-06-05 16:38:00', 'Malini Fernando', 'Signed and received in good condition.'),
(156, 'uploads/proof/001565177.jpg', '2026-06-04 14:35:00', 'Susantha Bandara', 'Signed and received in good condition.'),
(157, 'uploads/proof/001579379.jpg', '2026-06-05 19:52:00', 'Chaminda Rathnayake', 'Signed and received in good condition.'),
(158, 'uploads/proof/001586464.jpg', '2026-06-08 16:58:00', 'Susantha Bandara', 'Signed and received in good condition.'),
(159, 'uploads/proof/001595620.jpg', '2026-06-05 18:55:00', 'Susantha Bandara', 'Signed and received in good condition.'),
(160, 'uploads/proof/001603070.jpg', '2026-06-11 19:09:00', 'Chaminda Rathnayake', 'Signed and received in good condition.'),
(161, 'uploads/proof/001615519.jpg', '2026-06-09 18:18:00', 'Anoma Jayawardena', 'Signed and received in good condition.'),
(162, 'uploads/proof/001621940.jpg', '2026-06-09 14:10:00', 'Nadeeka Wijesinghe', 'Signed and received in good condition.'),
(163, 'uploads/proof/001637962.jpg', '2026-06-11 19:00:00', 'Kumudu Perera', 'Signed and received in good condition.'),
(164, 'uploads/proof/001641834.jpg', '2026-06-11 18:22:00', 'Anoma Jayawardena', 'Signed and received in good condition.'),
(165, 'uploads/proof/001655994.jpg', '2026-06-13 15:59:00', 'Priyantha Kumara', 'Signed and received in good condition.'),
(166, 'uploads/proof/001663518.jpg', '2026-06-17 18:32:00', 'Anoma Jayawardena', 'Signed and received in good condition.'),
(167, 'uploads/proof/001673291.jpg', '2026-06-18 17:10:00', 'Kumudu Perera', 'Signed and received in good condition.'),
(168, 'uploads/proof/001685354.jpg', '2026-06-18 17:42:00', 'Nadeeka Wijesinghe', 'Signed and received in good condition.'),
(170, 'uploads/proof/001705742.jpg', '2026-06-16 17:30:00', 'Susantha Bandara', 'Signed and received in good condition.'),
(172, 'uploads/proof/001721289.jpg', '2026-06-21 15:27:00', 'Malini Fernando', 'Signed and received in good condition.'),
(173, 'uploads/proof/001737849.jpg', '2026-06-21 16:45:00', 'Malini Fernando', 'Signed and received in good condition.'),
(174, 'uploads/proof/001742587.jpg', '2026-06-21 16:07:00', 'Priyantha Kumara', 'Signed and received in good condition.'),
(175, 'uploads/proof/001752971.jpg', '2026-06-25 14:08:00', 'Priyantha Kumara', 'Signed and received in good condition.'),
(176, 'uploads/proof/001761717.jpg', '2026-06-21 19:09:00', 'Chaminda Rathnayake', 'Signed and received in good condition.'),
(177, 'uploads/proof/001771358.jpg', '2026-06-24 18:50:00', 'Chaminda Rathnayake', 'Signed and received in good condition.'),
(178, 'uploads/proof/001787393.jpg', '2026-06-23 18:49:00', 'Anoma Jayawardena', 'Signed and received in good condition.'),
(179, 'uploads/proof/001792951.jpg', '2026-06-23 16:35:00', 'Chaminda Rathnayake', 'Signed and received in good condition.'),
(180, 'uploads/proof/001809999.jpg', '2026-06-25 14:45:00', 'Susantha Bandara', 'Signed and received in good condition.'),
(181, 'uploads/proof/001817258.jpg', '2026-06-25 18:06:00', 'Susantha Bandara', 'Signed and received in good condition.'),
(182, 'uploads/proof/001829036.jpg', '2026-06-27 15:12:00', 'Chaminda Rathnayake', 'Signed and received in good condition.'),
(183, 'uploads/proof/001831193.jpg', '2026-06-29 19:48:00', 'Nadeeka Wijesinghe', 'Signed and received in good condition.'),
(185, 'uploads/proof/001859905.jpg', '2026-06-28 15:03:00', 'Susantha Bandara', 'Signed and received in good condition.'),
(186, 'uploads/proof/001867303.jpg', '2026-07-02 16:14:00', 'Nadeeka Wijesinghe', 'Signed and received in good condition.'),
(188, 'uploads/proof/001887047.jpg', '2026-07-02 17:42:00', 'Susantha Bandara', 'Signed and received in good condition.'),
(189, 'uploads/proof/001897308.jpg', '2026-07-03 15:49:00', 'Kumudu Perera', 'Signed and received in good condition.'),
(190, 'uploads/proof/001904593.jpg', '2026-07-02 17:33:00', 'Nadeeka Wijesinghe', 'Signed and received in good condition.'),
(191, 'uploads/proof/001917898.jpg', '2026-07-02 18:59:00', 'Malini Fernando', 'Signed and received in good condition.'),
(192, 'uploads/proof/001923406.jpg', '2026-07-01 15:01:00', 'Kumudu Perera', 'Signed and received in good condition.'),
(193, 'uploads/proof/001931216.jpg', '2026-07-03 19:44:00', 'Susantha Bandara', 'Signed and received in good condition.'),
(194, 'uploads/proof/001942506.jpg', '2026-07-04 15:17:00', 'Anoma Jayawardena', 'Signed and received in good condition.'),
(196, 'uploads/proof/001965410.jpg', '2026-07-06 14:15:00', 'Nadeeka Wijesinghe', 'Signed and received in good condition.'),
(197, 'uploads/proof/001979250.jpg', '2026-07-11 17:57:00', 'Nadeeka Wijesinghe', 'Signed and received in good condition.'),
(198, 'uploads/proof/001983307.jpg', '2026-07-09 15:51:00', 'Chaminda Rathnayake', 'Signed and received in good condition.');

-- fuel_usage
INSERT INTO fuel_usage (delivery_id, driver_id, fuel_date, liters, cost, odometer_reading) VALUES
(1, 3, '2026-01-17', 10.69, 4151.69, 52913),
(2, 2, '2026-01-21', 27.83, 11074.17, 41304),
(3, 1, '2026-01-20', 22.20, 8273.50, 60932),
(4, 2, '2026-01-23', 16.81, 6523.90, 41383),
(5, 2, '2026-01-26', 32.04, 12224.38, 41407),
(6, 1, '2026-01-22', 24.70, 9427.02, 60955),
(7, 2, '2026-01-24', 22.45, 9113.16, 41461),
(9, 3, '2026-01-25', 7.01, 2682.57, 52972),
(10, 1, '2026-01-28', 27.42, 11215.44, 61012),
(11, 3, '2026-01-27', 9.39, 3483.61, 53066),
(12, 1, '2026-01-25', 15.21, 5995.83, 61034),
(13, 2, '2026-01-29', 18.05, 6997.99, 41496),
(14, 1, '2026-01-31', 17.87, 7265.52, 61102),
(15, 1, '2026-02-01', 6.07, 2309.68, 61198),
(16, 3, '2026-01-31', 31.18, 12319.84, 53141),
(18, 2, '2026-02-02', 23.36, 8799.37, 41552),
(18, 2, '2026-02-02', 29.98, 11914.01, 41605),
(19, 1, '2026-02-03', 10.48, 3970.29, 61237),
(20, 1, '2026-02-02', 14.84, 5932.71, 61267),
(21, 1, '2026-02-03', 7.23, 2706.28, 61383),
(21, 1, '2026-02-03', 19.60, 7964.29, 61403),
(22, 3, '2026-02-02', 30.80, 12357.95, 53234),
(23, 1, '2026-02-03', 30.69, 11938.06, 61507),
(23, 1, '2026-02-02', 18.75, 7655.81, 61545),
(24, 2, '2026-02-08', 20.32, 7831.15, 41678),
(25, 2, '2026-02-12', 20.26, 7581.43, 41749),
(25, 2, '2026-02-12', 9.46, 3649.60, 41852),
(27, 3, '2026-02-13', 19.18, 7190.34, 53311),
(28, 1, '2026-02-10', 8.79, 3279.20, 61656),
(29, 3, '2026-02-11', 9.45, 3666.64, 53374),
(29, 3, '2026-02-11', 19.33, 7177.51, 53460),
(30, 3, '2026-02-11', 30.78, 12012.43, 53525),
(31, 2, '2026-02-16', 34.77, 13437.81, 41874),
(32, 1, '2026-02-14', 26.18, 10302.34, 61711),
(33, 1, '2026-02-15', 18.64, 7267.33, 61826),
(34, 2, '2026-02-17', 22.43, 8775.57, 41943),
(35, 2, '2026-02-13', 24.21, 9457.61, 41981),
(35, 2, '2026-02-13', 12.18, 4975.34, 42091),
(36, 2, '2026-02-19', 30.95, 12579.49, 42187),
(37, 2, '2026-02-17', 34.75, 13444.11, 42206),
(38, 2, '2026-02-15', 31.15, 12647.62, 42273),
(39, 1, '2026-02-14', 8.62, 3396.22, 61939),
(40, 3, '2026-02-21', 23.09, 8996.20, 53587),
(41, 2, '2026-02-19', 28.88, 10962.47, 42358),
(42, 3, '2026-02-20', 29.86, 11329.43, 53628),
(43, 2, '2026-02-20', 31.43, 12660.31, 42478),
(44, 3, '2026-02-21', 9.95, 3840.96, 53723),
(44, 3, '2026-02-22', 15.10, 5636.67, 53758),
(45, 2, '2026-02-20', 18.02, 6798.51, 42541),
(46, 3, '2026-02-18', 18.44, 7014.69, 53784),
(47, 2, '2026-02-23', 17.08, 6614.27, 42582),
(48, 1, '2026-02-21', 24.77, 9249.85, 62014),
(49, 3, '2026-02-24', 34.91, 14228.37, 53901),
(49, 3, '2026-02-23', 6.16, 2403.52, 53964),
(50, 3, '2026-02-24', 26.60, 10302.64, 54012),
(53, 1, '2026-02-27', 26.87, 10101.03, 62073),
(54, 3, '2026-03-01', 13.14, 5123.61, 54039),
(54, 3, '2026-03-02', 6.75, 2681.45, 54141),
(55, 2, '2026-03-05', 6.17, 2522.24, 42680),
(56, 3, '2026-03-06', 11.16, 4560.00, 54207),
(57, 2, '2026-03-02', 8.79, 3381.50, 42720),
(58, 2, '2026-03-09', 15.91, 6181.69, 42763),
(59, 2, '2026-03-10', 21.17, 8083.11, 42784),
(59, 2, '2026-03-09', 32.60, 12731.49, 42864),
(60, 2, '2026-03-10', 30.44, 11317.91, 42932),
(60, 2, '2026-03-10', 15.10, 6024.35, 43043),
(61, 1, '2026-03-10', 6.17, 2311.70, 62109),
(63, 1, '2026-03-13', 30.89, 12094.77, 62135),
(63, 1, '2026-03-14', 28.32, 10646.24, 62204),
(64, 2, '2026-03-12', 8.98, 3627.07, 43113),
(65, 2, '2026-03-17', 21.32, 8248.29, 43168),
(66, 3, '2026-03-15', 25.86, 10521.64, 54313),
(67, 2, '2026-03-15', 9.74, 3681.52, 43260),
(68, 1, '2026-03-16', 31.94, 11858.64, 62227),
(68, 1, '2026-03-17', 18.49, 7298.05, 62257),
(69, 3, '2026-03-17', 18.70, 7260.94, 54424),
(69, 3, '2026-03-17', 34.27, 13751.39, 54517),
(70, 1, '2026-03-16', 8.88, 3515.45, 62314),
(71, 1, '2026-03-17', 25.28, 9506.91, 62425),
(72, 2, '2026-03-17', 15.13, 6192.37, 43296),
(73, 3, '2026-03-18', 6.23, 2374.82, 54599),
(73, 3, '2026-03-17', 26.31, 10204.27, 54640),
(74, 1, '2026-03-21', 20.84, 7971.09, 62483),
(75, 2, '2026-03-21', 27.94, 11389.84, 43368),
(77, 1, '2026-03-20', 9.77, 3698.84, 62507),
(78, 2, '2026-03-24', 10.19, 3822.12, 43474),
(78, 2, '2026-03-25', 9.75, 3882.26, 43556),
(79, 3, '2026-03-24', 9.41, 3596.47, 54702),
(80, 3, '2026-03-22', 21.88, 8154.73, 54722),
(81, 2, '2026-03-26', 27.11, 10127.55, 43650),
(82, 3, '2026-03-28', 8.47, 3457.51, 54806),
(83, 3, '2026-03-29', 23.60, 9111.30, 54826),
(83, 3, '2026-03-30', 31.00, 11498.85, 54896),
(84, 1, '2026-04-01', 7.71, 3149.11, 62545),
(85, 2, '2026-03-29', 22.99, 8959.64, 43761),
(85, 2, '2026-03-29', 33.53, 12767.27, 43816),
(86, 1, '2026-03-28', 18.93, 7644.90, 62624),
(88, 3, '2026-04-03', 22.33, 8530.63, 54961),
(89, 1, '2026-04-05', 15.33, 5801.25, 62715),
(90, 2, '2026-04-03', 28.83, 11415.64, 43840),
(91, 2, '2026-04-05', 11.60, 4296.34, 43950),
(92, 3, '2026-04-03', 26.50, 10026.63, 55001),
(92, 3, '2026-04-03', 9.22, 3513.69, 55080),
(93, 3, '2026-04-03', 25.66, 10512.34, 55183),
(95, 1, '2026-04-08', 8.37, 3288.35, 62733),
(96, 2, '2026-04-04', 13.17, 5122.38, 44008),
(96, 2, '2026-04-04', 29.83, 11657.18, 44053),
(97, 2, '2026-04-09', 29.27, 10894.05, 44146),
(98, 2, '2026-04-09', 29.06, 11775.04, 44240),
(99, 1, '2026-04-08', 13.43, 5195.26, 62840),
(100, 2, '2026-04-11', 14.44, 5903.23, 44321),
(101, 1, '2026-04-13', 19.80, 7873.94, 62914),
(102, 2, '2026-04-15', 26.10, 10144.06, 44363),
(103, 2, '2026-04-13', 11.64, 4579.50, 44475),
(104, 1, '2026-04-13', 32.41, 12018.92, 63015),
(104, 1, '2026-04-12', 16.99, 6821.43, 63044),
(105, 2, '2026-04-16', 16.97, 6532.94, 44566),
(106, 3, '2026-04-17', 23.83, 8976.70, 55247),
(106, 3, '2026-04-17', 20.46, 7950.16, 55303),
(107, 2, '2026-04-20', 18.33, 7058.58, 44601),
(108, 2, '2026-04-18', 17.86, 7182.94, 44656),
(109, 1, '2026-04-20', 8.85, 3299.76, 63063),
(109, 1, '2026-04-19', 15.68, 6225.03, 63110),
(110, 1, '2026-04-22', 27.98, 10365.91, 63208),
(110, 1, '2026-04-22', 31.10, 11790.11, 63315),
(111, 2, '2026-04-24', 30.74, 11410.82, 44688),
(112, 2, '2026-04-21', 6.67, 2677.43, 44720),
(113, 2, '2026-04-25', 33.90, 13409.49, 44773),
(114, 3, '2026-04-26', 21.21, 8233.44, 55365),
(116, 2, '2026-04-26', 10.14, 3777.75, 44839),
(117, 3, '2026-04-28', 29.49, 11117.88, 55411),
(118, 1, '2026-04-27', 17.93, 7180.51, 63345),
(118, 1, '2026-04-27', 8.22, 3076.00, 63458),
(119, 2, '2026-04-29', 17.50, 6482.52, 44868),
(119, 2, '2026-04-28', 15.49, 6195.18, 44945),
(120, 2, '2026-05-02', 9.60, 3836.72, 44981),
(121, 2, '2026-04-28', 29.53, 11683.26, 45087),
(121, 2, '2026-04-28', 17.33, 6625.83, 45108),
(123, 1, '2026-04-30', 17.46, 6759.03, 63502),
(123, 1, '2026-04-29', 9.07, 3473.22, 63518),
(124, 1, '2026-05-01', 28.95, 11779.44, 63605),
(126, 3, '2026-05-06', 23.97, 8926.35, 55473),
(126, 3, '2026-05-07', 14.60, 5490.58, 55514),
(127, 2, '2026-05-08', 12.64, 5047.34, 45166),
(127, 2, '2026-05-08', 11.97, 4454.79, 45266),
(128, 2, '2026-05-05', 10.10, 3819.50, 45292),
(129, 3, '2026-05-05', 19.00, 7513.06, 55563),
(130, 2, '2026-05-08', 28.01, 11396.19, 45383),
(130, 2, '2026-05-07', 22.03, 8305.93, 45446),
(131, 1, '2026-05-10', 32.85, 13390.03, 63715),
(132, 2, '2026-05-11', 27.80, 10673.62, 45551),
(132, 2, '2026-05-11', 24.41, 9391.19, 45573),
(133, 2, '2026-05-11', 33.60, 13563.00, 45589),
(134, 1, '2026-05-13', 27.28, 10914.69, 63823),
(135, 1, '2026-05-14', 8.03, 3194.76, 63905),
(136, 3, '2026-05-14', 27.75, 11165.69, 55602),
(137, 3, '2026-05-16', 19.86, 7882.68, 55629),
(138, 1, '2026-05-13', 25.77, 9888.54, 63960),
(140, 1, '2026-05-20', 24.50, 9988.10, 64016),
(141, 3, '2026-05-17', 33.01, 13442.79, 55728),
(142, 3, '2026-05-20', 33.70, 13118.96, 55812),
(142, 3, '2026-05-20', 13.06, 4921.23, 55911),
(144, 3, '2026-05-23', 27.55, 10992.48, 56009),
(144, 3, '2026-05-23', 29.44, 11156.05, 56038),
(145, 1, '2026-05-19', 21.53, 8695.64, 64085),
(146, 1, '2026-05-23', 19.22, 7573.81, 64118),
(147, 2, '2026-05-24', 12.11, 4835.60, 45707),
(147, 2, '2026-05-24', 26.31, 9790.02, 45821),
(148, 1, '2026-05-25', 27.08, 10325.46, 64157),
(149, 1, '2026-05-27', 12.08, 4858.27, 64197),
(149, 1, '2026-05-27', 16.50, 6670.05, 64225),
(150, 1, '2026-05-28', 34.12, 13480.09, 64291),
(151, 3, '2026-05-28', 24.86, 9471.87, 56136),
(151, 3, '2026-05-29', 16.65, 6240.42, 56161),
(152, 3, '2026-06-03', 26.38, 10075.43, 56192),
(152, 3, '2026-06-03', 15.43, 6149.64, 56308),
(153, 3, '2026-05-31', 32.03, 12082.57, 56399),
(153, 3, '2026-05-31', 6.15, 2385.52, 56454),
(154, 3, '2026-06-05', 33.41, 12361.81, 56507),
(155, 3, '2026-06-05', 25.22, 9376.53, 56526),
(156, 1, '2026-06-03', 32.21, 12433.14, 64316),
(157, 3, '2026-06-04', 10.45, 4281.34, 56596),
(158, 3, '2026-06-07', 29.14, 11100.76, 56623),
(159, 3, '2026-06-04', 32.00, 12058.56, 56734),
(160, 2, '2026-06-10', 27.33, 10169.89, 45928),
(161, 2, '2026-06-08', 26.84, 10922.60, 45972),
(162, 2, '2026-06-08', 22.07, 8600.99, 45988),
(163, 3, '2026-06-11', 27.43, 11192.39, 56854),
(164, 3, '2026-06-11', 10.94, 4472.15, 56912),
(165, 2, '2026-06-12', 31.88, 12877.42, 46010),
(165, 2, '2026-06-12', 6.17, 2396.52, 46063),
(166, 2, '2026-06-16', 20.13, 7573.41, 46162),
(167, 1, '2026-06-18', 6.17, 2500.97, 64421),
(168, 3, '2026-06-18', 21.95, 8823.74, 57018),
(170, 3, '2026-06-16', 28.07, 10664.07, 57052),
(172, 1, '2026-06-21', 7.48, 2889.46, 64475),
(173, 3, '2026-06-20', 7.38, 2742.67, 57073),
(174, 2, '2026-06-20', 28.34, 10633.52, 46223),
(175, 3, '2026-06-25', 32.45, 12855.85, 57112),
(176, 2, '2026-06-20', 21.96, 8347.02, 46335);
INSERT INTO fuel_usage (delivery_id, driver_id, fuel_date, liters, cost, odometer_reading) VALUES
(177, 2, '2026-06-24', 26.20, 9829.12, 46355),
(178, 3, '2026-06-23', 12.00, 4441.73, 57200),
(179, 2, '2026-06-23', 21.47, 8194.54, 46451),
(180, 3, '2026-06-25', 17.84, 7037.15, 57256),
(181, 2, '2026-06-24', 24.39, 9561.74, 46570),
(181, 2, '2026-06-24', 12.40, 4721.32, 46659),
(182, 1, '2026-06-26', 6.61, 2488.78, 64512),
(183, 1, '2026-06-29', 6.60, 2660.21, 64624),
(185, 3, '2026-06-27', 9.57, 3856.68, 57284),
(186, 1, '2026-07-01', 34.73, 13162.01, 64675),
(188, 2, '2026-07-02', 26.63, 9934.45, 46674),
(188, 2, '2026-07-01', 28.56, 10734.66, 46707),
(189, 2, '2026-07-02', 18.29, 7274.61, 46774),
(190, 3, '2026-07-01', 6.08, 2491.32, 57301),
(191, 2, '2026-07-02', 12.51, 5002.50, 46804),
(192, 1, '2026-06-30', 13.11, 4857.24, 64794),
(193, 3, '2026-07-03', 7.74, 3062.70, 57393),
(194, 2, '2026-07-04', 9.63, 3644.71, 46898),
(194, 2, '2026-07-04', 12.35, 4660.24, 47008),
(195, 2, '2026-07-06', 13.83, 5174.85, 47069),
(196, 1, '2026-07-05', 22.38, 8785.26, 64910),
(196, 1, '2026-07-06', 7.32, 2800.51, 64964),
(197, 2, '2026-07-10', 28.48, 10564.58, 47185),
(198, 2, '2026-07-08', 20.55, 8419.15, 47277),
(198, 2, '2026-07-08', 18.98, 7122.21, 47329),
(199, 3, '2026-07-12', 10.42, 4117.06, 57471);

-- complaint
INSERT INTO complaint (customer_id, officer_id, description, status, created_date, resolved_date, escalated_to) VALUES
(35, 6, 'Product quantity delivered was short of what was ordered.', 'resolved', '2026-01-18 12:20:00', '2026-01-22 12:20:00', NULL),
(25, 6, 'Loyalty points were not credited after purchase.', 'resolved', '2026-01-19 16:13:00', '2026-01-19 19:13:00', NULL),
(49, 7, 'Requesting a refund for an unopened item.', 'resolved', '2026-01-25 11:05:00', '2026-01-26 12:05:00', NULL),
(6, 7, 'Product quantity delivered was short of what was ordered.', 'in_progress', '2026-01-26 17:13:00', NULL, NULL),
(17, 6, 'Delivery arrived later than the scheduled date.', 'resolved', '2026-01-26 15:21:00', '2026-02-01 19:21:00', NULL),
(23, 7, 'Product quantity delivered was short of what was ordered.', 'resolved', '2026-01-30 11:44:00', '2026-02-02 16:44:00', NULL),
(37, 7, 'Delivery arrived later than the scheduled date.', 'resolved', '2026-02-01 12:04:00', '2026-02-06 14:04:00', NULL),
(47, 7, 'Delivery arrived later than the scheduled date.', 'resolved', '2026-02-02 16:59:00', '2026-02-03 23:59:00', NULL),
(8, 7, 'Requesting a refund for an unopened item.', 'resolved', '2026-02-03 09:28:00', '2026-02-09 11:28:00', NULL),
(41, 6, 'Delivery arrived later than the scheduled date.', 'resolved', '2026-02-03 12:26:00', '2026-02-08 20:26:00', NULL),
(39, 7, 'Invoice amount did not match the agreed quote.', 'resolved', '2026-02-06 12:43:00', '2026-02-10 12:43:00', NULL),
(24, 6, 'Requesting a refund for an unopened item.', 'in_progress', '2026-02-06 17:52:00', NULL, NULL),
(45, 7, 'Product quantity delivered was short of what was ordered.', 'resolved', '2026-02-07 14:22:00', '2026-02-13 22:22:00', NULL),
(49, 7, 'Product packaging was damaged on arrival.', 'open', '2026-02-07 16:27:00', NULL, NULL),
(36, 6, 'Asking for clarification on bulk order discount pricing.', 'resolved', '2026-02-08 13:54:00', '2026-02-13 19:54:00', NULL),
(45, 6, 'Product packaging was damaged on arrival.', 'in_progress', '2026-02-09 10:05:00', NULL, NULL),
(40, 7, 'Product packaging was damaged on arrival.', 'resolved', '2026-02-11 17:06:00', '2026-02-17 00:06:00', NULL),
(3, 7, 'Driver could not be reached to confirm delivery time.', 'resolved', '2026-02-12 16:35:00', '2026-02-15 17:35:00', NULL),
(31, 6, 'Loyalty points were not credited after purchase.', 'open', '2026-02-12 16:26:00', NULL, NULL),
(42, 7, 'Delivery arrived later than the scheduled date.', 'open', '2026-02-14 12:32:00', NULL, NULL),
(43, 7, 'Requesting a refund for an unopened item.', 'in_progress', '2026-02-16 15:43:00', NULL, NULL),
(27, 6, 'Delivery arrived later than the scheduled date.', 'resolved', '2026-02-18 14:53:00', '2026-02-24 22:53:00', NULL),
(39, 7, 'Loyalty points were not credited after purchase.', 'resolved', '2026-02-20 15:15:00', '2026-02-24 21:15:00', NULL),
(42, 7, 'Delivery arrived later than the scheduled date.', 'in_progress', '2026-02-21 15:08:00', NULL, NULL),
(25, 6, 'Driver could not be reached to confirm delivery time.', 'in_progress', '2026-02-24 17:10:00', NULL, NULL),
(7, 6, 'Asking for clarification on bulk order discount pricing.', 'resolved', '2026-02-25 15:53:00', '2026-03-03 19:53:00', NULL),
(11, 7, 'Invoice amount did not match the agreed quote.', 'resolved', '2026-02-26 09:27:00', '2026-02-26 11:27:00', 13),
(46, 6, 'Bio pesticide bottle was leaking on delivery.', 'resolved', '2026-02-28 11:29:00', '2026-03-05 16:29:00', NULL),
(42, 6, 'Requesting a refund for an unopened item.', 'resolved', '2026-03-02 12:46:00', '2026-03-08 18:46:00', NULL),
(43, 6, 'Requesting a refund for an unopened item.', 'resolved', '2026-03-03 11:40:00', '2026-03-03 12:40:00', NULL),
(39, 6, 'Product packaging was damaged on arrival.', 'resolved', '2026-03-08 13:57:00', '2026-03-09 14:57:00', 13),
(24, 6, 'Driver could not be reached to confirm delivery time.', 'resolved', '2026-03-11 09:26:00', '2026-03-11 16:26:00', NULL),
(5, 6, 'Driver could not be reached to confirm delivery time.', 'resolved', '2026-03-14 14:40:00', '2026-03-17 16:40:00', NULL),
(1, 6, 'Bio pesticide bottle was leaking on delivery.', 'resolved', '2026-03-19 09:07:00', '2026-03-21 14:07:00', NULL),
(40, 6, 'Received the wrong product variant in the order.', 'resolved', '2026-03-22 13:59:00', '2026-03-22 16:59:00', NULL),
(35, 6, 'Asking for clarification on bulk order discount pricing.', 'resolved', '2026-03-23 11:13:00', '2026-03-29 16:13:00', NULL),
(14, 6, 'Loyalty points were not credited after purchase.', 'resolved', '2026-03-24 10:46:00', '2026-03-29 12:46:00', NULL),
(31, 6, 'Product packaging was damaged on arrival.', 'resolved', '2026-03-28 17:41:00', '2026-03-31 00:41:00', NULL),
(32, 7, 'Asking for clarification on bulk order discount pricing.', 'open', '2026-03-28 12:16:00', NULL, NULL),
(44, 7, 'Driver could not be reached to confirm delivery time.', 'resolved', '2026-03-30 13:10:00', '2026-04-05 16:10:00', NULL),
(32, 7, 'Product quantity delivered was short of what was ordered.', 'resolved', '2026-03-31 13:52:00', '2026-04-02 14:52:00', NULL),
(28, 6, 'Bio pesticide bottle was leaking on delivery.', 'resolved', '2026-04-01 10:28:00', '2026-04-02 10:28:00', NULL),
(17, 7, 'Requesting a refund for an unopened item.', 'resolved', '2026-04-05 17:22:00', '2026-04-08 17:22:00', NULL),
(21, 7, 'Received the wrong product variant in the order.', 'resolved', '2026-04-06 10:13:00', '2026-04-11 15:13:00', NULL),
(21, 6, 'Delivery arrived later than the scheduled date.', 'resolved', '2026-04-06 09:45:00', '2026-04-08 12:45:00', NULL),
(21, 6, 'Asking for clarification on bulk order discount pricing.', 'resolved', '2026-04-07 13:38:00', '2026-04-08 21:38:00', NULL),
(36, 7, 'Bio pesticide bottle was leaking on delivery.', 'open', '2026-04-10 10:36:00', NULL, NULL),
(27, 7, 'Loyalty points were not credited after purchase.', 'in_progress', '2026-04-13 12:12:00', NULL, 13),
(32, 7, 'Delivery arrived later than the scheduled date.', 'open', '2026-04-15 15:07:00', NULL, NULL),
(11, 7, 'Bio pesticide bottle was leaking on delivery.', 'resolved', '2026-04-16 09:18:00', '2026-04-16 09:18:00', NULL),
(19, 6, 'Driver could not be reached to confirm delivery time.', 'resolved', '2026-04-19 17:58:00', '2026-04-23 17:58:00', NULL),
(2, 6, 'Product quantity delivered was short of what was ordered.', 'resolved', '2026-04-19 15:46:00', '2026-04-21 19:46:00', NULL),
(23, 7, 'Product packaging was damaged on arrival.', 'resolved', '2026-04-19 14:31:00', '2026-04-23 14:31:00', NULL),
(45, 7, 'Product quantity delivered was short of what was ordered.', 'in_progress', '2026-04-21 10:53:00', NULL, NULL),
(40, 6, 'Delivery arrived later than the scheduled date.', 'resolved', '2026-04-22 09:08:00', '2026-04-22 14:08:00', NULL),
(47, 7, 'Invoice amount did not match the agreed quote.', 'resolved', '2026-04-25 12:46:00', '2026-05-01 17:46:00', NULL),
(35, 6, 'Delivery arrived later than the scheduled date.', 'resolved', '2026-04-27 09:07:00', '2026-04-27 13:07:00', 13),
(22, 7, 'Requesting a refund for an unopened item.', 'resolved', '2026-04-28 11:37:00', '2026-05-01 12:37:00', NULL),
(10, 7, 'Product quantity delivered was short of what was ordered.', 'resolved', '2026-04-28 17:33:00', '2026-04-30 00:33:00', NULL),
(18, 7, 'Product quantity delivered was short of what was ordered.', 'resolved', '2026-04-28 13:49:00', '2026-04-30 14:49:00', NULL),
(16, 6, 'Product packaging was damaged on arrival.', 'resolved', '2026-04-30 16:03:00', '2026-05-01 16:03:00', NULL),
(30, 7, 'Invoice amount did not match the agreed quote.', 'resolved', '2026-05-01 14:13:00', '2026-05-07 22:13:00', NULL),
(21, 7, 'Product quantity delivered was short of what was ordered.', 'resolved', '2026-05-06 17:06:00', '2026-05-07 20:06:00', NULL),
(25, 7, 'Bio pesticide bottle was leaking on delivery.', 'resolved', '2026-05-08 15:12:00', '2026-05-08 19:12:00', NULL),
(44, 7, 'Bio pesticide bottle was leaking on delivery.', 'resolved', '2026-05-09 11:29:00', '2026-05-09 12:29:00', NULL),
(30, 6, 'Requesting a refund for an unopened item.', 'resolved', '2026-05-11 17:28:00', '2026-05-13 21:28:00', NULL),
(36, 6, 'Loyalty points were not credited after purchase.', 'resolved', '2026-05-12 11:25:00', '2026-05-16 17:25:00', NULL),
(4, 7, 'Requesting a refund for an unopened item.', 'resolved', '2026-05-12 09:41:00', '2026-05-15 15:41:00', NULL),
(13, 7, 'Received the wrong product variant in the order.', 'resolved', '2026-05-13 17:38:00', '2026-05-17 01:38:00', NULL),
(44, 6, 'Invoice amount did not match the agreed quote.', 'open', '2026-05-14 12:07:00', NULL, 13),
(3, 7, 'Invoice amount did not match the agreed quote.', 'resolved', '2026-05-15 10:17:00', '2026-05-16 16:17:00', NULL),
(7, 6, 'Requesting a refund for an unopened item.', 'resolved', '2026-05-15 11:50:00', '2026-05-16 16:50:00', NULL),
(46, 7, 'Delivery arrived later than the scheduled date.', 'resolved', '2026-05-15 17:58:00', '2026-05-21 00:58:00', NULL),
(45, 6, 'Received the wrong product variant in the order.', 'resolved', '2026-05-17 10:10:00', '2026-05-18 15:10:00', NULL),
(10, 6, 'Product quantity delivered was short of what was ordered.', 'resolved', '2026-05-17 09:11:00', '2026-05-19 10:11:00', NULL),
(49, 6, 'Bio pesticide bottle was leaking on delivery.', 'resolved', '2026-05-20 16:37:00', '2026-05-20 23:37:00', NULL),
(31, 6, 'Delivery arrived later than the scheduled date.', 'in_progress', '2026-05-20 13:53:00', NULL, NULL),
(33, 6, 'Received the wrong product variant in the order.', 'resolved', '2026-05-23 10:19:00', '2026-05-29 15:19:00', NULL),
(48, 7, 'Asking for clarification on bulk order discount pricing.', 'resolved', '2026-05-25 16:16:00', '2026-05-27 23:16:00', 13),
(23, 7, 'Loyalty points were not credited after purchase.', 'in_progress', '2026-05-27 16:07:00', NULL, NULL),
(34, 6, 'Received the wrong product variant in the order.', 'open', '2026-06-01 12:42:00', NULL, NULL),
(23, 7, 'Delivery arrived later than the scheduled date.', 'resolved', '2026-06-05 15:23:00', '2026-06-06 16:23:00', NULL),
(25, 6, 'Requesting a refund for an unopened item.', 'in_progress', '2026-06-08 17:57:00', NULL, NULL),
(34, 6, 'Requesting a refund for an unopened item.', 'in_progress', '2026-06-10 14:56:00', NULL, NULL),
(38, 7, 'Requesting a refund for an unopened item.', 'resolved', '2026-06-10 09:37:00', '2026-06-14 14:37:00', NULL),
(8, 7, 'Product quantity delivered was short of what was ordered.', 'resolved', '2026-06-12 14:18:00', '2026-06-12 14:18:00', NULL),
(44, 6, 'Product quantity delivered was short of what was ordered.', 'resolved', '2026-06-19 17:18:00', '2026-06-24 01:18:00', NULL),
(20, 7, 'Requesting a refund for an unopened item.', 'resolved', '2026-06-23 13:00:00', '2026-06-26 13:00:00', NULL),
(38, 6, 'Delivery arrived later than the scheduled date.', 'resolved', '2026-06-23 09:27:00', '2026-06-25 09:27:00', 13),
(9, 7, 'Requesting a refund for an unopened item.', 'resolved', '2026-06-24 17:42:00', '2026-07-01 01:42:00', NULL),
(6, 7, 'Received the wrong product variant in the order.', 'open', '2026-06-29 12:27:00', NULL, NULL),
(6, 7, 'Invoice amount did not match the agreed quote.', 'resolved', '2026-06-29 14:15:00', '2026-07-05 20:15:00', NULL),
(7, 7, 'Requesting a refund for an unopened item.', 'resolved', '2026-07-01 11:36:00', '2026-07-04 16:36:00', NULL),
(9, 6, 'Requesting a refund for an unopened item.', 'resolved', '2026-07-06 17:12:00', '2026-07-08 21:12:00', 13),
(37, 7, 'Asking for clarification on bulk order discount pricing.', 'resolved', '2026-07-09 15:06:00', '2026-07-10 23:06:00', NULL),
(21, 7, 'Product quantity delivered was short of what was ordered.', 'resolved', '2026-07-09 16:26:00', '2026-07-12 23:26:00', 13),
(36, 6, 'Driver could not be reached to confirm delivery time.', 'resolved', '2026-07-09 11:39:00', '2026-07-11 14:39:00', NULL),
(24, 6, 'Bio pesticide bottle was leaking on delivery.', 'open', '2026-07-14 13:03:00', NULL, NULL),
(26, 6, 'Driver could not be reached to confirm delivery time.', 'in_progress', '2026-07-14 16:51:00', NULL, NULL),
(34, 7, 'Delivery arrived later than the scheduled date.', 'open', '2026-07-16 13:53:00', NULL, NULL);

-- promotional_notification
INSERT INTO promotional_notification (title, message, customer_group, sent_by, sent_at) VALUES
('New Season Bio Pesticide Launch', 'Introducing our upgraded Bio Killer range - now available in all sizes.', 'all', 6, '2026-01-31 12:33:00'),
('Loyalty Member Exclusive Discount', 'Loyalty members enjoy 10% off Bio Decomposer this month.', 'loyalty', 6, '2026-02-09 16:08:00'),
('Corporate Bulk Order Offer', 'Special bulk pricing for corporate accounts on mosquito insecticides.', 'corporate', 6, '2026-02-12 11:19:00'),
('Mosquito Season Preparation Sale', 'Stock up on mosquito sprayers ahead of the rainy season.', 'all', 7, '2026-02-16 09:51:00'),
('Compost Range Bundle Deal', 'Buy 2 Bio Decomposer 10kg and get free delivery.', 'all', 7, '2026-03-31 12:07:00'),
('Loyalty Points Double Weekend', 'Earn double loyalty points on all orders this weekend.', 'loyalty', 6, '2026-04-10 09:09:00'),
('Corporate Partner Appreciation', 'Thank you to our corporate partners - enjoy extended payment terms this quarter.', 'corporate', 6, '2026-04-11 10:15:00'),
('Bio Killer Mite Restock Notice', 'Bio Killer Mite range is back in stock across all sizes.', 'all', 6, '2026-05-19 10:30:00'),
('Referral Reward Programme', 'Refer another farm business and both accounts earn bonus loyalty points.', 'loyalty', 6, '2026-06-09 16:25:00'),
('Festive Season Agro Bundle', 'Combo pricing on pesticide and compost bundles for the festive season.', 'all', 6, '2026-06-14 10:19:00'),
('Corporate Year-End Clearance', 'Year-end clearance pricing for corporate bulk buyers.', 'corporate', 7, '2026-06-17 16:11:00'),
('New Branch Launch Promotion', 'Celebrating our expansion with storewide discounts.', 'all', 6, '2026-07-11 13:52:00');

-- attendance
INSERT INTO attendance (employee_id, recorded_by, date, clock_in, clock_out, overtime_hours) VALUES
(1, 8, '2026-01-16', '08:54:00', '18:39:00', 0),
(1, 8, '2026-01-19', '09:01:00', '16:09:00', 0),
(1, 8, '2026-01-20', '09:06:00', '17:30:00', 0.50),
(1, 8, '2026-01-21', '07:37:00', '17:23:00', 0.50),
(1, 8, '2026-01-22', '09:03:00', '17:26:00', 1.50),
(1, 8, '2026-01-23', '08:29:00', '16:36:00', 1.50),
(1, 8, '2026-01-26', NULL, NULL, 0),
(1, 8, '2026-01-27', '09:14:00', '16:58:00', 1),
(1, 8, '2026-01-28', '08:56:00', '18:29:00', 0.50),
(1, 8, '2026-01-29', NULL, NULL, 0),
(1, 8, '2026-01-30', '09:06:00', '17:57:00', 1.50),
(1, 8, '2026-02-02', '07:41:00', '16:22:00', 1),
(1, 8, '2026-02-03', '07:17:00', '18:19:00', 1.50),
(1, 8, '2026-02-04', '09:12:00', '17:38:00', 0),
(1, 8, '2026-02-05', '09:08:00', '16:44:00', 1),
(1, 8, '2026-02-06', '09:12:00', '16:02:00', 0),
(1, 8, '2026-02-09', '07:14:00', '16:42:00', 0),
(1, 8, '2026-02-10', '09:10:00', '16:49:00', 0),
(1, 8, '2026-02-11', '07:46:00', '17:48:00', 1.50),
(1, 8, '2026-02-12', '07:39:00', '17:07:00', 0),
(1, 8, '2026-02-13', '07:28:00', '17:38:00', 0),
(1, 8, '2026-02-16', '08:06:00', '18:28:00', 1.50),
(1, 8, '2026-02-17', '09:06:00', '16:16:00', 2),
(1, 8, '2026-02-18', '08:14:00', '16:47:00', 0),
(1, 8, '2026-02-19', '09:06:00', '16:37:00', 0),
(1, 8, '2026-02-20', '09:06:00', '16:02:00', 0),
(1, 8, '2026-02-23', '08:49:00', '17:36:00', 0),
(1, 8, '2026-02-24', '09:15:00', '16:53:00', 0),
(1, 8, '2026-02-25', '08:32:00', '17:22:00', 0),
(1, 8, '2026-02-26', '08:27:00', '18:24:00', 0),
(1, 8, '2026-02-27', '07:50:00', '18:19:00', 0),
(1, 8, '2026-03-02', '07:03:00', '18:34:00', 1),
(1, 8, '2026-03-03', NULL, NULL, 0),
(1, 8, '2026-03-04', '08:59:00', '17:24:00', 1),
(1, 8, '2026-03-05', '07:18:00', '16:34:00', 0),
(1, 8, '2026-03-06', '09:09:00', '17:39:00', 0),
(1, 8, '2026-03-09', '07:37:00', '17:59:00', 0.50),
(1, 8, '2026-03-10', '07:21:00', '17:16:00', 0),
(1, 8, '2026-03-11', '07:08:00', '16:35:00', 1),
(1, 8, '2026-03-12', '09:01:00', '16:31:00', 0),
(1, 8, '2026-03-13', '09:01:00', '17:04:00', 1.50),
(1, 8, '2026-03-16', '09:02:00', '18:30:00', 0),
(1, 8, '2026-03-17', '07:06:00', '16:31:00', 0),
(1, 8, '2026-03-18', '08:30:00', '17:50:00', 0),
(1, 8, '2026-03-19', NULL, NULL, 0),
(1, 8, '2026-03-20', '07:34:00', '18:55:00', 1.50),
(1, 8, '2026-03-23', '09:01:00', '18:30:00', 0),
(1, 8, '2026-03-24', '08:44:00', '16:27:00', 1.50),
(1, 8, '2026-03-25', '07:28:00', '16:57:00', 1),
(1, 8, '2026-03-26', '08:27:00', '16:15:00', 0),
(1, 8, '2026-03-27', '07:14:00', '17:47:00', 0),
(1, 8, '2026-03-30', '07:55:00', '18:15:00', 0),
(1, 8, '2026-03-31', '07:28:00', '16:18:00', 0),
(1, 8, '2026-04-01', '09:07:00', '17:08:00', 1.50),
(1, 8, '2026-04-02', '07:42:00', '16:04:00', 0.50),
(1, 8, '2026-04-03', '07:31:00', '18:47:00', 1),
(1, 8, '2026-04-06', '07:28:00', '18:19:00', 1),
(1, 8, '2026-04-07', '08:55:00', '18:15:00', 0.50),
(1, 8, '2026-04-08', '09:03:00', '16:22:00', 1.50),
(1, 8, '2026-04-09', '09:08:00', '16:13:00', 0),
(1, 8, '2026-04-10', '09:14:00', '17:47:00', 0),
(1, 8, '2026-04-13', '09:04:00', '16:15:00', 2),
(1, 8, '2026-04-14', '08:07:00', '16:31:00', 0),
(1, 8, '2026-04-15', '09:09:00', '16:03:00', 0.50),
(1, 8, '2026-04-16', '08:31:00', '16:55:00', 1.50),
(1, 8, '2026-04-17', '07:14:00', '16:24:00', 0),
(1, 8, '2026-04-20', '09:03:00', '18:19:00', 0),
(1, 8, '2026-04-21', '08:59:00', '16:58:00', 1),
(1, 8, '2026-04-22', '08:51:00', '18:13:00', 0),
(1, 8, '2026-04-23', '09:13:00', '18:59:00', 0),
(1, 8, '2026-04-24', '09:09:00', '18:29:00', 1.50),
(1, 8, '2026-04-27', '09:08:00', '16:24:00', 2),
(1, 8, '2026-04-28', '07:08:00', '16:17:00', 0.50),
(1, 8, '2026-04-29', '07:49:00', '18:18:00', 1),
(1, 8, '2026-04-30', '07:39:00', '17:23:00', 0.50),
(1, 8, '2026-05-01', '09:00:00', '16:19:00', 1),
(1, 8, '2026-05-04', '07:28:00', '17:01:00', 2),
(1, 8, '2026-05-05', NULL, NULL, 0),
(1, 8, '2026-05-06', NULL, NULL, 0),
(1, 8, '2026-05-07', '09:06:00', '17:03:00', 0),
(1, 8, '2026-05-08', '09:10:00', '16:28:00', 0),
(1, 8, '2026-05-11', '08:16:00', '17:08:00', 0),
(1, 8, '2026-05-12', '07:55:00', '18:41:00', 0),
(1, 8, '2026-05-13', '09:02:00', '16:43:00', 2),
(1, 8, '2026-05-14', '07:35:00', '18:14:00', 0),
(1, 8, '2026-05-15', '08:16:00', '16:43:00', 1),
(1, 8, '2026-05-18', '07:38:00', '16:22:00', 0),
(1, 8, '2026-05-19', '08:07:00', '18:04:00', 0),
(1, 8, '2026-05-20', '09:13:00', '16:41:00', 1.50),
(1, 8, '2026-05-21', '07:01:00', '17:38:00', 1),
(1, 8, '2026-05-22', '08:57:00', '18:23:00', 2),
(1, 8, '2026-05-25', '08:39:00', '16:10:00', 1),
(1, 8, '2026-05-26', NULL, NULL, 0),
(1, 8, '2026-05-27', '09:01:00', '16:38:00', 0),
(1, 8, '2026-05-28', '09:11:00', '16:24:00', 0),
(1, 8, '2026-05-29', '07:24:00', '18:05:00', 0),
(1, 8, '2026-06-01', '07:36:00', '18:36:00', 1.50),
(1, 8, '2026-06-02', '07:54:00', '18:51:00', 0),
(1, 8, '2026-06-03', '09:14:00', '17:17:00', 0),
(1, 8, '2026-06-04', '08:58:00', '16:21:00', 0),
(1, 8, '2026-06-05', '08:14:00', '17:20:00', 0),
(1, 8, '2026-06-08', '08:46:00', '17:23:00', 0),
(1, 8, '2026-06-09', '09:04:00', '17:41:00', 2),
(1, 8, '2026-06-10', '08:50:00', '17:14:00', 0),
(1, 8, '2026-06-11', '07:49:00', '17:43:00', 0),
(1, 8, '2026-06-12', '08:21:00', '17:07:00', 0),
(1, 8, '2026-06-15', '09:09:00', '18:31:00', 0),
(1, 8, '2026-06-16', '08:00:00', '16:07:00', 1.50),
(1, 8, '2026-06-17', '09:15:00', '18:06:00', 0),
(1, 8, '2026-06-18', '08:01:00', '18:10:00', 0),
(1, 8, '2026-06-19', '09:12:00', '17:22:00', 0),
(1, 8, '2026-06-22', '09:15:00', '18:18:00', 0),
(1, 8, '2026-06-23', '08:37:00', '18:39:00', 0),
(1, 8, '2026-06-24', '07:04:00', '18:58:00', 1),
(1, 8, '2026-06-25', '08:40:00', '17:47:00', 1.50),
(1, 8, '2026-06-26', '08:44:00', '16:46:00', 0),
(1, 8, '2026-06-29', '09:02:00', '16:57:00', 0),
(1, 8, '2026-06-30', '08:43:00', '18:29:00', 1.50),
(1, 8, '2026-07-01', '07:32:00', '18:37:00', 0.50),
(1, 8, '2026-07-02', '07:14:00', '17:31:00', 1),
(1, 8, '2026-07-03', NULL, NULL, 0),
(1, 8, '2026-07-06', '09:13:00', '17:20:00', 1.50),
(1, 8, '2026-07-07', '07:09:00', '16:52:00', 0),
(1, 8, '2026-07-08', '08:36:00', '18:20:00', 0),
(1, 8, '2026-07-09', '07:07:00', '17:17:00', 2),
(1, 8, '2026-07-10', '07:18:00', '17:38:00', 0),
(1, 8, '2026-07-13', '09:04:00', '16:13:00', 0),
(1, 8, '2026-07-14', NULL, NULL, 0),
(1, 8, '2026-07-15', '09:06:00', '16:31:00', 0),
(1, 8, '2026-07-16', '08:36:00', '17:46:00', 2),
(2, 8, '2026-01-16', '08:18:00', '16:45:00', 0),
(2, 8, '2026-01-19', '08:31:00', '17:05:00', 0),
(2, 8, '2026-01-20', '09:03:00', '17:51:00', 0),
(2, 8, '2026-01-21', '07:46:00', '16:20:00', 0),
(2, 8, '2026-01-22', '08:29:00', '18:47:00', 0),
(2, 8, '2026-01-23', '08:57:00', '16:27:00', 0),
(2, 8, '2026-01-26', '09:06:00', '18:42:00', 0),
(2, 8, '2026-01-27', '09:00:00', '16:08:00', 1.50),
(2, 8, '2026-01-28', '07:43:00', '16:16:00', 2),
(2, 8, '2026-01-29', '07:46:00', '17:18:00', 0),
(2, 8, '2026-01-30', '07:33:00', '18:47:00', 0),
(2, 8, '2026-02-02', NULL, NULL, 0),
(2, 8, '2026-02-03', '09:06:00', '18:11:00', 0),
(2, 8, '2026-02-04', '08:39:00', '17:40:00', 0),
(2, 8, '2026-02-05', '08:33:00', '18:11:00', 0.50),
(2, 8, '2026-02-06', '08:42:00', '17:31:00', 1.50),
(2, 8, '2026-02-09', '09:09:00', '16:14:00', 0),
(2, 8, '2026-02-10', '08:26:00', '17:20:00', 0),
(2, 8, '2026-02-11', '07:11:00', '17:20:00', 0),
(2, 8, '2026-02-12', '08:45:00', '16:49:00', 2),
(2, 8, '2026-02-13', '08:38:00', '17:43:00', 0),
(2, 8, '2026-02-16', NULL, NULL, 0),
(2, 8, '2026-02-17', '07:56:00', '17:03:00', 1),
(2, 8, '2026-02-18', '08:26:00', '17:51:00', 2),
(2, 8, '2026-02-19', '08:58:00', '16:17:00', 2),
(2, 8, '2026-02-20', '08:40:00', '16:19:00', 2),
(2, 8, '2026-02-23', '09:05:00', '18:13:00', 0),
(2, 8, '2026-02-24', '09:10:00', '16:38:00', 0),
(2, 8, '2026-02-25', '07:51:00', '17:05:00', 1),
(2, 8, '2026-02-26', '09:04:00', '18:03:00', 0),
(2, 8, '2026-02-27', '07:10:00', '18:25:00', 0),
(2, 8, '2026-03-02', '07:58:00', '17:21:00', 1.50),
(2, 8, '2026-03-03', '09:15:00', '16:02:00', 0),
(2, 8, '2026-03-04', '09:06:00', '18:25:00', 2),
(2, 8, '2026-03-05', NULL, NULL, 0),
(2, 8, '2026-03-06', '07:14:00', '18:49:00', 0),
(2, 8, '2026-03-09', NULL, NULL, 0),
(2, 8, '2026-03-10', '08:41:00', '17:08:00', 0.50),
(2, 8, '2026-03-11', '07:04:00', '18:46:00', 1.50),
(2, 8, '2026-03-12', NULL, NULL, 0),
(2, 8, '2026-03-13', '09:04:00', '16:47:00', 1.50),
(2, 8, '2026-03-16', '09:09:00', '17:27:00', 0),
(2, 8, '2026-03-17', '08:12:00', '16:16:00', 2),
(2, 8, '2026-03-18', '08:05:00', '16:26:00', 0.50),
(2, 8, '2026-03-19', '09:07:00', '17:01:00', 2),
(2, 8, '2026-03-20', '08:48:00', '18:45:00', 0),
(2, 8, '2026-03-23', '09:01:00', '17:49:00', 0),
(2, 8, '2026-03-24', '08:36:00', '16:41:00', 0.50),
(2, 8, '2026-03-25', '09:05:00', '16:35:00', 0),
(2, 8, '2026-03-26', '08:37:00', '16:05:00', 0),
(2, 8, '2026-03-27', '08:33:00', '18:53:00', 0),
(2, 8, '2026-03-30', '08:16:00', '17:19:00', 1),
(2, 8, '2026-03-31', '07:20:00', '18:36:00', 1.50),
(2, 8, '2026-04-01', '08:44:00', '16:48:00', 2),
(2, 8, '2026-04-02', '08:41:00', '16:20:00', 2),
(2, 8, '2026-04-03', '09:02:00', '16:27:00', 0),
(2, 8, '2026-04-06', '07:10:00', '18:47:00', 0),
(2, 8, '2026-04-07', '08:55:00', '16:02:00', 1.50),
(2, 8, '2026-04-08', '09:15:00', '16:47:00', 1.50),
(2, 8, '2026-04-09', '08:07:00', '17:18:00', 0.50),
(2, 8, '2026-04-10', '09:11:00', '18:41:00', 0),
(2, 8, '2026-04-13', '09:06:00', '18:45:00', 1),
(2, 8, '2026-04-14', '08:30:00', '17:13:00', 1),
(2, 8, '2026-04-15', '09:04:00', '16:33:00', 2),
(2, 8, '2026-04-16', NULL, NULL, 0),
(2, 8, '2026-04-17', '07:30:00', '16:00:00', 0.50),
(2, 8, '2026-04-20', '07:44:00', '16:34:00', 2),
(2, 8, '2026-04-21', '07:39:00', '17:38:00', 0),
(2, 8, '2026-04-22', '09:07:00', '17:40:00', 0),
(2, 8, '2026-04-23', '08:18:00', '17:37:00', 0.50);
INSERT INTO attendance (employee_id, recorded_by, date, clock_in, clock_out, overtime_hours) VALUES
(2, 8, '2026-04-24', '08:59:00', '17:35:00', 0),
(2, 8, '2026-04-27', '07:06:00', '18:13:00', 0.50),
(2, 8, '2026-04-28', '09:06:00', '16:51:00', 1.50),
(2, 8, '2026-04-29', '09:08:00', '18:55:00', 2),
(2, 8, '2026-04-30', '07:50:00', '16:13:00', 0),
(2, 8, '2026-05-01', '09:09:00', '16:10:00', 2),
(2, 8, '2026-05-04', '08:04:00', '16:08:00', 2),
(2, 8, '2026-05-05', '08:20:00', '17:32:00', 0),
(2, 8, '2026-05-06', '08:24:00', '17:45:00', 2),
(2, 8, '2026-05-07', '09:02:00', '18:53:00', 0),
(2, 8, '2026-05-08', '09:08:00', '18:09:00', 1.50),
(2, 8, '2026-05-11', '08:44:00', '17:43:00', 0),
(2, 8, '2026-05-12', '08:41:00', '17:11:00', 0),
(2, 8, '2026-05-13', '08:49:00', '18:22:00', 1.50),
(2, 8, '2026-05-14', '09:06:00', '17:23:00', 0),
(2, 8, '2026-05-15', '07:12:00', '17:23:00', 0),
(2, 8, '2026-05-18', NULL, NULL, 0),
(2, 8, '2026-05-19', '07:58:00', '17:58:00', 0.50),
(2, 8, '2026-05-20', '07:38:00', '17:02:00', 0.50),
(2, 8, '2026-05-21', '08:02:00', '18:45:00', 0.50),
(2, 8, '2026-05-22', '07:36:00', '16:55:00', 2),
(2, 8, '2026-05-25', '09:15:00', '16:30:00', 0),
(2, 8, '2026-05-26', NULL, NULL, 0),
(2, 8, '2026-05-27', NULL, NULL, 0),
(2, 8, '2026-05-28', '07:45:00', '18:11:00', 0),
(2, 8, '2026-05-29', '07:03:00', '17:40:00', 0),
(2, 8, '2026-06-01', '09:06:00', '18:39:00', 0),
(2, 8, '2026-06-02', '09:10:00', '18:10:00', 1),
(2, 8, '2026-06-03', '09:13:00', '18:42:00', 0),
(2, 8, '2026-06-04', '09:09:00', '18:17:00', 0),
(2, 8, '2026-06-05', '07:17:00', '18:12:00', 1.50),
(2, 8, '2026-06-08', '09:00:00', '17:17:00', 1),
(2, 8, '2026-06-09', '08:36:00', '18:05:00', 2),
(2, 8, '2026-06-10', '07:11:00', '18:05:00', 0),
(2, 8, '2026-06-11', '09:01:00', '16:50:00', 0),
(2, 8, '2026-06-12', '08:29:00', '16:56:00', 0),
(2, 8, '2026-06-15', '09:06:00', '18:48:00', 0),
(2, 8, '2026-06-16', '08:45:00', '17:11:00', 0.50),
(2, 8, '2026-06-17', '08:26:00', '16:53:00', 0),
(2, 8, '2026-06-18', '07:11:00', '17:16:00', 2),
(2, 8, '2026-06-19', '08:22:00', '18:23:00', 1),
(2, 8, '2026-06-22', '09:05:00', '16:53:00', 1.50),
(2, 8, '2026-06-23', '09:13:00', '18:27:00', 1),
(2, 8, '2026-06-24', '09:09:00', '16:21:00', 0.50),
(2, 8, '2026-06-25', '07:16:00', '16:29:00', 0.50),
(2, 8, '2026-06-26', NULL, NULL, 0),
(2, 8, '2026-06-29', '09:05:00', '17:08:00', 2),
(2, 8, '2026-06-30', '08:36:00', '17:42:00', 0),
(2, 8, '2026-07-01', '07:40:00', '17:55:00', 0),
(2, 8, '2026-07-02', '08:21:00', '17:41:00', 0),
(2, 8, '2026-07-03', '08:19:00', '16:29:00', 0),
(2, 8, '2026-07-06', '08:51:00', '18:29:00', 1.50),
(2, 8, '2026-07-07', '08:53:00', '16:16:00', 1),
(2, 8, '2026-07-08', '08:43:00', '17:19:00', 0),
(2, 8, '2026-07-09', '07:48:00', '18:06:00', 1.50),
(2, 8, '2026-07-10', '08:36:00', '17:37:00', 0),
(2, 8, '2026-07-13', '07:59:00', '17:56:00', 0),
(2, 8, '2026-07-14', '09:04:00', '16:42:00', 1),
(2, 8, '2026-07-15', '07:05:00', '17:50:00', 0),
(2, 8, '2026-07-16', '08:25:00', '16:29:00', 0),
(3, 8, '2026-01-16', '07:56:00', '16:19:00', 0.50),
(3, 8, '2026-01-19', '07:54:00', '16:27:00', 0),
(3, 8, '2026-01-20', '07:43:00', '18:54:00', 1),
(3, 8, '2026-01-21', NULL, NULL, 0),
(3, 8, '2026-01-22', '07:30:00', '18:43:00', 1.50),
(3, 8, '2026-01-23', '08:42:00', '17:53:00', 2),
(3, 8, '2026-01-26', '07:24:00', '16:20:00', 0),
(3, 8, '2026-01-27', '08:57:00', '17:52:00', 1.50),
(3, 8, '2026-01-28', '09:04:00', '17:31:00', 0),
(3, 8, '2026-01-29', '09:11:00', '16:23:00', 1),
(3, 8, '2026-01-30', '07:39:00', '18:48:00', 1.50),
(3, 8, '2026-02-02', '09:14:00', '16:31:00', 0),
(3, 8, '2026-02-03', NULL, NULL, 0),
(3, 8, '2026-02-04', '07:21:00', '17:41:00', 0),
(3, 8, '2026-02-05', '08:19:00', '17:43:00', 2),
(3, 8, '2026-02-06', NULL, NULL, 0),
(3, 8, '2026-02-09', '08:11:00', '16:25:00', 0),
(3, 8, '2026-02-10', '07:22:00', '18:46:00', 0),
(3, 8, '2026-02-11', '08:51:00', '16:10:00', 1),
(3, 8, '2026-02-12', '09:14:00', '16:31:00', 1.50),
(3, 8, '2026-02-13', '07:19:00', '17:16:00', 0),
(3, 8, '2026-02-16', '08:32:00', '17:49:00', 2),
(3, 8, '2026-02-17', '09:03:00', '16:27:00', 1.50),
(3, 8, '2026-02-18', '07:09:00', '16:21:00', 0.50),
(3, 8, '2026-02-19', '09:14:00', '17:03:00', 2),
(3, 8, '2026-02-20', '07:55:00', '17:29:00', 1),
(3, 8, '2026-02-23', NULL, NULL, 0),
(3, 8, '2026-02-24', '08:16:00', '17:21:00', 0.50),
(3, 8, '2026-02-25', '07:34:00', '17:11:00', 0.50),
(3, 8, '2026-02-26', '07:28:00', '17:19:00', 0),
(3, 8, '2026-02-27', '08:46:00', '16:34:00', 1.50),
(3, 8, '2026-03-02', '07:34:00', '16:08:00', 0),
(3, 8, '2026-03-03', '08:57:00', '17:22:00', 2),
(3, 8, '2026-03-04', '07:58:00', '18:52:00', 2),
(3, 8, '2026-03-05', NULL, NULL, 0),
(3, 8, '2026-03-06', '07:09:00', '18:46:00', 0),
(3, 8, '2026-03-09', '09:05:00', '17:59:00', 0.50),
(3, 8, '2026-03-10', '07:11:00', '18:16:00', 0),
(3, 8, '2026-03-11', '08:07:00', '16:36:00', 0.50),
(3, 8, '2026-03-12', '09:07:00', '18:51:00', 0),
(3, 8, '2026-03-13', '08:13:00', '17:17:00', 0),
(3, 8, '2026-03-16', '09:02:00', '18:25:00', 0),
(3, 8, '2026-03-17', '08:00:00', '17:13:00', 0),
(3, 8, '2026-03-18', '09:08:00', '17:17:00', 2),
(3, 8, '2026-03-19', '09:03:00', '16:14:00', 0),
(3, 8, '2026-03-20', '07:04:00', '18:18:00', 2),
(3, 8, '2026-03-23', '09:10:00', '18:24:00', 2),
(3, 8, '2026-03-24', '07:21:00', '17:20:00', 1),
(3, 8, '2026-03-25', '07:29:00', '18:31:00', 0),
(3, 8, '2026-03-26', '07:43:00', '17:16:00', 1.50),
(3, 8, '2026-03-27', NULL, NULL, 0),
(3, 8, '2026-03-30', '07:40:00', '17:35:00', 1),
(3, 8, '2026-03-31', '09:11:00', '17:18:00', 1),
(3, 8, '2026-04-01', '08:01:00', '16:39:00', 0),
(3, 8, '2026-04-02', '09:13:00', '16:48:00', 0.50),
(3, 8, '2026-04-03', '08:15:00', '17:58:00', 0),
(3, 8, '2026-04-06', '07:06:00', '17:13:00', 0),
(3, 8, '2026-04-07', '09:05:00', '16:49:00', 1.50),
(3, 8, '2026-04-08', '08:48:00', '16:26:00', 0.50),
(3, 8, '2026-04-09', '08:40:00', '16:42:00', 1),
(3, 8, '2026-04-10', '09:07:00', '17:31:00', 2),
(3, 8, '2026-04-13', '08:10:00', '16:25:00', 0.50),
(3, 8, '2026-04-14', NULL, NULL, 0),
(3, 8, '2026-04-15', '08:41:00', '16:43:00', 0),
(3, 8, '2026-04-16', '09:13:00', '17:12:00', 0),
(3, 8, '2026-04-17', '07:39:00', '18:32:00', 0),
(3, 8, '2026-04-20', '09:00:00', '17:39:00', 0),
(3, 8, '2026-04-21', '09:02:00', '17:01:00', 1.50),
(3, 8, '2026-04-22', '07:54:00', '16:29:00', 1),
(3, 8, '2026-04-23', '07:11:00', '17:59:00', 0),
(3, 8, '2026-04-24', '08:04:00', '16:13:00', 2),
(3, 8, '2026-04-27', '09:14:00', '16:50:00', 0),
(3, 8, '2026-04-28', '09:03:00', '18:53:00', 1),
(3, 8, '2026-04-29', '07:15:00', '17:46:00', 0),
(3, 8, '2026-04-30', NULL, NULL, 0),
(3, 8, '2026-05-01', NULL, NULL, 0),
(3, 8, '2026-05-04', '09:12:00', '16:50:00', 1.50),
(3, 8, '2026-05-05', '09:03:00', '18:49:00', 0),
(3, 8, '2026-05-06', '09:03:00', '17:51:00', 1.50),
(3, 8, '2026-05-07', '09:01:00', '17:25:00', 2),
(3, 8, '2026-05-08', '07:06:00', '16:54:00', 0.50),
(3, 8, '2026-05-11', '09:03:00', '18:10:00', 1),
(3, 8, '2026-05-12', '08:09:00', '16:50:00', 2),
(3, 8, '2026-05-13', '07:21:00', '18:44:00', 0),
(3, 8, '2026-05-14', '09:07:00', '17:21:00', 0.50),
(3, 8, '2026-05-15', '08:50:00', '17:44:00', 0.50),
(3, 8, '2026-05-18', '09:02:00', '16:09:00', 0.50),
(3, 8, '2026-05-19', NULL, NULL, 0),
(3, 8, '2026-05-20', '09:09:00', '17:45:00', 0),
(3, 8, '2026-05-21', '08:30:00', '18:28:00', 0.50),
(3, 8, '2026-05-22', '09:08:00', '16:38:00', 0.50),
(3, 8, '2026-05-25', '08:40:00', '16:01:00', 0),
(3, 8, '2026-05-26', '07:37:00', '16:16:00', 1),
(3, 8, '2026-05-27', '09:12:00', '17:39:00', 0),
(3, 8, '2026-05-28', '09:09:00', '18:54:00', 1),
(3, 8, '2026-05-29', '08:55:00', '17:41:00', 0),
(3, 8, '2026-06-01', '08:11:00', '17:57:00', 1.50),
(3, 8, '2026-06-02', NULL, NULL, 0),
(3, 8, '2026-06-03', '08:14:00', '17:13:00', 0),
(3, 8, '2026-06-04', '09:03:00', '18:12:00', 1),
(3, 8, '2026-06-05', '09:00:00', '18:54:00', 0),
(3, 8, '2026-06-08', '08:42:00', '16:25:00', 0),
(3, 8, '2026-06-09', '09:04:00', '17:35:00', 0),
(3, 8, '2026-06-10', '07:28:00', '18:33:00', 0),
(3, 8, '2026-06-11', '09:11:00', '18:59:00', 0),
(3, 8, '2026-06-12', '09:05:00', '16:38:00', 0.50),
(3, 8, '2026-06-15', '07:47:00', '16:46:00', 0),
(3, 8, '2026-06-16', '07:33:00', '17:03:00', 0),
(3, 8, '2026-06-17', '09:15:00', '17:06:00', 0),
(3, 8, '2026-06-18', '09:04:00', '16:30:00', 0),
(3, 8, '2026-06-19', '08:12:00', '16:34:00', 0),
(3, 8, '2026-06-22', '08:36:00', '16:37:00', 1.50),
(3, 8, '2026-06-23', '07:46:00', '17:49:00', 0),
(3, 8, '2026-06-24', '09:14:00', '16:16:00', 1.50),
(3, 8, '2026-06-25', '08:40:00', '16:21:00', 2),
(3, 8, '2026-06-26', '09:08:00', '18:15:00', 1),
(3, 8, '2026-06-29', '09:09:00', '18:28:00', 0),
(3, 8, '2026-06-30', '07:31:00', '16:20:00', 2),
(3, 8, '2026-07-01', '07:04:00', '17:43:00', 0.50),
(3, 8, '2026-07-02', '08:21:00', '18:43:00', 0),
(3, 8, '2026-07-03', '07:48:00', '16:13:00', 0.50),
(3, 8, '2026-07-06', '08:49:00', '18:30:00', 0),
(3, 8, '2026-07-07', '09:13:00', '18:43:00', 0),
(3, 8, '2026-07-08', '07:49:00', '17:50:00', 0),
(3, 8, '2026-07-09', '09:05:00', '17:33:00', 2),
(3, 8, '2026-07-10', '08:49:00', '18:17:00', 0),
(3, 8, '2026-07-13', '08:59:00', '17:23:00', 0),
(3, 8, '2026-07-14', '09:10:00', '17:19:00', 1.50),
(3, 8, '2026-07-15', '08:00:00', '17:03:00', 1.50),
(3, 8, '2026-07-16', '07:29:00', '17:01:00', 0),
(4, 8, '2026-01-16', '09:09:00', '17:01:00', 1),
(4, 8, '2026-01-19', '08:20:00', '18:35:00', 0),
(4, 8, '2026-01-20', '09:14:00', '17:06:00', 0),
(4, 8, '2026-01-21', '08:46:00', '17:46:00', 2),
(4, 8, '2026-01-22', '07:49:00', '18:24:00', 2),
(4, 8, '2026-01-23', '09:12:00', '16:06:00', 0),
(4, 8, '2026-01-26', '08:34:00', '17:28:00', 0.50),
(4, 8, '2026-01-27', '07:56:00', '18:04:00', 1),
(4, 8, '2026-01-28', '09:04:00', '16:37:00', 0.50),
(4, 8, '2026-01-29', '09:05:00', '17:15:00', 1);
INSERT INTO attendance (employee_id, recorded_by, date, clock_in, clock_out, overtime_hours) VALUES
(4, 8, '2026-01-30', '09:09:00', '18:01:00', 0),
(4, 8, '2026-02-02', '07:55:00', '18:45:00', 1),
(4, 8, '2026-02-03', '08:57:00', '17:47:00', 0),
(4, 8, '2026-02-04', '08:14:00', '17:23:00', 1),
(4, 8, '2026-02-05', '09:08:00', '18:47:00', 0),
(4, 8, '2026-02-06', '09:13:00', '17:51:00', 2),
(4, 8, '2026-02-09', '09:03:00', '18:23:00', 0),
(4, 8, '2026-02-10', '07:32:00', '17:50:00', 2),
(4, 8, '2026-02-11', '08:40:00', '16:47:00', 0),
(4, 8, '2026-02-12', '09:03:00', '18:10:00', 0),
(4, 8, '2026-02-13', '08:39:00', '18:12:00', 0),
(4, 8, '2026-02-16', '08:52:00', '17:29:00', 2),
(4, 8, '2026-02-17', '09:09:00', '18:21:00', 0),
(4, 8, '2026-02-18', '09:14:00', '18:49:00', 1.50),
(4, 8, '2026-02-19', '08:36:00', '17:00:00', 1.50),
(4, 8, '2026-02-20', NULL, NULL, 0),
(4, 8, '2026-02-23', '08:09:00', '17:54:00', 0),
(4, 8, '2026-02-24', '08:34:00', '17:41:00', 0),
(4, 8, '2026-02-25', '09:11:00', '18:55:00', 0),
(4, 8, '2026-02-26', '07:13:00', '17:11:00', 0),
(4, 8, '2026-02-27', NULL, NULL, 0),
(4, 8, '2026-03-02', '07:49:00', '16:34:00', 1),
(4, 8, '2026-03-03', '08:55:00', '17:59:00', 0),
(4, 8, '2026-03-04', '07:19:00', '16:27:00', 0.50),
(4, 8, '2026-03-05', '07:49:00', '17:01:00', 0),
(4, 8, '2026-03-06', '08:07:00', '17:01:00', 2),
(4, 8, '2026-03-09', '09:13:00', '17:03:00', 2),
(4, 8, '2026-03-10', '07:13:00', '17:37:00', 0),
(4, 8, '2026-03-11', '07:32:00', '18:46:00', 0),
(4, 8, '2026-03-12', '07:07:00', '17:47:00', 1),
(4, 8, '2026-03-13', '08:26:00', '16:13:00', 0),
(4, 8, '2026-03-16', '08:30:00', '17:32:00', 0),
(4, 8, '2026-03-17', '07:00:00', '17:51:00', 1.50),
(4, 8, '2026-03-18', '07:22:00', '17:19:00', 0),
(4, 8, '2026-03-19', '09:07:00', '18:05:00', 1.50),
(4, 8, '2026-03-20', '07:17:00', '18:41:00', 1),
(4, 8, '2026-03-23', NULL, NULL, 0),
(4, 8, '2026-03-24', '07:36:00', '16:08:00', 0),
(4, 8, '2026-03-25', '08:48:00', '16:03:00', 0),
(4, 8, '2026-03-26', '09:11:00', '18:26:00', 0),
(4, 8, '2026-03-27', '07:59:00', '18:09:00', 0),
(4, 8, '2026-03-30', '07:50:00', '16:01:00', 2),
(4, 8, '2026-03-31', '08:40:00', '17:58:00', 0.50),
(4, 8, '2026-04-01', '07:50:00', '16:21:00', 0),
(4, 8, '2026-04-02', '07:47:00', '16:58:00', 1.50),
(4, 8, '2026-04-03', NULL, NULL, 0),
(4, 8, '2026-04-06', '09:05:00', '16:06:00', 0),
(4, 8, '2026-04-07', '07:05:00', '17:04:00', 0),
(4, 8, '2026-04-08', '08:26:00', '18:28:00', 0),
(4, 8, '2026-04-09', '09:00:00', '17:30:00', 2),
(4, 8, '2026-04-10', '08:08:00', '17:42:00', 1),
(4, 8, '2026-04-13', '09:03:00', '17:31:00', 0),
(4, 8, '2026-04-14', '09:08:00', '16:14:00', 0),
(4, 8, '2026-04-15', '09:09:00', '18:06:00', 0),
(4, 8, '2026-04-16', '07:46:00', '18:19:00', 1),
(4, 8, '2026-04-17', '08:42:00', '18:33:00', 0.50),
(4, 8, '2026-04-20', '07:20:00', '17:23:00', 0),
(4, 8, '2026-04-21', '07:47:00', '17:40:00', 0),
(4, 8, '2026-04-22', '07:00:00', '16:40:00', 0),
(4, 8, '2026-04-23', '07:10:00', '17:20:00', 0),
(4, 8, '2026-04-24', '08:54:00', '17:12:00', 1.50),
(4, 8, '2026-04-27', '07:29:00', '18:16:00', 2),
(4, 8, '2026-04-28', '08:41:00', '18:59:00', 1),
(4, 8, '2026-04-29', '07:16:00', '17:51:00', 2),
(4, 8, '2026-04-30', '08:42:00', '16:42:00', 1),
(4, 8, '2026-05-01', '08:04:00', '17:27:00', 0),
(4, 8, '2026-05-04', '07:06:00', '16:29:00', 0),
(4, 8, '2026-05-05', '09:04:00', '17:19:00', 2),
(4, 8, '2026-05-06', '07:55:00', '18:11:00', 1.50),
(4, 8, '2026-05-07', '09:12:00', '16:53:00', 0),
(4, 8, '2026-05-08', '07:46:00', '18:22:00', 0),
(4, 8, '2026-05-11', '09:01:00', '18:23:00', 0),
(4, 8, '2026-05-12', '09:10:00', '17:10:00', 0),
(4, 8, '2026-05-13', '09:07:00', '18:09:00', 1.50),
(4, 8, '2026-05-14', '08:03:00', '17:18:00', 1.50),
(4, 8, '2026-05-15', '08:57:00', '17:29:00', 1),
(4, 8, '2026-05-18', '08:00:00', '16:16:00', 0.50),
(4, 8, '2026-05-19', '09:02:00', '16:48:00', 1.50),
(4, 8, '2026-05-20', '08:52:00', '16:48:00', 0),
(4, 8, '2026-05-21', '07:41:00', '17:25:00', 0),
(4, 8, '2026-05-22', '08:04:00', '16:17:00', 0),
(4, 8, '2026-05-25', '07:46:00', '18:37:00', 0),
(4, 8, '2026-05-26', '07:43:00', '17:48:00', 1),
(4, 8, '2026-05-27', NULL, NULL, 0),
(4, 8, '2026-05-28', '08:33:00', '16:49:00', 2),
(4, 8, '2026-05-29', '08:19:00', '16:34:00', 2),
(4, 8, '2026-06-01', '09:08:00', '16:24:00', 0.50),
(4, 8, '2026-06-02', '08:27:00', '18:10:00', 2),
(4, 8, '2026-06-03', '07:33:00', '16:05:00', 1),
(4, 8, '2026-06-04', '09:13:00', '17:03:00', 0),
(4, 8, '2026-06-05', '08:53:00', '18:46:00', 0.50),
(4, 8, '2026-06-08', '09:10:00', '17:42:00', 0.50),
(4, 8, '2026-06-09', '07:00:00', '16:45:00', 2),
(4, 8, '2026-06-10', '08:14:00', '18:27:00', 0.50),
(4, 8, '2026-06-11', '09:12:00', '18:33:00', 1.50),
(4, 8, '2026-06-12', NULL, NULL, 0),
(4, 8, '2026-06-15', '09:06:00', '18:06:00', 0),
(4, 8, '2026-06-16', '07:23:00', '18:43:00', 1.50),
(4, 8, '2026-06-17', '09:01:00', '17:41:00', 2),
(4, 8, '2026-06-18', '09:01:00', '17:52:00', 1.50),
(4, 8, '2026-06-19', '07:13:00', '18:11:00', 0),
(4, 8, '2026-06-22', '08:06:00', '17:58:00', 1.50),
(4, 8, '2026-06-23', '09:08:00', '17:52:00', 1),
(4, 8, '2026-06-24', '07:17:00', '17:50:00', 0),
(4, 8, '2026-06-25', '09:08:00', '16:13:00', 1),
(4, 8, '2026-06-26', '08:49:00', '16:54:00', 2),
(4, 8, '2026-06-29', '08:22:00', '18:34:00', 0),
(4, 8, '2026-06-30', '08:06:00', '18:05:00', 1.50),
(4, 8, '2026-07-01', '08:40:00', '16:48:00', 1.50),
(4, 8, '2026-07-02', '09:11:00', '17:51:00', 2),
(4, 8, '2026-07-03', '07:10:00', '17:01:00', 0),
(4, 8, '2026-07-06', '08:58:00', '18:44:00', 0.50),
(4, 8, '2026-07-07', '09:11:00', '17:39:00', 0),
(4, 8, '2026-07-08', '07:45:00', '18:58:00', 1.50),
(4, 8, '2026-07-09', '07:45:00', '17:34:00', 1),
(4, 8, '2026-07-10', '08:06:00', '18:52:00', 0.50),
(4, 8, '2026-07-13', '07:20:00', '16:28:00', 0),
(4, 8, '2026-07-14', '07:42:00', '17:01:00', 2),
(4, 8, '2026-07-15', '09:14:00', '16:56:00', 0),
(4, 8, '2026-07-16', '07:09:00', '16:18:00', 0),
(5, 8, '2026-01-16', '09:14:00', '17:35:00', 0),
(5, 8, '2026-01-19', '09:12:00', '18:36:00', 1.50),
(5, 8, '2026-01-20', '09:11:00', '17:27:00', 1),
(5, 8, '2026-01-21', '07:20:00', '18:22:00', 0),
(5, 8, '2026-01-22', '07:20:00', '18:15:00', 0),
(5, 8, '2026-01-23', '09:15:00', '18:20:00', 0),
(5, 8, '2026-01-26', '09:14:00', '18:22:00', 0),
(5, 8, '2026-01-27', '09:01:00', '17:39:00', 2),
(5, 8, '2026-01-28', '08:04:00', '16:01:00', 2),
(5, 8, '2026-01-29', '07:57:00', '17:30:00', 0),
(5, 8, '2026-01-30', '08:04:00', '18:17:00', 0.50),
(5, 8, '2026-02-02', '09:01:00', '18:38:00', 2),
(5, 8, '2026-02-03', '07:25:00', '16:42:00', 2),
(5, 8, '2026-02-04', '09:09:00', '17:14:00', 1.50),
(5, 8, '2026-02-05', '09:10:00', '16:39:00', 0),
(5, 8, '2026-02-06', '08:37:00', '16:49:00', 0),
(5, 8, '2026-02-09', '09:05:00', '18:12:00', 0),
(5, 8, '2026-02-10', '07:53:00', '16:01:00', 2),
(5, 8, '2026-02-11', '08:05:00', '16:25:00', 1.50),
(5, 8, '2026-02-12', '08:44:00', '17:08:00', 1),
(5, 8, '2026-02-13', '08:22:00', '16:45:00', 1.50),
(5, 8, '2026-02-16', '08:05:00', '16:16:00', 1.50),
(5, 8, '2026-02-17', '08:41:00', '18:05:00', 1),
(5, 8, '2026-02-18', '07:33:00', '17:01:00', 0),
(5, 8, '2026-02-19', '07:43:00', '17:06:00', 0),
(5, 8, '2026-02-20', NULL, NULL, 0),
(5, 8, '2026-02-23', '07:00:00', '17:24:00', 0.50),
(5, 8, '2026-02-24', NULL, NULL, 0),
(5, 8, '2026-02-25', '09:02:00', '16:12:00', 2),
(5, 8, '2026-02-26', '07:22:00', '16:55:00', 0),
(5, 8, '2026-02-27', '09:11:00', '17:45:00', 0),
(5, 8, '2026-03-02', '08:01:00', '18:02:00', 0),
(5, 8, '2026-03-03', '08:59:00', '17:06:00', 1),
(5, 8, '2026-03-04', '09:05:00', '16:31:00', 0),
(5, 8, '2026-03-05', '09:10:00', '17:59:00', 1.50),
(5, 8, '2026-03-06', '07:42:00', '18:04:00', 1),
(5, 8, '2026-03-09', '07:15:00', '17:12:00', 1.50),
(5, 8, '2026-03-10', NULL, NULL, 0),
(5, 8, '2026-03-11', '08:51:00', '18:45:00', 0),
(5, 8, '2026-03-12', '07:42:00', '18:20:00', 1.50),
(5, 8, '2026-03-13', '09:12:00', '17:20:00', 0),
(5, 8, '2026-03-16', '07:18:00', '18:27:00', 1.50),
(5, 8, '2026-03-17', '07:31:00', '16:31:00', 0),
(5, 8, '2026-03-18', '08:39:00', '17:19:00', 2),
(5, 8, '2026-03-19', '08:49:00', '18:44:00', 0),
(5, 8, '2026-03-20', '07:12:00', '16:19:00', 0),
(5, 8, '2026-03-23', '09:03:00', '18:01:00', 0),
(5, 8, '2026-03-24', '08:12:00', '17:34:00', 0),
(5, 8, '2026-03-25', '09:13:00', '18:32:00', 0),
(5, 8, '2026-03-26', '09:01:00', '16:06:00', 2),
(5, 8, '2026-03-27', '07:45:00', '17:04:00', 0),
(5, 8, '2026-03-30', '09:00:00', '16:59:00', 1.50),
(5, 8, '2026-03-31', '09:07:00', '17:00:00', 0),
(5, 8, '2026-04-01', '08:11:00', '17:52:00', 0),
(5, 8, '2026-04-02', '08:02:00', '16:09:00', 0),
(5, 8, '2026-04-03', '08:56:00', '17:43:00', 0.50),
(5, 8, '2026-04-06', '09:08:00', '17:44:00', 0),
(5, 8, '2026-04-07', '08:24:00', '17:53:00', 0),
(5, 8, '2026-04-08', '08:16:00', '18:00:00', 1.50),
(5, 8, '2026-04-09', NULL, NULL, 0),
(5, 8, '2026-04-10', '07:42:00', '18:14:00', 0),
(5, 8, '2026-04-13', '07:10:00', '17:04:00', 0),
(5, 8, '2026-04-14', '07:47:00', '17:43:00', 1.50),
(5, 8, '2026-04-15', '08:18:00', '18:16:00', 0),
(5, 8, '2026-04-16', '08:52:00', '16:05:00', 2),
(5, 8, '2026-04-17', '09:02:00', '17:30:00', 0),
(5, 8, '2026-04-20', '07:53:00', '17:11:00', 0),
(5, 8, '2026-04-21', '07:15:00', '17:39:00', 1),
(5, 8, '2026-04-22', '07:28:00', '18:49:00', 0),
(5, 8, '2026-04-23', '09:06:00', '16:46:00', 1),
(5, 8, '2026-04-24', NULL, NULL, 0),
(5, 8, '2026-04-27', NULL, NULL, 0),
(5, 8, '2026-04-28', '08:58:00', '16:22:00', 2),
(5, 8, '2026-04-29', '09:03:00', '17:24:00', 0),
(5, 8, '2026-04-30', '09:04:00', '16:11:00', 0),
(5, 8, '2026-05-01', '09:00:00', '17:04:00', 0),
(5, 8, '2026-05-04', '08:35:00', '16:09:00', 1),
(5, 8, '2026-05-05', '09:04:00', '17:33:00', 0),
(5, 8, '2026-05-06', '07:46:00', '17:23:00', 0),
(5, 8, '2026-05-07', '07:43:00', '16:00:00', 1.50);
INSERT INTO attendance (employee_id, recorded_by, date, clock_in, clock_out, overtime_hours) VALUES
(5, 8, '2026-05-08', NULL, NULL, 0),
(5, 8, '2026-05-11', '08:49:00', '18:07:00', 0),
(5, 8, '2026-05-12', '07:36:00', '18:04:00', 0),
(5, 8, '2026-05-13', '08:59:00', '18:41:00', 1.50),
(5, 8, '2026-05-14', '09:14:00', '18:15:00', 2),
(5, 8, '2026-05-15', '08:40:00', '17:30:00', 0),
(5, 8, '2026-05-18', '08:14:00', '16:18:00', 0),
(5, 8, '2026-05-19', '08:16:00', '16:23:00', 0),
(5, 8, '2026-05-20', '08:09:00', '16:29:00', 1.50),
(5, 8, '2026-05-21', '09:07:00', '17:08:00', 1),
(5, 8, '2026-05-22', '08:26:00', '17:29:00', 2),
(5, 8, '2026-05-25', '08:29:00', '17:21:00', 1),
(5, 8, '2026-05-26', '07:46:00', '18:13:00', 0),
(5, 8, '2026-05-27', '07:36:00', '16:55:00', 1),
(5, 8, '2026-05-28', '09:13:00', '17:41:00', 0.50),
(5, 8, '2026-05-29', '07:30:00', '16:34:00', 2),
(5, 8, '2026-06-01', '09:01:00', '16:13:00', 1),
(5, 8, '2026-06-02', '07:42:00', '17:59:00', 1.50),
(5, 8, '2026-06-03', '08:01:00', '18:13:00', 1.50),
(5, 8, '2026-06-04', '07:17:00', '18:43:00', 0),
(5, 8, '2026-06-05', '09:06:00', '16:26:00', 1),
(5, 8, '2026-06-08', '09:08:00', '17:20:00', 0),
(5, 8, '2026-06-09', '07:05:00', '16:00:00', 0),
(5, 8, '2026-06-10', '07:20:00', '17:12:00', 0),
(5, 8, '2026-06-11', '08:53:00', '16:23:00', 1),
(5, 8, '2026-06-12', '08:30:00', '17:45:00', 0),
(5, 8, '2026-06-15', '07:51:00', '18:10:00', 0),
(5, 8, '2026-06-16', '07:34:00', '18:26:00', 0),
(5, 8, '2026-06-17', '09:08:00', '18:54:00', 0),
(5, 8, '2026-06-18', '09:09:00', '17:06:00', 0),
(5, 8, '2026-06-19', '08:30:00', '17:30:00', 0),
(5, 8, '2026-06-22', '09:11:00', '17:37:00', 0),
(5, 8, '2026-06-23', '07:31:00', '18:36:00', 1),
(5, 8, '2026-06-24', '07:56:00', '17:04:00', 0),
(5, 8, '2026-06-25', '08:43:00', '17:58:00', 0),
(5, 8, '2026-06-26', '09:12:00', '18:20:00', 0.50),
(5, 8, '2026-06-29', '07:22:00', '18:51:00', 2),
(5, 8, '2026-06-30', NULL, NULL, 0),
(5, 8, '2026-07-01', '08:10:00', '17:54:00', 0.50),
(5, 8, '2026-07-02', '08:33:00', '16:31:00', 1),
(5, 8, '2026-07-03', '07:41:00', '16:44:00', 0.50),
(5, 8, '2026-07-06', '08:21:00', '16:17:00', 2),
(5, 8, '2026-07-07', '08:35:00', '16:08:00', 0),
(5, 8, '2026-07-08', '07:19:00', '17:12:00', 2),
(5, 8, '2026-07-09', '07:44:00', '18:17:00', 1.50),
(5, 8, '2026-07-10', '09:13:00', '17:45:00', 1),
(5, 8, '2026-07-13', '08:46:00', '17:35:00', 0),
(5, 8, '2026-07-14', '08:05:00', '17:58:00', 0),
(5, 8, '2026-07-15', '08:55:00', '18:57:00', 0),
(5, 8, '2026-07-16', NULL, NULL, 0),
(6, 8, '2026-01-16', '07:15:00', '16:11:00', 1),
(6, 8, '2026-01-19', '09:07:00', '16:55:00', 0),
(6, 8, '2026-01-20', NULL, NULL, 0),
(6, 8, '2026-01-21', NULL, NULL, 0),
(6, 8, '2026-01-22', '09:04:00', '16:37:00', 2),
(6, 8, '2026-01-23', '08:50:00', '18:06:00', 0),
(6, 8, '2026-01-26', '07:12:00', '18:59:00', 0),
(6, 8, '2026-01-27', '09:05:00', '16:27:00', 0),
(6, 8, '2026-01-28', '09:05:00', '17:20:00', 0),
(6, 8, '2026-01-29', '07:45:00', '17:38:00', 0),
(6, 8, '2026-01-30', '09:01:00', '17:11:00', 0),
(6, 8, '2026-02-02', '07:16:00', '16:56:00', 0),
(6, 8, '2026-02-03', '09:02:00', '16:11:00', 1),
(6, 8, '2026-02-04', '07:10:00', '17:40:00', 0.50),
(6, 8, '2026-02-05', '09:09:00', '16:27:00', 0.50),
(6, 8, '2026-02-06', '09:15:00', '18:00:00', 0.50),
(6, 8, '2026-02-09', '07:04:00', '16:04:00', 2),
(6, 8, '2026-02-10', '09:03:00', '18:48:00', 1.50),
(6, 8, '2026-02-11', '09:00:00', '18:43:00', 0),
(6, 8, '2026-02-12', '08:44:00', '18:38:00', 0),
(6, 8, '2026-02-13', '09:10:00', '17:22:00', 2),
(6, 8, '2026-02-16', '08:48:00', '17:20:00', 0),
(6, 8, '2026-02-17', '07:02:00', '18:22:00', 1.50),
(6, 8, '2026-02-18', '08:20:00', '17:29:00', 2),
(6, 8, '2026-02-19', '07:47:00', '17:26:00', 0),
(6, 8, '2026-02-20', '08:24:00', '18:09:00', 1.50),
(6, 8, '2026-02-23', '08:50:00', '18:57:00', 0),
(6, 8, '2026-02-24', '07:13:00', '16:01:00', 1.50),
(6, 8, '2026-02-25', '08:21:00', '16:01:00', 2),
(6, 8, '2026-02-26', '08:53:00', '18:17:00', 0),
(6, 8, '2026-02-27', '09:15:00', '17:27:00', 0),
(6, 8, '2026-03-02', '09:03:00', '17:06:00', 0),
(6, 8, '2026-03-03', '09:09:00', '16:15:00', 2),
(6, 8, '2026-03-04', '08:31:00', '16:19:00', 0),
(6, 8, '2026-03-05', '08:43:00', '18:27:00', 0),
(6, 8, '2026-03-06', '09:10:00', '18:23:00', 0),
(6, 8, '2026-03-09', '08:04:00', '16:28:00', 1),
(6, 8, '2026-03-10', '07:20:00', '18:14:00', 1),
(6, 8, '2026-03-11', '08:50:00', '17:35:00', 1),
(6, 8, '2026-03-12', '08:44:00', '16:57:00', 0),
(6, 8, '2026-03-13', '09:07:00', '18:37:00', 0),
(6, 8, '2026-03-16', '07:31:00', '18:30:00', 0),
(6, 8, '2026-03-17', '07:24:00', '16:39:00', 1),
(6, 8, '2026-03-18', '08:29:00', '18:57:00', 0.50),
(6, 8, '2026-03-19', '08:49:00', '16:50:00', 0.50),
(6, 8, '2026-03-20', '08:54:00', '16:30:00', 0),
(6, 8, '2026-03-23', '07:20:00', '17:52:00', 2),
(6, 8, '2026-03-24', '08:20:00', '17:20:00', 0),
(6, 8, '2026-03-25', '09:12:00', '18:38:00', 0),
(6, 8, '2026-03-26', '07:47:00', '16:33:00', 0.50),
(6, 8, '2026-03-27', '08:27:00', '18:52:00', 0),
(6, 8, '2026-03-30', '07:09:00', '17:01:00', 0),
(6, 8, '2026-03-31', '08:05:00', '17:29:00', 0),
(6, 8, '2026-04-01', '08:35:00', '16:38:00', 2),
(6, 8, '2026-04-02', '07:59:00', '17:29:00', 0.50),
(6, 8, '2026-04-03', '09:09:00', '16:37:00', 0),
(6, 8, '2026-04-06', '07:07:00', '16:55:00', 1),
(6, 8, '2026-04-07', '08:09:00', '17:53:00', 1.50),
(6, 8, '2026-04-08', '09:10:00', '17:11:00', 1),
(6, 8, '2026-04-09', '07:41:00', '17:20:00', 0),
(6, 8, '2026-04-10', '07:46:00', '18:45:00', 0),
(6, 8, '2026-04-13', '07:08:00', '16:06:00', 0),
(6, 8, '2026-04-14', '07:05:00', '17:22:00', 1),
(6, 8, '2026-04-15', '08:48:00', '16:31:00', 1.50),
(6, 8, '2026-04-16', '09:12:00', '18:09:00', 0),
(6, 8, '2026-04-17', '08:10:00', '16:48:00', 0.50),
(6, 8, '2026-04-20', '07:41:00', '18:35:00', 0),
(6, 8, '2026-04-21', NULL, NULL, 0),
(6, 8, '2026-04-22', '07:30:00', '16:02:00', 0),
(6, 8, '2026-04-23', '07:55:00', '16:32:00', 1),
(6, 8, '2026-04-24', '09:12:00', '16:32:00', 0.50),
(6, 8, '2026-04-27', '09:13:00', '18:04:00', 0),
(6, 8, '2026-04-28', '07:13:00', '16:37:00', 2),
(6, 8, '2026-04-29', NULL, NULL, 0),
(6, 8, '2026-04-30', '09:11:00', '18:57:00', 0),
(6, 8, '2026-05-01', '07:34:00', '16:58:00', 0.50),
(6, 8, '2026-05-04', '08:32:00', '17:10:00', 0),
(6, 8, '2026-05-05', '08:21:00', '16:20:00', 0.50),
(6, 8, '2026-05-06', '09:14:00', '16:28:00', 1.50),
(6, 8, '2026-05-07', '07:02:00', '17:51:00', 0),
(6, 8, '2026-05-08', '07:12:00', '18:47:00', 0.50),
(6, 8, '2026-05-11', '09:13:00', '18:52:00', 0.50),
(6, 8, '2026-05-12', '07:41:00', '18:14:00', 0.50),
(6, 8, '2026-05-13', '07:19:00', '16:13:00', 0),
(6, 8, '2026-05-14', '07:31:00', '18:24:00', 1),
(6, 8, '2026-05-15', '08:38:00', '16:58:00', 2),
(6, 8, '2026-05-18', '09:07:00', '16:39:00', 0),
(6, 8, '2026-05-19', '07:39:00', '16:54:00', 0),
(6, 8, '2026-05-20', '07:19:00', '17:24:00', 0),
(6, 8, '2026-05-21', '08:13:00', '18:12:00', 1.50),
(6, 8, '2026-05-22', '08:04:00', '17:26:00', 0),
(6, 8, '2026-05-25', '07:57:00', '16:19:00', 0),
(6, 8, '2026-05-26', '07:07:00', '18:47:00', 0),
(6, 8, '2026-05-27', '08:11:00', '16:07:00', 0),
(6, 8, '2026-05-28', '08:55:00', '18:44:00', 0.50),
(6, 8, '2026-05-29', '09:15:00', '16:46:00', 0),
(6, 8, '2026-06-01', '08:43:00', '17:01:00', 0),
(6, 8, '2026-06-02', '08:26:00', '16:00:00', 0),
(6, 8, '2026-06-03', '08:45:00', '17:46:00', 2),
(6, 8, '2026-06-04', '08:01:00', '18:17:00', 0),
(6, 8, '2026-06-05', '08:51:00', '16:41:00', 0),
(6, 8, '2026-06-08', '08:35:00', '18:31:00', 0),
(6, 8, '2026-06-09', '09:03:00', '17:23:00', 0),
(6, 8, '2026-06-10', '08:52:00', '17:34:00', 0),
(6, 8, '2026-06-11', '08:46:00', '18:34:00', 0),
(6, 8, '2026-06-12', '09:13:00', '16:37:00', 1.50),
(6, 8, '2026-06-15', '08:49:00', '17:09:00', 2),
(6, 8, '2026-06-16', '08:23:00', '17:05:00', 0.50),
(6, 8, '2026-06-17', '08:59:00', '17:41:00', 2),
(6, 8, '2026-06-18', '09:05:00', '16:21:00', 0),
(6, 8, '2026-06-19', '09:05:00', '18:08:00', 0),
(6, 8, '2026-06-22', '08:05:00', '17:56:00', 0),
(6, 8, '2026-06-23', '09:02:00', '18:06:00', 0),
(6, 8, '2026-06-24', '09:05:00', '18:14:00', 1),
(6, 8, '2026-06-25', '08:46:00', '17:35:00', 1.50),
(6, 8, '2026-06-26', '08:14:00', '18:22:00', 1.50),
(6, 8, '2026-06-29', '07:14:00', '18:41:00', 2),
(6, 8, '2026-06-30', '09:06:00', '18:00:00', 0),
(6, 8, '2026-07-01', '07:44:00', '17:15:00', 1.50),
(6, 8, '2026-07-02', '07:34:00', '18:06:00', 0),
(6, 8, '2026-07-03', NULL, NULL, 0),
(6, 8, '2026-07-06', NULL, NULL, 0),
(6, 8, '2026-07-07', '07:52:00', '18:04:00', 0),
(6, 8, '2026-07-08', '07:27:00', '17:42:00', 1.50),
(6, 8, '2026-07-09', NULL, NULL, 0),
(6, 8, '2026-07-10', '08:24:00', '17:13:00', 0.50),
(6, 8, '2026-07-13', '09:15:00', '18:39:00', 0),
(6, 8, '2026-07-14', '07:31:00', '17:22:00', 0),
(6, 8, '2026-07-15', '08:55:00', '17:48:00', 0),
(6, 8, '2026-07-16', '09:11:00', '18:31:00', 0),
(7, 8, '2026-01-16', '08:48:00', '16:30:00', 0.50),
(7, 8, '2026-01-19', '07:15:00', '18:53:00', 0),
(7, 8, '2026-01-20', '09:07:00', '18:30:00', 0),
(7, 8, '2026-01-21', '09:14:00', '16:39:00', 1.50),
(7, 8, '2026-01-22', '09:08:00', '18:55:00', 0),
(7, 8, '2026-01-23', '08:04:00', '18:11:00', 2),
(7, 8, '2026-01-26', '09:01:00', '17:37:00', 0),
(7, 8, '2026-01-27', '08:11:00', '17:18:00', 0),
(7, 8, '2026-01-28', NULL, NULL, 0),
(7, 8, '2026-01-29', '08:07:00', '18:09:00', 0),
(7, 8, '2026-01-30', '08:15:00', '16:24:00', 0),
(7, 8, '2026-02-02', '07:19:00', '16:14:00', 1),
(7, 8, '2026-02-03', '09:15:00', '16:45:00', 2),
(7, 8, '2026-02-04', '07:06:00', '16:08:00', 0),
(7, 8, '2026-02-05', '09:00:00', '17:31:00', 1),
(7, 8, '2026-02-06', '08:01:00', '18:33:00', 1),
(7, 8, '2026-02-09', '07:26:00', '17:02:00', 0.50),
(7, 8, '2026-02-10', '09:02:00', '16:05:00', 0.50),
(7, 8, '2026-02-11', '09:15:00', '17:32:00', 0),
(7, 8, '2026-02-12', '07:07:00', '16:10:00', 0);
INSERT INTO attendance (employee_id, recorded_by, date, clock_in, clock_out, overtime_hours) VALUES
(7, 8, '2026-02-13', '09:12:00', '17:42:00', 1),
(7, 8, '2026-02-16', '08:04:00', '18:11:00', 1.50),
(7, 8, '2026-02-17', '07:14:00', '16:09:00', 0.50),
(7, 8, '2026-02-18', '09:00:00', '17:03:00', 0),
(7, 8, '2026-02-19', '09:00:00', '17:56:00', 0),
(7, 8, '2026-02-20', '07:55:00', '17:51:00', 0),
(7, 8, '2026-02-23', '08:30:00', '17:13:00', 0),
(7, 8, '2026-02-24', '09:02:00', '16:42:00', 0),
(7, 8, '2026-02-25', '07:55:00', '16:30:00', 0),
(7, 8, '2026-02-26', '07:40:00', '17:53:00', 1),
(7, 8, '2026-02-27', '08:26:00', '16:48:00', 1.50),
(7, 8, '2026-03-02', NULL, NULL, 0),
(7, 8, '2026-03-03', '08:01:00', '16:42:00', 1),
(7, 8, '2026-03-04', '09:07:00', '18:58:00', 0),
(7, 8, '2026-03-05', '09:13:00', '18:55:00', 0),
(7, 8, '2026-03-06', '09:15:00', '16:27:00', 0),
(7, 8, '2026-03-09', '09:05:00', '18:57:00', 0),
(7, 8, '2026-03-10', '07:23:00', '17:25:00', 0.50),
(7, 8, '2026-03-11', '08:19:00', '18:38:00', 1),
(7, 8, '2026-03-12', '08:32:00', '17:24:00', 0),
(7, 8, '2026-03-13', '07:44:00', '17:21:00', 0),
(7, 8, '2026-03-16', '08:59:00', '17:55:00', 0.50),
(7, 8, '2026-03-17', '07:20:00', '17:58:00', 0),
(7, 8, '2026-03-18', '08:19:00', '16:52:00', 1),
(7, 8, '2026-03-19', '08:17:00', '17:38:00', 1.50),
(7, 8, '2026-03-20', '07:49:00', '18:56:00', 0),
(7, 8, '2026-03-23', '09:06:00', '18:43:00', 1),
(7, 8, '2026-03-24', '09:06:00', '17:37:00', 0),
(7, 8, '2026-03-25', '09:09:00', '18:15:00', 0),
(7, 8, '2026-03-26', '09:10:00', '16:56:00', 2),
(7, 8, '2026-03-27', '08:30:00', '18:17:00', 2),
(7, 8, '2026-03-30', '07:16:00', '18:04:00', 0.50),
(7, 8, '2026-03-31', '08:52:00', '18:25:00', 0),
(7, 8, '2026-04-01', '08:59:00', '17:29:00', 0.50),
(7, 8, '2026-04-02', '08:12:00', '17:03:00', 1.50),
(7, 8, '2026-04-03', '08:38:00', '16:30:00', 1.50),
(7, 8, '2026-04-06', '07:08:00', '16:07:00', 1),
(7, 8, '2026-04-07', '07:02:00', '16:17:00', 0),
(7, 8, '2026-04-08', '08:08:00', '16:59:00', 1.50),
(7, 8, '2026-04-09', '09:01:00', '16:07:00', 1),
(7, 8, '2026-04-10', '09:09:00', '17:15:00', 0),
(7, 8, '2026-04-13', '09:08:00', '18:22:00', 0),
(7, 8, '2026-04-14', '09:10:00', '16:10:00', 1.50),
(7, 8, '2026-04-15', '09:01:00', '16:05:00', 0.50),
(7, 8, '2026-04-16', '07:06:00', '16:54:00', 1.50),
(7, 8, '2026-04-17', '08:39:00', '16:57:00', 0),
(7, 8, '2026-04-20', '08:06:00', '16:15:00', 0.50),
(7, 8, '2026-04-21', '09:12:00', '17:13:00', 0),
(7, 8, '2026-04-22', '07:26:00', '18:28:00', 2),
(7, 8, '2026-04-23', '08:54:00', '18:48:00', 1.50),
(7, 8, '2026-04-24', NULL, NULL, 0),
(7, 8, '2026-04-27', '07:56:00', '18:31:00', 1.50),
(7, 8, '2026-04-28', '09:10:00', '16:31:00', 1.50),
(7, 8, '2026-04-29', '09:13:00', '17:09:00', 0),
(7, 8, '2026-04-30', '09:12:00', '16:50:00', 1.50),
(7, 8, '2026-05-01', '08:22:00', '17:17:00', 0),
(7, 8, '2026-05-04', '07:24:00', '18:56:00', 2),
(7, 8, '2026-05-05', '09:07:00', '18:44:00', 0),
(7, 8, '2026-05-06', '07:24:00', '18:22:00', 1),
(7, 8, '2026-05-07', '08:27:00', '18:28:00', 1.50),
(7, 8, '2026-05-08', '08:22:00', '16:17:00', 1),
(7, 8, '2026-05-11', '08:30:00', '16:10:00', 0),
(7, 8, '2026-05-12', '09:06:00', '16:24:00', 1),
(7, 8, '2026-05-13', NULL, NULL, 0),
(7, 8, '2026-05-14', '09:05:00', '16:39:00', 0),
(7, 8, '2026-05-15', '09:08:00', '17:09:00', 0.50),
(7, 8, '2026-05-18', '08:17:00', '16:14:00', 1.50),
(7, 8, '2026-05-19', '09:04:00', '16:55:00', 0),
(7, 8, '2026-05-20', '09:05:00', '17:35:00', 2),
(7, 8, '2026-05-21', '07:15:00', '16:51:00', 0),
(7, 8, '2026-05-22', '07:04:00', '16:17:00', 0),
(7, 8, '2026-05-25', '08:35:00', '17:46:00', 0),
(7, 8, '2026-05-26', '07:15:00', '16:20:00', 0),
(7, 8, '2026-05-27', '09:00:00', '18:32:00', 0),
(7, 8, '2026-05-28', '07:03:00', '17:09:00', 0),
(7, 8, '2026-05-29', '09:11:00', '18:50:00', 0.50),
(7, 8, '2026-06-01', '08:11:00', '18:07:00', 0),
(7, 8, '2026-06-02', '09:01:00', '16:24:00', 0),
(7, 8, '2026-06-03', NULL, NULL, 0),
(7, 8, '2026-06-04', '08:43:00', '17:35:00', 1.50),
(7, 8, '2026-06-05', '08:41:00', '18:22:00', 1.50),
(7, 8, '2026-06-08', '09:13:00', '16:32:00', 2),
(7, 8, '2026-06-09', '07:13:00', '16:38:00', 1),
(7, 8, '2026-06-10', '07:38:00', '17:24:00', 1.50),
(7, 8, '2026-06-11', '07:20:00', '17:12:00', 0),
(7, 8, '2026-06-12', '09:04:00', '17:55:00', 0),
(7, 8, '2026-06-15', '08:25:00', '16:09:00', 0),
(7, 8, '2026-06-16', '08:16:00', '17:25:00', 2),
(7, 8, '2026-06-17', '08:56:00', '16:29:00', 0),
(7, 8, '2026-06-18', '07:15:00', '16:57:00', 0),
(7, 8, '2026-06-19', '07:22:00', '17:58:00', 1.50),
(7, 8, '2026-06-22', '08:04:00', '18:18:00', 1),
(7, 8, '2026-06-23', '09:01:00', '17:04:00', 1),
(7, 8, '2026-06-24', '08:59:00', '18:10:00', 0),
(7, 8, '2026-06-25', '07:47:00', '18:35:00', 0.50),
(7, 8, '2026-06-26', '09:13:00', '18:33:00', 1),
(7, 8, '2026-06-29', NULL, NULL, 0),
(7, 8, '2026-06-30', '09:11:00', '18:20:00', 0.50),
(7, 8, '2026-07-01', '09:03:00', '17:48:00', 2),
(7, 8, '2026-07-02', '09:02:00', '18:49:00', 0),
(7, 8, '2026-07-03', '07:59:00', '17:21:00', 2),
(7, 8, '2026-07-06', '09:04:00', '16:48:00', 0),
(7, 8, '2026-07-07', '08:17:00', '17:14:00', 0),
(7, 8, '2026-07-08', NULL, NULL, 0),
(7, 8, '2026-07-09', NULL, NULL, 0),
(7, 8, '2026-07-10', '08:36:00', '16:26:00', 0),
(7, 8, '2026-07-13', '09:06:00', '16:04:00', 0),
(7, 8, '2026-07-14', '08:46:00', '17:50:00', 0),
(7, 8, '2026-07-15', '07:59:00', '18:31:00', 0),
(7, 8, '2026-07-16', '08:51:00', '17:39:00', 1),
(8, 8, '2026-01-16', '08:36:00', '18:35:00', 1),
(8, 8, '2026-01-19', '08:33:00', '16:42:00', 0.50),
(8, 8, '2026-01-20', '07:14:00', '16:27:00', 2),
(8, 8, '2026-01-21', '09:15:00', '18:25:00', 0),
(8, 8, '2026-01-22', '08:51:00', '17:06:00', 0),
(8, 8, '2026-01-23', '07:56:00', '16:29:00', 0),
(8, 8, '2026-01-26', '09:11:00', '17:47:00', 1.50),
(8, 8, '2026-01-27', '08:19:00', '16:15:00', 0),
(8, 8, '2026-01-28', '09:04:00', '17:59:00', 0),
(8, 8, '2026-01-29', '08:09:00', '17:30:00', 0),
(8, 8, '2026-01-30', '08:07:00', '17:15:00', 2),
(8, 8, '2026-02-02', '08:59:00', '17:37:00', 0),
(8, 8, '2026-02-03', '07:18:00', '16:39:00', 0),
(8, 8, '2026-02-04', '09:12:00', '16:06:00', 0),
(8, 8, '2026-02-05', '09:00:00', '16:34:00', 1.50),
(8, 8, '2026-02-06', '07:59:00', '18:41:00', 0),
(8, 8, '2026-02-09', '07:30:00', '16:02:00', 0),
(8, 8, '2026-02-10', '08:43:00', '18:58:00', 1),
(8, 8, '2026-02-11', '07:02:00', '16:57:00', 0.50),
(8, 8, '2026-02-12', '07:37:00', '16:02:00', 0),
(8, 8, '2026-02-13', '07:50:00', '16:57:00', 1.50),
(8, 8, '2026-02-16', '08:06:00', '17:37:00', 0.50),
(8, 8, '2026-02-17', '09:04:00', '18:18:00', 0),
(8, 8, '2026-02-18', '09:08:00', '16:41:00', 0),
(8, 8, '2026-02-19', '07:44:00', '17:02:00', 1.50),
(8, 8, '2026-02-20', '09:10:00', '18:30:00', 2),
(8, 8, '2026-02-23', '09:09:00', '18:45:00', 1.50),
(8, 8, '2026-02-24', '07:50:00', '17:42:00', 1),
(8, 8, '2026-02-25', '08:09:00', '18:09:00', 0),
(8, 8, '2026-02-26', '09:03:00', '16:06:00', 2),
(8, 8, '2026-02-27', '09:04:00', '17:49:00', 1),
(8, 8, '2026-03-02', '09:15:00', '18:30:00', 1.50),
(8, 8, '2026-03-03', '09:09:00', '18:13:00', 2),
(8, 8, '2026-03-04', '08:10:00', '17:12:00', 1),
(8, 8, '2026-03-05', '07:53:00', '17:24:00', 0),
(8, 8, '2026-03-06', '08:42:00', '17:50:00', 1),
(8, 8, '2026-03-09', '08:47:00', '18:27:00', 1),
(8, 8, '2026-03-10', '09:05:00', '16:55:00', 0),
(8, 8, '2026-03-11', '08:05:00', '17:56:00', 1),
(8, 8, '2026-03-12', '07:15:00', '18:38:00', 2),
(8, 8, '2026-03-13', '07:46:00', '16:26:00', 0),
(8, 8, '2026-03-16', '09:10:00', '18:23:00', 1),
(8, 8, '2026-03-17', NULL, NULL, 0),
(8, 8, '2026-03-18', '09:12:00', '16:09:00', 1),
(8, 8, '2026-03-19', '09:08:00', '18:25:00', 0),
(8, 8, '2026-03-20', '09:01:00', '17:46:00', 0.50),
(8, 8, '2026-03-23', '08:02:00', '17:21:00', 0),
(8, 8, '2026-03-24', '09:02:00', '17:53:00', 1.50),
(8, 8, '2026-03-25', '09:07:00', '17:53:00', 0),
(8, 8, '2026-03-26', '08:57:00', '18:54:00', 0),
(8, 8, '2026-03-27', '09:08:00', '17:16:00', 0),
(8, 8, '2026-03-30', '07:14:00', '17:15:00', 1.50),
(8, 8, '2026-03-31', NULL, NULL, 0),
(8, 8, '2026-04-01', NULL, NULL, 0),
(8, 8, '2026-04-02', '08:34:00', '18:26:00', 0),
(8, 8, '2026-04-03', '09:09:00', '18:42:00', 0),
(8, 8, '2026-04-06', '09:13:00', '18:42:00', 0.50),
(8, 8, '2026-04-07', '07:59:00', '17:35:00', 1),
(8, 8, '2026-04-08', '09:12:00', '16:43:00', 1.50),
(8, 8, '2026-04-09', '09:15:00', '17:01:00', 0),
(8, 8, '2026-04-10', '09:08:00', '16:42:00', 0.50),
(8, 8, '2026-04-13', '08:10:00', '17:13:00', 0),
(8, 8, '2026-04-14', '08:19:00', '18:44:00', 0),
(8, 8, '2026-04-15', '07:55:00', '16:54:00', 0),
(8, 8, '2026-04-16', '07:49:00', '17:11:00', 0),
(8, 8, '2026-04-17', '08:07:00', '18:49:00', 2),
(8, 8, '2026-04-20', '08:42:00', '18:17:00', 0),
(8, 8, '2026-04-21', '07:22:00', '16:24:00', 0),
(8, 8, '2026-04-22', '08:46:00', '16:58:00', 0),
(8, 8, '2026-04-23', '07:09:00', '17:10:00', 0),
(8, 8, '2026-04-24', '09:00:00', '17:54:00', 1.50),
(8, 8, '2026-04-27', '08:06:00', '18:49:00', 1.50),
(8, 8, '2026-04-28', '07:39:00', '18:30:00', 0),
(8, 8, '2026-04-29', '09:14:00', '18:59:00', 2),
(8, 8, '2026-04-30', '08:24:00', '17:41:00', 1),
(8, 8, '2026-05-01', '07:02:00', '17:12:00', 0),
(8, 8, '2026-05-04', '07:42:00', '17:41:00', 1),
(8, 8, '2026-05-05', '07:20:00', '17:05:00', 0),
(8, 8, '2026-05-06', '09:03:00', '18:08:00', 2),
(8, 8, '2026-05-07', '09:10:00', '16:39:00', 0),
(8, 8, '2026-05-08', '09:07:00', '17:34:00', 1.50),
(8, 8, '2026-05-11', '07:03:00', '17:42:00', 0),
(8, 8, '2026-05-12', '08:09:00', '17:21:00', 1.50),
(8, 8, '2026-05-13', '09:02:00', '17:19:00', 0.50),
(8, 8, '2026-05-14', '07:18:00', '17:11:00', 0),
(8, 8, '2026-05-15', '09:03:00', '17:07:00', 0),
(8, 8, '2026-05-18', '08:20:00', '16:11:00', 0),
(8, 8, '2026-05-19', '07:14:00', '16:17:00', 0.50),
(8, 8, '2026-05-20', '09:02:00', '18:35:00', 0.50),
(8, 8, '2026-05-21', '09:03:00', '17:48:00', 0);
INSERT INTO attendance (employee_id, recorded_by, date, clock_in, clock_out, overtime_hours) VALUES
(8, 8, '2026-05-22', '08:05:00', '18:21:00', 0.50),
(8, 8, '2026-05-25', '07:04:00', '16:37:00', 0),
(8, 8, '2026-05-26', '08:02:00', '17:51:00', 1),
(8, 8, '2026-05-27', '07:16:00', '16:37:00', 0),
(8, 8, '2026-05-28', '07:11:00', '18:58:00', 0),
(8, 8, '2026-05-29', '07:30:00', '16:46:00', 0),
(8, 8, '2026-06-01', '09:07:00', '17:00:00', 0.50),
(8, 8, '2026-06-02', '09:06:00', '17:35:00', 0),
(8, 8, '2026-06-03', '07:39:00', '18:24:00', 0),
(8, 8, '2026-06-04', '08:22:00', '16:25:00', 1.50),
(8, 8, '2026-06-05', '08:17:00', '16:39:00', 0),
(8, 8, '2026-06-08', '08:41:00', '18:31:00', 0),
(8, 8, '2026-06-09', '08:37:00', '16:47:00', 0.50),
(8, 8, '2026-06-10', '09:11:00', '18:37:00', 0),
(8, 8, '2026-06-11', '07:08:00', '18:02:00', 0),
(8, 8, '2026-06-12', '09:02:00', '18:04:00', 1.50),
(8, 8, '2026-06-15', '07:17:00', '16:36:00', 0),
(8, 8, '2026-06-16', '09:07:00', '18:00:00', 1.50),
(8, 8, '2026-06-17', '07:28:00', '16:09:00', 0),
(8, 8, '2026-06-18', '08:26:00', '17:42:00', 0.50),
(8, 8, '2026-06-19', '07:54:00', '18:09:00', 0),
(8, 8, '2026-06-22', '07:55:00', '18:54:00', 0),
(8, 8, '2026-06-23', '08:27:00', '16:16:00', 0),
(8, 8, '2026-06-24', '07:03:00', '16:47:00', 2),
(8, 8, '2026-06-25', '07:26:00', '16:56:00', 0.50),
(8, 8, '2026-06-26', '08:11:00', '17:49:00', 0),
(8, 8, '2026-06-29', '09:04:00', '18:29:00', 1),
(8, 8, '2026-06-30', '07:28:00', '16:44:00', 0.50),
(8, 8, '2026-07-01', '08:17:00', '16:30:00', 0),
(8, 8, '2026-07-02', '07:01:00', '16:41:00', 2),
(8, 8, '2026-07-03', '09:04:00', '16:17:00', 1),
(8, 8, '2026-07-06', '09:06:00', '17:55:00', 0.50),
(8, 8, '2026-07-07', '07:04:00', '18:56:00', 0),
(8, 8, '2026-07-08', '08:16:00', '16:48:00', 0),
(8, 8, '2026-07-09', '09:00:00', '16:01:00', 1),
(8, 8, '2026-07-10', '09:10:00', '16:30:00', 0),
(8, 8, '2026-07-13', '09:13:00', '17:44:00', 0.50),
(8, 8, '2026-07-14', '09:11:00', '16:24:00', 2),
(8, 8, '2026-07-15', '07:20:00', '16:54:00', 1),
(8, 8, '2026-07-16', '07:34:00', '17:31:00', 0),
(9, 8, '2026-01-16', '09:01:00', '18:04:00', 0),
(9, 8, '2026-01-19', '07:14:00', '17:55:00', 0),
(9, 8, '2026-01-20', '08:34:00', '18:04:00', 0),
(9, 8, '2026-01-21', '09:04:00', '16:47:00', 0),
(9, 8, '2026-01-22', '07:02:00', '17:00:00', 1.50),
(9, 8, '2026-01-23', '08:41:00', '18:56:00', 2),
(9, 8, '2026-01-26', '07:21:00', '16:39:00', 0),
(9, 8, '2026-01-27', '08:50:00', '18:34:00', 0),
(9, 8, '2026-01-28', NULL, NULL, 0),
(9, 8, '2026-01-29', '09:10:00', '18:48:00', 0),
(9, 8, '2026-01-30', '08:52:00', '16:50:00', 1.50),
(9, 8, '2026-02-02', '07:05:00', '18:37:00', 0),
(9, 8, '2026-02-03', '08:00:00', '17:44:00', 1),
(9, 8, '2026-02-04', '08:35:00', '18:10:00', 0),
(9, 8, '2026-02-05', '09:00:00', '18:17:00', 0),
(9, 8, '2026-02-06', '07:14:00', '18:02:00', 0),
(9, 8, '2026-02-09', '07:12:00', '16:18:00', 2),
(9, 8, '2026-02-10', '08:14:00', '18:08:00', 0),
(9, 8, '2026-02-11', '09:13:00', '17:40:00', 0.50),
(9, 8, '2026-02-12', '08:09:00', '18:04:00', 0),
(9, 8, '2026-02-13', '07:10:00', '17:02:00', 0),
(9, 8, '2026-02-16', '08:06:00', '16:48:00', 0),
(9, 8, '2026-02-17', '07:26:00', '16:27:00', 0),
(9, 8, '2026-02-18', '07:17:00', '18:33:00', 1),
(9, 8, '2026-02-19', '07:53:00', '18:34:00', 0),
(9, 8, '2026-02-20', '08:11:00', '18:53:00', 2),
(9, 8, '2026-02-23', '08:38:00', '16:59:00', 0),
(9, 8, '2026-02-24', '08:24:00', '18:29:00', 0),
(9, 8, '2026-02-25', '07:50:00', '18:08:00', 0),
(9, 8, '2026-02-26', '09:03:00', '18:30:00', 1.50),
(9, 8, '2026-02-27', '09:04:00', '16:33:00', 0),
(9, 8, '2026-03-02', '07:51:00', '16:15:00', 0),
(9, 8, '2026-03-03', '09:02:00', '16:34:00', 0),
(9, 8, '2026-03-04', '09:05:00', '17:16:00', 1),
(9, 8, '2026-03-05', '07:02:00', '17:31:00', 0),
(9, 8, '2026-03-06', '07:44:00', '18:05:00', 0),
(9, 8, '2026-03-09', '07:27:00', '18:40:00', 0),
(9, 8, '2026-03-10', '08:29:00', '16:43:00', 0.50),
(9, 8, '2026-03-11', '08:01:00', '16:48:00', 0),
(9, 8, '2026-03-12', '09:00:00', '18:01:00', 0),
(9, 8, '2026-03-13', '09:02:00', '16:44:00', 0),
(9, 8, '2026-03-16', '07:28:00', '18:41:00', 1),
(9, 8, '2026-03-17', '09:00:00', '18:09:00', 1),
(9, 8, '2026-03-18', '09:07:00', '18:41:00', 0.50),
(9, 8, '2026-03-19', '08:10:00', '16:34:00', 0),
(9, 8, '2026-03-20', '09:15:00', '17:31:00', 0),
(9, 8, '2026-03-23', '08:32:00', '18:50:00', 0),
(9, 8, '2026-03-24', '08:02:00', '18:27:00', 2),
(9, 8, '2026-03-25', NULL, NULL, 0),
(9, 8, '2026-03-26', '07:42:00', '17:56:00', 0),
(9, 8, '2026-03-27', '09:02:00', '17:46:00', 0.50),
(9, 8, '2026-03-30', '08:24:00', '18:07:00', 0),
(9, 8, '2026-03-31', '08:32:00', '16:20:00', 1),
(9, 8, '2026-04-01', '08:19:00', '16:50:00', 1.50),
(9, 8, '2026-04-02', '09:01:00', '18:30:00', 0),
(9, 8, '2026-04-03', '07:26:00', '18:54:00', 2),
(9, 8, '2026-04-06', '07:49:00', '18:49:00', 0),
(9, 8, '2026-04-07', '07:17:00', '16:59:00', 0),
(9, 8, '2026-04-08', '08:53:00', '18:07:00', 0),
(9, 8, '2026-04-09', '09:05:00', '18:30:00', 2),
(9, 8, '2026-04-10', '07:33:00', '16:24:00', 0),
(9, 8, '2026-04-13', '07:25:00', '17:15:00', 0),
(9, 8, '2026-04-14', '07:44:00', '17:39:00', 0.50),
(9, 8, '2026-04-15', '09:09:00', '17:19:00', 0),
(9, 8, '2026-04-16', NULL, NULL, 0),
(9, 8, '2026-04-17', '09:08:00', '17:46:00', 1.50),
(9, 8, '2026-04-20', '08:49:00', '17:05:00', 2),
(9, 8, '2026-04-21', '08:18:00', '18:24:00', 0),
(9, 8, '2026-04-22', '08:48:00', '17:55:00', 0),
(9, 8, '2026-04-23', '07:46:00', '18:23:00', 1),
(9, 8, '2026-04-24', '07:18:00', '16:55:00', 0),
(9, 8, '2026-04-27', '08:24:00', '17:26:00', 0.50),
(9, 8, '2026-04-28', '09:00:00', '16:46:00', 0),
(9, 8, '2026-04-29', '09:05:00', '17:21:00', 0),
(9, 8, '2026-04-30', '09:03:00', '18:44:00', 1),
(9, 8, '2026-05-01', NULL, NULL, 0),
(9, 8, '2026-05-04', '07:54:00', '17:15:00', 0),
(9, 8, '2026-05-05', '07:48:00', '17:12:00', 0.50),
(9, 8, '2026-05-06', '09:07:00', '17:46:00', 0),
(9, 8, '2026-05-07', '07:05:00', '16:45:00', 2),
(9, 8, '2026-05-08', '09:03:00', '18:03:00', 0),
(9, 8, '2026-05-11', '07:40:00', '18:12:00', 2),
(9, 8, '2026-05-12', '08:41:00', '17:14:00', 0),
(9, 8, '2026-05-13', '07:46:00', '16:05:00', 2),
(9, 8, '2026-05-14', '08:24:00', '16:29:00', 1.50),
(9, 8, '2026-05-15', '09:00:00', '16:58:00', 0),
(9, 8, '2026-05-18', '07:51:00', '16:37:00', 0),
(9, 8, '2026-05-19', '08:07:00', '18:08:00', 0),
(9, 8, '2026-05-20', '08:21:00', '17:40:00', 2),
(9, 8, '2026-05-21', '08:52:00', '18:07:00', 1.50),
(9, 8, '2026-05-22', '09:06:00', '17:23:00', 1),
(9, 8, '2026-05-25', '07:04:00', '17:38:00', 0),
(9, 8, '2026-05-26', '09:09:00', '16:34:00', 0.50),
(9, 8, '2026-05-27', '08:33:00', '17:21:00', 0),
(9, 8, '2026-05-28', '08:12:00', '16:52:00', 0),
(9, 8, '2026-05-29', '09:04:00', '16:15:00', 2),
(9, 8, '2026-06-01', '08:26:00', '16:05:00', 0.50),
(9, 8, '2026-06-02', '09:09:00', '16:33:00', 1.50),
(9, 8, '2026-06-03', '07:53:00', '17:40:00', 0),
(9, 8, '2026-06-04', '08:15:00', '17:59:00', 1.50),
(9, 8, '2026-06-05', '09:02:00', '18:44:00', 0),
(9, 8, '2026-06-08', '07:27:00', '16:02:00', 0),
(9, 8, '2026-06-09', '07:33:00', '16:23:00', 1.50),
(9, 8, '2026-06-10', '09:05:00', '16:24:00', 0),
(9, 8, '2026-06-11', '07:20:00', '18:13:00', 0),
(9, 8, '2026-06-12', '07:16:00', '17:22:00', 0),
(9, 8, '2026-06-15', '09:05:00', '17:36:00', 0),
(9, 8, '2026-06-16', '08:27:00', '18:41:00', 0),
(9, 8, '2026-06-17', '09:08:00', '17:47:00', 0),
(9, 8, '2026-06-18', '08:57:00', '18:00:00', 2),
(9, 8, '2026-06-19', '08:19:00', '16:30:00', 0),
(9, 8, '2026-06-22', '07:14:00', '18:23:00', 0),
(9, 8, '2026-06-23', NULL, NULL, 0),
(9, 8, '2026-06-24', '08:44:00', '18:01:00', 0),
(9, 8, '2026-06-25', '09:02:00', '17:18:00', 0),
(9, 8, '2026-06-26', '09:08:00', '18:51:00', 0),
(9, 8, '2026-06-29', '09:13:00', '18:36:00', 1.50),
(9, 8, '2026-06-30', '09:14:00', '16:56:00', 0.50),
(9, 8, '2026-07-01', '08:37:00', '17:40:00', 0),
(9, 8, '2026-07-02', '09:06:00', '17:01:00', 0.50),
(9, 8, '2026-07-03', '07:11:00', '16:06:00', 0),
(9, 8, '2026-07-06', '07:18:00', '16:49:00', 1.50),
(9, 8, '2026-07-07', '09:03:00', '17:39:00', 0),
(9, 8, '2026-07-08', '08:09:00', '17:40:00', 0),
(9, 8, '2026-07-09', '08:57:00', '16:41:00', 2),
(9, 8, '2026-07-10', '07:19:00', '18:46:00', 0),
(9, 8, '2026-07-13', '07:20:00', '18:42:00', 1),
(9, 8, '2026-07-14', '09:08:00', '18:57:00', 0),
(9, 8, '2026-07-15', '08:52:00', '16:57:00', 1),
(9, 8, '2026-07-16', '09:07:00', '16:57:00', 1.50),
(10, 8, '2026-01-16', '09:04:00', '17:37:00', 1),
(10, 8, '2026-01-19', '07:27:00', '18:17:00', 0),
(10, 8, '2026-01-20', '08:36:00', '17:22:00', 1.50),
(10, 8, '2026-01-21', '07:00:00', '18:30:00', 1.50),
(10, 8, '2026-01-22', '09:04:00', '16:51:00', 1),
(10, 8, '2026-01-23', '07:16:00', '16:49:00', 0.50),
(10, 8, '2026-01-26', '07:15:00', '18:50:00', 0.50),
(10, 8, '2026-01-27', '08:40:00', '16:54:00', 0),
(10, 8, '2026-01-28', '07:30:00', '16:00:00', 0),
(10, 8, '2026-01-29', '09:12:00', '17:04:00', 0),
(10, 8, '2026-01-30', '08:32:00', '16:04:00', 0),
(10, 8, '2026-02-02', '09:00:00', '16:04:00', 1.50),
(10, 8, '2026-02-03', '09:08:00', '16:18:00', 0),
(10, 8, '2026-02-04', '08:03:00', '17:26:00', 0),
(10, 8, '2026-02-05', '09:12:00', '18:28:00', 1.50),
(10, 8, '2026-02-06', '07:46:00', '17:14:00', 0.50),
(10, 8, '2026-02-09', '08:28:00', '17:38:00', 0.50),
(10, 8, '2026-02-10', '07:45:00', '17:56:00', 0),
(10, 8, '2026-02-11', '08:42:00', '16:38:00', 0),
(10, 8, '2026-02-12', '09:02:00', '18:55:00', 2),
(10, 8, '2026-02-13', '08:59:00', '17:59:00', 0),
(10, 8, '2026-02-16', '09:02:00', '17:01:00', 1.50),
(10, 8, '2026-02-17', '09:08:00', '16:12:00', 0),
(10, 8, '2026-02-18', '07:05:00', '16:59:00', 1),
(10, 8, '2026-02-19', '07:12:00', '17:58:00', 1.50),
(10, 8, '2026-02-20', '09:02:00', '17:00:00', 0),
(10, 8, '2026-02-23', '07:43:00', '16:05:00', 0),
(10, 8, '2026-02-24', NULL, NULL, 0),
(10, 8, '2026-02-25', '08:15:00', '18:42:00', 1),
(10, 8, '2026-02-26', '08:34:00', '18:22:00', 1.50);
INSERT INTO attendance (employee_id, recorded_by, date, clock_in, clock_out, overtime_hours) VALUES
(10, 8, '2026-02-27', '07:28:00', '16:57:00', 0.50),
(10, 8, '2026-03-02', '09:03:00', '18:10:00', 1),
(10, 8, '2026-03-03', NULL, NULL, 0),
(10, 8, '2026-03-04', '08:32:00', '16:52:00', 0),
(10, 8, '2026-03-05', '08:03:00', '16:28:00', 0),
(10, 8, '2026-03-06', '07:25:00', '17:34:00', 0),
(10, 8, '2026-03-09', '08:47:00', '17:42:00', 0),
(10, 8, '2026-03-10', '07:00:00', '16:40:00', 0),
(10, 8, '2026-03-11', '09:05:00', '16:40:00', 0),
(10, 8, '2026-03-12', '08:10:00', '18:34:00', 1),
(10, 8, '2026-03-13', '08:50:00', '18:43:00', 2),
(10, 8, '2026-03-16', '08:55:00', '16:55:00', 0),
(10, 8, '2026-03-17', '09:11:00', '18:43:00', 1),
(10, 8, '2026-03-18', '08:14:00', '18:48:00', 2),
(10, 8, '2026-03-19', '07:31:00', '18:37:00', 1.50),
(10, 8, '2026-03-20', '07:29:00', '17:44:00', 0),
(10, 8, '2026-03-23', '08:15:00', '17:33:00', 0),
(10, 8, '2026-03-24', '07:23:00', '16:24:00', 0),
(10, 8, '2026-03-25', '07:11:00', '16:40:00', 1),
(10, 8, '2026-03-26', '07:05:00', '17:43:00', 1),
(10, 8, '2026-03-27', NULL, NULL, 0),
(10, 8, '2026-03-30', '08:59:00', '16:43:00', 0.50),
(10, 8, '2026-03-31', '07:46:00', '16:33:00', 0),
(10, 8, '2026-04-01', '09:08:00', '17:36:00', 1.50),
(10, 8, '2026-04-02', '09:02:00', '18:37:00', 0.50),
(10, 8, '2026-04-03', '09:09:00', '18:55:00', 0),
(10, 8, '2026-04-06', '07:57:00', '16:54:00', 1),
(10, 8, '2026-04-07', '09:07:00', '18:53:00', 1.50),
(10, 8, '2026-04-08', '09:08:00', '18:18:00', 0),
(10, 8, '2026-04-09', '09:02:00', '18:05:00', 0.50),
(10, 8, '2026-04-10', '09:14:00', '16:44:00', 2),
(10, 8, '2026-04-13', '07:15:00', '18:25:00', 2),
(10, 8, '2026-04-14', '07:34:00', '18:11:00', 0),
(10, 8, '2026-04-15', '08:17:00', '17:49:00', 0),
(10, 8, '2026-04-16', '07:46:00', '18:42:00', 2),
(10, 8, '2026-04-17', '09:12:00', '18:09:00', 1.50),
(10, 8, '2026-04-20', '09:04:00', '16:20:00', 0),
(10, 8, '2026-04-21', '09:02:00', '18:34:00', 1),
(10, 8, '2026-04-22', '07:25:00', '18:11:00', 0),
(10, 8, '2026-04-23', '09:00:00', '18:57:00', 1),
(10, 8, '2026-04-24', '08:24:00', '18:39:00', 1),
(10, 8, '2026-04-27', '09:02:00', '16:43:00', 0),
(10, 8, '2026-04-28', '09:11:00', '18:21:00', 1),
(10, 8, '2026-04-29', '07:59:00', '18:25:00', 2),
(10, 8, '2026-04-30', '07:08:00', '17:52:00', 0.50),
(10, 8, '2026-05-01', '07:40:00', '16:43:00', 0.50),
(10, 8, '2026-05-04', '07:55:00', '16:34:00', 0),
(10, 8, '2026-05-05', '07:16:00', '16:43:00', 1),
(10, 8, '2026-05-06', '08:46:00', '17:11:00', 1),
(10, 8, '2026-05-07', '09:10:00', '17:37:00', 0),
(10, 8, '2026-05-08', '07:21:00', '18:38:00', 1),
(10, 8, '2026-05-11', '09:06:00', '18:45:00', 1.50),
(10, 8, '2026-05-12', '07:41:00', '17:33:00', 0.50),
(10, 8, '2026-05-13', '09:00:00', '18:20:00', 2),
(10, 8, '2026-05-14', '08:52:00', '17:14:00', 0),
(10, 8, '2026-05-15', '09:03:00', '18:57:00', 0),
(10, 8, '2026-05-18', '07:58:00', '17:38:00', 2),
(10, 8, '2026-05-19', '07:33:00', '18:21:00', 0),
(10, 8, '2026-05-20', '07:05:00', '17:13:00', 1.50),
(10, 8, '2026-05-21', '08:18:00', '17:06:00', 1),
(10, 8, '2026-05-22', '07:06:00', '16:46:00', 0),
(10, 8, '2026-05-25', '07:52:00', '17:30:00', 0),
(10, 8, '2026-05-26', '08:28:00', '17:02:00', 0),
(10, 8, '2026-05-27', '08:54:00', '16:44:00', 0),
(10, 8, '2026-05-28', '07:02:00', '17:11:00', 2),
(10, 8, '2026-05-29', '09:07:00', '18:37:00', 2),
(10, 8, '2026-06-01', '09:04:00', '17:00:00', 0.50),
(10, 8, '2026-06-02', '07:54:00', '18:33:00', 1),
(10, 8, '2026-06-03', '07:59:00', '17:35:00', 1.50),
(10, 8, '2026-06-04', '08:55:00', '18:32:00', 1.50),
(10, 8, '2026-06-05', '08:34:00', '17:17:00', 0.50),
(10, 8, '2026-06-08', '07:31:00', '18:21:00', 1),
(10, 8, '2026-06-09', '09:10:00', '18:37:00', 1.50),
(10, 8, '2026-06-10', '08:50:00', '18:53:00', 0.50),
(10, 8, '2026-06-11', '07:19:00', '18:58:00', 0),
(10, 8, '2026-06-12', '09:10:00', '16:08:00', 0),
(10, 8, '2026-06-15', '07:09:00', '17:23:00', 0),
(10, 8, '2026-06-16', '07:04:00', '16:08:00', 0),
(10, 8, '2026-06-17', '08:04:00', '16:00:00', 1),
(10, 8, '2026-06-18', '07:33:00', '16:40:00', 1.50),
(10, 8, '2026-06-19', '07:43:00', '16:18:00', 0.50),
(10, 8, '2026-06-22', '09:12:00', '17:37:00', 2),
(10, 8, '2026-06-23', '09:07:00', '17:28:00', 2),
(10, 8, '2026-06-24', '08:41:00', '17:09:00', 0),
(10, 8, '2026-06-25', '09:05:00', '17:18:00', 0),
(10, 8, '2026-06-26', '07:33:00', '16:51:00', 0),
(10, 8, '2026-06-29', '07:47:00', '16:12:00', 0),
(10, 8, '2026-06-30', '09:09:00', '18:00:00', 0.50),
(10, 8, '2026-07-01', '07:24:00', '18:00:00', 0),
(10, 8, '2026-07-02', '08:16:00', '17:10:00', 0),
(10, 8, '2026-07-03', '08:22:00', '16:34:00', 0),
(10, 8, '2026-07-06', '08:33:00', '18:05:00', 2),
(10, 8, '2026-07-07', '07:57:00', '17:30:00', 2),
(10, 8, '2026-07-08', '09:08:00', '17:08:00', 1.50),
(10, 8, '2026-07-09', '09:02:00', '17:09:00', 0),
(10, 8, '2026-07-10', '09:14:00', '17:57:00', 0),
(10, 8, '2026-07-13', '08:03:00', '18:55:00', 0),
(10, 8, '2026-07-14', '07:41:00', '17:11:00', 0),
(10, 8, '2026-07-15', '07:12:00', '17:50:00', 0),
(10, 8, '2026-07-16', '09:05:00', '16:20:00', 0),
(11, 8, '2026-01-16', '09:06:00', '18:26:00', 0),
(11, 8, '2026-01-19', '09:10:00', '18:54:00', 0),
(11, 8, '2026-01-20', '07:35:00', '18:09:00', 0),
(11, 8, '2026-01-21', '08:41:00', '17:44:00', 0),
(11, 8, '2026-01-22', '09:13:00', '17:35:00', 0.50),
(11, 8, '2026-01-23', '07:31:00', '18:41:00', 2),
(11, 8, '2026-01-26', '08:14:00', '16:51:00', 1.50),
(11, 8, '2026-01-27', '07:36:00', '17:16:00', 0.50),
(11, 8, '2026-01-28', '08:39:00', '18:46:00', 0),
(11, 8, '2026-01-29', '08:38:00', '18:28:00', 0),
(11, 8, '2026-01-30', '07:28:00', '16:10:00', 0),
(11, 8, '2026-02-02', '09:14:00', '18:58:00', 2),
(11, 8, '2026-02-03', '07:31:00', '18:57:00', 1),
(11, 8, '2026-02-04', '09:07:00', '16:09:00', 0),
(11, 8, '2026-02-05', '07:08:00', '17:25:00', 0),
(11, 8, '2026-02-06', '07:02:00', '16:16:00', 2),
(11, 8, '2026-02-09', '09:14:00', '18:32:00', 2),
(11, 8, '2026-02-10', '07:44:00', '18:46:00', 1),
(11, 8, '2026-02-11', '08:11:00', '16:40:00', 1.50),
(11, 8, '2026-02-12', '07:12:00', '16:17:00', 0.50),
(11, 8, '2026-02-13', '08:41:00', '16:52:00', 1),
(11, 8, '2026-02-16', '07:22:00', '16:13:00', 0),
(11, 8, '2026-02-17', NULL, NULL, 0),
(11, 8, '2026-02-18', '09:10:00', '18:37:00', 1),
(11, 8, '2026-02-19', '07:19:00', '16:30:00', 0.50),
(11, 8, '2026-02-20', '09:06:00', '16:39:00', 0),
(11, 8, '2026-02-23', '09:15:00', '16:13:00', 2),
(11, 8, '2026-02-24', '07:09:00', '17:03:00', 0),
(11, 8, '2026-02-25', '07:13:00', '16:07:00', 2),
(11, 8, '2026-02-26', '09:08:00', '16:07:00', 0),
(11, 8, '2026-02-27', '08:25:00', '16:08:00', 0),
(11, 8, '2026-03-02', NULL, NULL, 0),
(11, 8, '2026-03-03', '07:28:00', '16:46:00', 1),
(11, 8, '2026-03-04', '09:14:00', '16:12:00', 0),
(11, 8, '2026-03-05', NULL, NULL, 0),
(11, 8, '2026-03-06', '08:24:00', '17:13:00', 0),
(11, 8, '2026-03-09', '08:41:00', '18:51:00', 0.50),
(11, 8, '2026-03-10', '07:09:00', '17:11:00', 0),
(11, 8, '2026-03-11', '07:50:00', '18:43:00', 1.50),
(11, 8, '2026-03-12', '07:59:00', '17:55:00', 0),
(11, 8, '2026-03-13', '08:08:00', '16:38:00', 0.50),
(11, 8, '2026-03-16', '07:53:00', '18:12:00', 1),
(11, 8, '2026-03-17', '08:46:00', '17:53:00', 0),
(11, 8, '2026-03-18', '09:00:00', '16:45:00', 1),
(11, 8, '2026-03-19', '09:15:00', '16:49:00', 0),
(11, 8, '2026-03-20', '08:07:00', '16:17:00', 0),
(11, 8, '2026-03-23', '08:35:00', '17:34:00', 1),
(11, 8, '2026-03-24', '07:13:00', '16:16:00', 0),
(11, 8, '2026-03-25', '07:01:00', '16:30:00', 0),
(11, 8, '2026-03-26', '08:39:00', '16:30:00', 0),
(11, 8, '2026-03-27', '08:03:00', '16:38:00', 0),
(11, 8, '2026-03-30', '09:05:00', '17:27:00', 0),
(11, 8, '2026-03-31', '07:08:00', '17:33:00', 0),
(11, 8, '2026-04-01', '08:55:00', '16:52:00', 0),
(11, 8, '2026-04-02', '09:09:00', '16:15:00', 0),
(11, 8, '2026-04-03', '09:12:00', '17:36:00', 2),
(11, 8, '2026-04-06', '08:39:00', '16:23:00', 2),
(11, 8, '2026-04-07', '08:23:00', '17:27:00', 0),
(11, 8, '2026-04-08', '08:30:00', '16:08:00', 0.50),
(11, 8, '2026-04-09', '07:07:00', '16:35:00', 0),
(11, 8, '2026-04-10', '09:07:00', '16:13:00', 0),
(11, 8, '2026-04-13', '09:13:00', '18:14:00', 0),
(11, 8, '2026-04-14', '08:48:00', '16:31:00', 0),
(11, 8, '2026-04-15', '07:34:00', '16:33:00', 0),
(11, 8, '2026-04-16', '09:14:00', '16:09:00', 0),
(11, 8, '2026-04-17', '07:21:00', '18:03:00', 2),
(11, 8, '2026-04-20', '09:02:00', '17:28:00', 0),
(11, 8, '2026-04-21', '08:45:00', '16:21:00', 0),
(11, 8, '2026-04-22', '08:23:00', '18:17:00', 2),
(11, 8, '2026-04-23', '08:11:00', '16:45:00', 0),
(11, 8, '2026-04-24', NULL, NULL, 0),
(11, 8, '2026-04-27', '07:22:00', '18:55:00', 1),
(11, 8, '2026-04-28', '09:08:00', '17:01:00', 0),
(11, 8, '2026-04-29', '07:21:00', '16:42:00', 0),
(11, 8, '2026-04-30', '07:52:00', '17:59:00', 0.50),
(11, 8, '2026-05-01', '08:27:00', '16:05:00', 1),
(11, 8, '2026-05-04', '09:15:00', '16:44:00', 2),
(11, 8, '2026-05-05', NULL, NULL, 0),
(11, 8, '2026-05-06', '08:25:00', '17:27:00', 0),
(11, 8, '2026-05-07', '08:40:00', '18:01:00', 0),
(11, 8, '2026-05-08', '07:28:00', '18:31:00', 2),
(11, 8, '2026-05-11', '08:02:00', '16:47:00', 0.50),
(11, 8, '2026-05-12', '09:02:00', '18:36:00', 0.50),
(11, 8, '2026-05-13', '08:15:00', '18:45:00', 0),
(11, 8, '2026-05-14', '07:02:00', '17:39:00', 0),
(11, 8, '2026-05-15', '08:41:00', '18:52:00', 2),
(11, 8, '2026-05-18', '08:50:00', '18:33:00', 2),
(11, 8, '2026-05-19', '09:04:00', '16:29:00', 2),
(11, 8, '2026-05-20', '08:24:00', '18:35:00', 0.50),
(11, 8, '2026-05-21', '08:06:00', '16:13:00', 2),
(11, 8, '2026-05-22', '07:31:00', '17:36:00', 0.50),
(11, 8, '2026-05-25', '07:48:00', '17:27:00', 0),
(11, 8, '2026-05-26', '09:09:00', '18:36:00', 0),
(11, 8, '2026-05-27', '08:51:00', '16:04:00', 0.50),
(11, 8, '2026-05-28', '08:54:00', '18:08:00', 0),
(11, 8, '2026-05-29', '07:32:00', '17:52:00', 0),
(11, 8, '2026-06-01', '08:03:00', '16:42:00', 0),
(11, 8, '2026-06-02', '09:08:00', '16:54:00', 0),
(11, 8, '2026-06-03', '09:14:00', '16:57:00', 0),
(11, 8, '2026-06-04', '08:01:00', '18:53:00', 0.50);
INSERT INTO attendance (employee_id, recorded_by, date, clock_in, clock_out, overtime_hours) VALUES
(11, 8, '2026-06-05', '09:01:00', '16:34:00', 1.50),
(11, 8, '2026-06-08', '08:34:00', '16:10:00', 0),
(11, 8, '2026-06-09', '08:33:00', '18:47:00', 0),
(11, 8, '2026-06-10', '08:32:00', '17:28:00', 0),
(11, 8, '2026-06-11', '07:51:00', '16:16:00', 0),
(11, 8, '2026-06-12', '08:30:00', '18:05:00', 0),
(11, 8, '2026-06-15', '08:36:00', '16:19:00', 1.50),
(11, 8, '2026-06-16', '09:02:00', '16:32:00', 2),
(11, 8, '2026-06-17', '09:05:00', '18:42:00', 1.50),
(11, 8, '2026-06-18', '09:09:00', '17:46:00', 1.50),
(11, 8, '2026-06-19', '09:15:00', '18:40:00', 0),
(11, 8, '2026-06-22', '09:07:00', '18:07:00', 0.50),
(11, 8, '2026-06-23', '07:50:00', '18:27:00', 0),
(11, 8, '2026-06-24', '07:31:00', '18:41:00', 0),
(11, 8, '2026-06-25', '08:43:00', '18:35:00', 0),
(11, 8, '2026-06-26', '08:22:00', '16:49:00', 2),
(11, 8, '2026-06-29', '09:12:00', '16:18:00', 0),
(11, 8, '2026-06-30', '08:44:00', '18:18:00', 1.50),
(11, 8, '2026-07-01', '07:46:00', '17:59:00', 1.50),
(11, 8, '2026-07-02', NULL, NULL, 0),
(11, 8, '2026-07-03', '08:09:00', '16:28:00', 0),
(11, 8, '2026-07-06', '08:06:00', '17:09:00', 0),
(11, 8, '2026-07-07', '08:37:00', '16:52:00', 1.50),
(11, 8, '2026-07-08', '09:08:00', '16:32:00', 0),
(11, 8, '2026-07-09', '08:34:00', '18:32:00', 0),
(11, 8, '2026-07-10', '08:08:00', '17:25:00', 2),
(11, 8, '2026-07-13', '09:02:00', '17:01:00', 0),
(11, 8, '2026-07-14', '07:13:00', '16:37:00', 0),
(11, 8, '2026-07-15', '09:05:00', '16:45:00', 1.50),
(11, 8, '2026-07-16', '07:30:00', '18:26:00', 0),
(12, 8, '2026-01-16', '07:02:00', '17:20:00', 0),
(12, 8, '2026-01-19', '09:01:00', '16:23:00', 0.50),
(12, 8, '2026-01-20', '08:09:00', '17:07:00', 0),
(12, 8, '2026-01-21', '09:02:00', '16:44:00', 0.50),
(12, 8, '2026-01-22', '09:12:00', '16:30:00', 2),
(12, 8, '2026-01-23', '09:04:00', '18:08:00', 0.50),
(12, 8, '2026-01-26', '09:01:00', '18:34:00', 0),
(12, 8, '2026-01-27', '08:53:00', '18:09:00', 0),
(12, 8, '2026-01-28', '08:17:00', '17:33:00', 0),
(12, 8, '2026-01-29', '08:39:00', '16:58:00', 1.50),
(12, 8, '2026-01-30', '08:34:00', '17:39:00', 0),
(12, 8, '2026-02-02', '09:14:00', '17:59:00', 1.50),
(12, 8, '2026-02-03', '09:02:00', '17:21:00', 0.50),
(12, 8, '2026-02-04', '09:03:00', '16:07:00', 0),
(12, 8, '2026-02-05', '09:11:00', '16:54:00', 2),
(12, 8, '2026-02-06', '07:44:00', '17:56:00', 0),
(12, 8, '2026-02-09', '07:30:00', '16:27:00', 0),
(12, 8, '2026-02-10', '09:12:00', '16:26:00', 1),
(12, 8, '2026-02-11', '09:04:00', '16:32:00', 0.50),
(12, 8, '2026-02-12', '09:03:00', '17:31:00', 0),
(12, 8, '2026-02-13', NULL, NULL, 0),
(12, 8, '2026-02-16', '09:09:00', '16:19:00', 0.50),
(12, 8, '2026-02-17', '08:58:00', '17:24:00', 0.50),
(12, 8, '2026-02-18', '09:13:00', '17:31:00', 1.50),
(12, 8, '2026-02-19', NULL, NULL, 0),
(12, 8, '2026-02-20', '08:10:00', '16:52:00', 0.50),
(12, 8, '2026-02-23', '08:31:00', '17:21:00', 0),
(12, 8, '2026-02-24', '08:49:00', '17:14:00', 0),
(12, 8, '2026-02-25', '09:01:00', '17:08:00', 0),
(12, 8, '2026-02-26', '08:16:00', '17:56:00', 1.50),
(12, 8, '2026-02-27', '09:11:00', '17:21:00', 0.50),
(12, 8, '2026-03-02', NULL, NULL, 0),
(12, 8, '2026-03-03', '08:38:00', '18:22:00', 0),
(12, 8, '2026-03-04', '07:44:00', '18:27:00', 0),
(12, 8, '2026-03-05', '07:11:00', '16:18:00', 0),
(12, 8, '2026-03-06', '08:27:00', '17:44:00', 2),
(12, 8, '2026-03-09', '07:48:00', '17:39:00', 0),
(12, 8, '2026-03-10', '07:05:00', '16:17:00', 0),
(12, 8, '2026-03-11', '09:08:00', '18:51:00', 1.50),
(12, 8, '2026-03-12', '07:48:00', '18:00:00', 0),
(12, 8, '2026-03-13', '09:15:00', '18:31:00', 0),
(12, 8, '2026-03-16', '07:11:00', '18:38:00', 1),
(12, 8, '2026-03-17', '07:59:00', '17:28:00', 0),
(12, 8, '2026-03-18', '08:50:00', '17:54:00', 0),
(12, 8, '2026-03-19', '08:04:00', '16:46:00', 0),
(12, 8, '2026-03-20', '07:13:00', '18:16:00', 0),
(12, 8, '2026-03-23', '08:21:00', '16:27:00', 1),
(12, 8, '2026-03-24', '09:01:00', '17:35:00', 1),
(12, 8, '2026-03-25', '09:10:00', '17:16:00', 0),
(12, 8, '2026-03-26', '07:42:00', '18:44:00', 0),
(12, 8, '2026-03-27', '08:23:00', '17:03:00', 0),
(12, 8, '2026-03-30', '08:16:00', '17:41:00', 1),
(12, 8, '2026-03-31', '08:21:00', '18:09:00', 0),
(12, 8, '2026-04-01', '07:07:00', '16:12:00', 0),
(12, 8, '2026-04-02', '08:18:00', '18:39:00', 2),
(12, 8, '2026-04-03', '09:02:00', '17:28:00', 1.50),
(12, 8, '2026-04-06', '07:42:00', '17:41:00', 0),
(12, 8, '2026-04-07', '07:12:00', '18:34:00', 1.50),
(12, 8, '2026-04-08', '07:57:00', '17:22:00', 0),
(12, 8, '2026-04-09', '07:51:00', '16:38:00', 1.50),
(12, 8, '2026-04-10', '07:16:00', '17:45:00', 0),
(12, 8, '2026-04-13', NULL, NULL, 0),
(12, 8, '2026-04-14', '07:20:00', '18:34:00', 0),
(12, 8, '2026-04-15', '07:21:00', '16:56:00', 0.50),
(12, 8, '2026-04-16', NULL, NULL, 0),
(12, 8, '2026-04-17', '09:03:00', '18:04:00', 1.50),
(12, 8, '2026-04-20', '09:02:00', '17:22:00', 0),
(12, 8, '2026-04-21', '08:58:00', '18:23:00', 0.50),
(12, 8, '2026-04-22', '07:52:00', '18:13:00', 1),
(12, 8, '2026-04-23', '08:38:00', '18:13:00', 2),
(12, 8, '2026-04-24', '09:06:00', '16:41:00', 1),
(12, 8, '2026-04-27', '09:07:00', '16:34:00', 2),
(12, 8, '2026-04-28', '09:08:00', '18:47:00', 1.50),
(12, 8, '2026-04-29', '09:13:00', '18:33:00', 0),
(12, 8, '2026-04-30', '09:01:00', '17:20:00', 2),
(12, 8, '2026-05-01', '07:53:00', '17:06:00', 0.50),
(12, 8, '2026-05-04', '09:08:00', '17:24:00', 0),
(12, 8, '2026-05-05', NULL, NULL, 0),
(12, 8, '2026-05-06', '09:12:00', '18:16:00', 0),
(12, 8, '2026-05-07', '07:53:00', '18:41:00', 0),
(12, 8, '2026-05-08', '07:33:00', '16:15:00', 0),
(12, 8, '2026-05-11', '07:41:00', '18:35:00', 2),
(12, 8, '2026-05-12', NULL, NULL, 0),
(12, 8, '2026-05-13', '07:56:00', '18:13:00', 0),
(12, 8, '2026-05-14', '09:01:00', '18:36:00', 0),
(12, 8, '2026-05-15', '07:02:00', '16:00:00', 0),
(12, 8, '2026-05-18', '07:01:00', '16:44:00', 1.50),
(12, 8, '2026-05-19', '08:07:00', '16:58:00', 0),
(12, 8, '2026-05-20', '09:15:00', '18:24:00', 0),
(12, 8, '2026-05-21', NULL, NULL, 0),
(12, 8, '2026-05-22', '08:12:00', '17:24:00', 0),
(12, 8, '2026-05-25', '09:15:00', '18:18:00', 1),
(12, 8, '2026-05-26', '09:05:00', '18:32:00', 0),
(12, 8, '2026-05-27', '08:26:00', '18:41:00', 0),
(12, 8, '2026-05-28', '08:26:00', '18:20:00', 0),
(12, 8, '2026-05-29', NULL, NULL, 0),
(12, 8, '2026-06-01', '07:29:00', '17:58:00', 0),
(12, 8, '2026-06-02', NULL, NULL, 0),
(12, 8, '2026-06-03', '08:21:00', '18:37:00', 1.50),
(12, 8, '2026-06-04', '07:21:00', '16:57:00', 0),
(12, 8, '2026-06-05', '09:13:00', '17:05:00', 0),
(12, 8, '2026-06-08', NULL, NULL, 0),
(12, 8, '2026-06-09', '08:19:00', '16:45:00', 0),
(12, 8, '2026-06-10', '07:18:00', '16:51:00', 2),
(12, 8, '2026-06-11', '07:25:00', '18:52:00', 0.50),
(12, 8, '2026-06-12', '08:02:00', '18:39:00', 0),
(12, 8, '2026-06-15', '09:06:00', '17:26:00', 0),
(12, 8, '2026-06-16', '07:24:00', '18:46:00', 1.50),
(12, 8, '2026-06-17', '09:00:00', '18:14:00', 1.50),
(12, 8, '2026-06-18', '09:03:00', '17:33:00', 2),
(12, 8, '2026-06-19', '07:23:00', '16:23:00', 1.50),
(12, 8, '2026-06-22', '08:54:00', '16:36:00', 2),
(12, 8, '2026-06-23', '07:44:00', '18:15:00', 0),
(12, 8, '2026-06-24', NULL, NULL, 0),
(12, 8, '2026-06-25', '08:56:00', '18:48:00', 1),
(12, 8, '2026-06-26', '09:05:00', '17:00:00', 0.50),
(12, 8, '2026-06-29', '09:00:00', '18:23:00', 0),
(12, 8, '2026-06-30', '08:23:00', '17:32:00', 1),
(12, 8, '2026-07-01', '07:29:00', '17:29:00', 0.50),
(12, 8, '2026-07-02', '09:04:00', '17:18:00', 1.50),
(12, 8, '2026-07-03', '07:06:00', '18:43:00', 0),
(12, 8, '2026-07-06', '09:12:00', '16:27:00', 0.50),
(12, 8, '2026-07-07', '07:38:00', '17:21:00', 0),
(12, 8, '2026-07-08', '09:08:00', '18:46:00', 1),
(12, 8, '2026-07-09', '07:06:00', '18:22:00', 0.50),
(12, 8, '2026-07-10', '07:20:00', '17:49:00', 0),
(12, 8, '2026-07-13', NULL, NULL, 0),
(12, 8, '2026-07-14', '07:54:00', '17:31:00', 0),
(12, 8, '2026-07-15', '07:46:00', '16:04:00', 1.50),
(12, 8, '2026-07-16', '09:10:00', '17:17:00', 0),
(13, 8, '2026-01-16', '07:52:00', '16:17:00', 2),
(13, 8, '2026-01-19', '09:10:00', '18:39:00', 1),
(13, 8, '2026-01-20', '08:00:00', '16:05:00', 2),
(13, 8, '2026-01-21', '09:11:00', '16:44:00', 0.50),
(13, 8, '2026-01-22', '07:05:00', '16:26:00', 0),
(13, 8, '2026-01-23', '09:11:00', '16:30:00', 0),
(13, 8, '2026-01-26', '08:35:00', '18:44:00', 0),
(13, 8, '2026-01-27', '09:00:00', '18:11:00', 2),
(13, 8, '2026-01-28', '07:52:00', '18:05:00', 1),
(13, 8, '2026-01-29', '07:47:00', '16:47:00', 1),
(13, 8, '2026-01-30', '08:03:00', '18:08:00', 0),
(13, 8, '2026-02-02', NULL, NULL, 0),
(13, 8, '2026-02-03', '08:37:00', '17:43:00', 0),
(13, 8, '2026-02-04', NULL, NULL, 0),
(13, 8, '2026-02-05', '09:02:00', '18:36:00', 0.50),
(13, 8, '2026-02-06', '08:44:00', '17:14:00', 0),
(13, 8, '2026-02-09', '09:13:00', '18:35:00', 0),
(13, 8, '2026-02-10', '08:22:00', '16:38:00', 0.50),
(13, 8, '2026-02-11', '08:49:00', '16:26:00', 0),
(13, 8, '2026-02-12', '09:04:00', '17:12:00', 0.50),
(13, 8, '2026-02-13', '07:13:00', '18:49:00', 0),
(13, 8, '2026-02-16', NULL, NULL, 0),
(13, 8, '2026-02-17', '07:22:00', '18:42:00', 1.50),
(13, 8, '2026-02-18', '07:04:00', '17:57:00', 0.50),
(13, 8, '2026-02-19', '09:14:00', '17:33:00', 0),
(13, 8, '2026-02-20', '07:26:00', '18:03:00', 1.50),
(13, 8, '2026-02-23', '09:01:00', '18:27:00', 2),
(13, 8, '2026-02-24', '09:14:00', '18:16:00', 0.50),
(13, 8, '2026-02-25', '09:12:00', '18:19:00', 0),
(13, 8, '2026-02-26', '07:24:00', '18:54:00', 0.50),
(13, 8, '2026-02-27', '07:34:00', '16:21:00', 1),
(13, 8, '2026-03-02', NULL, NULL, 0),
(13, 8, '2026-03-03', '08:45:00', '16:25:00', 1),
(13, 8, '2026-03-04', '08:22:00', '16:23:00', 1.50),
(13, 8, '2026-03-05', '09:11:00', '18:52:00', 0),
(13, 8, '2026-03-06', '09:10:00', '17:06:00', 0),
(13, 8, '2026-03-09', '09:00:00', '18:38:00', 0),
(13, 8, '2026-03-10', '07:05:00', '16:29:00', 1.50),
(13, 8, '2026-03-11', '09:01:00', '16:21:00', 0.50),
(13, 8, '2026-03-12', '08:43:00', '17:03:00', 0);
INSERT INTO attendance (employee_id, recorded_by, date, clock_in, clock_out, overtime_hours) VALUES
(13, 8, '2026-03-13', '07:25:00', '18:39:00', 1),
(13, 8, '2026-03-16', '08:52:00', '17:44:00', 0),
(13, 8, '2026-03-17', '07:57:00', '16:42:00', 0),
(13, 8, '2026-03-18', '08:50:00', '18:22:00', 0),
(13, 8, '2026-03-19', NULL, NULL, 0),
(13, 8, '2026-03-20', '09:01:00', '16:20:00', 0),
(13, 8, '2026-03-23', '09:05:00', '17:51:00', 0.50),
(13, 8, '2026-03-24', '09:01:00', '17:18:00', 0),
(13, 8, '2026-03-25', '08:06:00', '17:45:00', 0),
(13, 8, '2026-03-26', '08:38:00', '18:03:00', 1),
(13, 8, '2026-03-27', '09:11:00', '18:01:00', 0),
(13, 8, '2026-03-30', '07:03:00', '16:25:00', 0.50),
(13, 8, '2026-03-31', '09:13:00', '17:49:00', 0),
(13, 8, '2026-04-01', '09:07:00', '16:17:00', 1),
(13, 8, '2026-04-02', '07:56:00', '16:27:00', 0),
(13, 8, '2026-04-03', '09:09:00', '16:04:00', 0.50),
(13, 8, '2026-04-06', '07:14:00', '18:21:00', 0),
(13, 8, '2026-04-07', '08:22:00', '16:58:00', 1),
(13, 8, '2026-04-08', '08:09:00', '16:23:00', 1.50),
(13, 8, '2026-04-09', '07:26:00', '17:36:00', 0),
(13, 8, '2026-04-10', '08:36:00', '17:58:00', 0),
(13, 8, '2026-04-13', '08:45:00', '17:30:00', 0.50),
(13, 8, '2026-04-14', NULL, NULL, 0),
(13, 8, '2026-04-15', '07:30:00', '18:17:00', 0),
(13, 8, '2026-04-16', '07:42:00', '16:36:00', 0.50),
(13, 8, '2026-04-17', '09:07:00', '16:00:00', 1.50),
(13, 8, '2026-04-20', '08:48:00', '16:21:00', 1),
(13, 8, '2026-04-21', NULL, NULL, 0),
(13, 8, '2026-04-22', '08:53:00', '16:04:00', 2),
(13, 8, '2026-04-23', '08:20:00', '17:08:00', 1.50),
(13, 8, '2026-04-24', '07:29:00', '18:16:00', 0),
(13, 8, '2026-04-27', '09:11:00', '18:36:00', 0),
(13, 8, '2026-04-28', '07:19:00', '17:54:00', 0),
(13, 8, '2026-04-29', '09:01:00', '18:02:00', 1.50),
(13, 8, '2026-04-30', '07:22:00', '16:00:00', 1.50),
(13, 8, '2026-05-01', '07:00:00', '16:56:00', 0),
(13, 8, '2026-05-04', '08:28:00', '16:50:00', 0),
(13, 8, '2026-05-05', '07:18:00', '18:21:00', 2),
(13, 8, '2026-05-06', '09:14:00', '17:54:00', 0),
(13, 8, '2026-05-07', '09:13:00', '17:10:00', 1.50),
(13, 8, '2026-05-08', NULL, NULL, 0),
(13, 8, '2026-05-11', '07:26:00', '18:51:00', 0),
(13, 8, '2026-05-12', '09:09:00', '17:23:00', 1),
(13, 8, '2026-05-13', '07:16:00', '17:29:00', 0),
(13, 8, '2026-05-14', '07:00:00', '17:07:00', 0),
(13, 8, '2026-05-15', '07:14:00', '18:48:00', 0),
(13, 8, '2026-05-18', '08:44:00', '16:06:00', 0),
(13, 8, '2026-05-19', '09:03:00', '18:36:00', 2),
(13, 8, '2026-05-20', '09:03:00', '17:06:00', 0),
(13, 8, '2026-05-21', '07:34:00', '17:21:00', 0),
(13, 8, '2026-05-22', '08:36:00', '18:29:00', 2),
(13, 8, '2026-05-25', '09:06:00', '17:35:00', 0),
(13, 8, '2026-05-26', '08:58:00', '16:30:00', 0),
(13, 8, '2026-05-27', '08:38:00', '16:32:00', 2),
(13, 8, '2026-05-28', '09:10:00', '17:55:00', 0),
(13, 8, '2026-05-29', '09:08:00', '16:46:00', 2),
(13, 8, '2026-06-01', '07:11:00', '18:13:00', 0.50),
(13, 8, '2026-06-02', '09:07:00', '16:42:00', 0),
(13, 8, '2026-06-03', '07:17:00', '17:31:00', 0.50),
(13, 8, '2026-06-04', '09:08:00', '18:55:00', 0),
(13, 8, '2026-06-05', '08:36:00', '18:45:00', 0),
(13, 8, '2026-06-08', '09:08:00', '18:40:00', 0),
(13, 8, '2026-06-09', '09:13:00', '16:17:00', 0),
(13, 8, '2026-06-10', '07:08:00', '18:28:00', 2),
(13, 8, '2026-06-11', '07:44:00', '16:15:00', 1),
(13, 8, '2026-06-12', '07:57:00', '16:32:00', 0),
(13, 8, '2026-06-15', '07:26:00', '17:25:00', 0),
(13, 8, '2026-06-16', NULL, NULL, 0),
(13, 8, '2026-06-17', '07:22:00', '18:50:00', 0),
(13, 8, '2026-06-18', '08:29:00', '17:22:00', 1.50),
(13, 8, '2026-06-19', '07:39:00', '18:14:00', 0),
(13, 8, '2026-06-22', '09:01:00', '18:10:00', 0),
(13, 8, '2026-06-23', '09:02:00', '17:19:00', 1.50),
(13, 8, '2026-06-24', '07:55:00', '16:37:00', 0),
(13, 8, '2026-06-25', '07:16:00', '16:53:00', 0.50),
(13, 8, '2026-06-26', '08:25:00', '16:09:00', 0),
(13, 8, '2026-06-29', '07:07:00', '17:31:00', 0),
(13, 8, '2026-06-30', '08:25:00', '18:56:00', 1),
(13, 8, '2026-07-01', '08:53:00', '17:29:00', 0),
(13, 8, '2026-07-02', '09:04:00', '16:36:00', 1.50),
(13, 8, '2026-07-03', '07:19:00', '18:18:00', 0.50),
(13, 8, '2026-07-06', '07:28:00', '17:25:00', 0),
(13, 8, '2026-07-07', '09:06:00', '18:14:00', 1.50),
(13, 8, '2026-07-08', '08:41:00', '18:24:00', 0),
(13, 8, '2026-07-09', '07:54:00', '16:24:00', 0),
(13, 8, '2026-07-10', '07:05:00', '17:09:00', 0.50),
(13, 8, '2026-07-13', '08:42:00', '16:58:00', 1),
(13, 8, '2026-07-14', '09:10:00', '17:43:00', 0),
(13, 8, '2026-07-15', '09:01:00', '18:47:00', 2),
(13, 8, '2026-07-16', '09:03:00', '18:39:00', 1.50),
(14, 8, '2026-01-16', '07:46:00', '17:58:00', 0),
(14, 8, '2026-01-19', '09:12:00', '17:14:00', 0),
(14, 8, '2026-01-20', '07:56:00', '16:46:00', 0.50),
(14, 8, '2026-01-21', '07:56:00', '17:42:00', 0),
(14, 8, '2026-01-22', '07:14:00', '16:16:00', 0),
(14, 8, '2026-01-23', '07:51:00', '18:15:00', 0),
(14, 8, '2026-01-26', '08:54:00', '18:33:00', 2),
(14, 8, '2026-01-27', '08:46:00', '17:23:00', 2),
(14, 8, '2026-01-28', '08:58:00', '18:36:00', 0.50),
(14, 8, '2026-01-29', '08:25:00', '18:45:00', 0.50),
(14, 8, '2026-01-30', '09:06:00', '17:15:00', 1.50),
(14, 8, '2026-02-02', '08:54:00', '17:25:00', 1.50),
(14, 8, '2026-02-03', '09:12:00', '16:27:00', 0),
(14, 8, '2026-02-04', '07:05:00', '16:21:00', 0.50),
(14, 8, '2026-02-05', '09:00:00', '18:21:00', 0.50),
(14, 8, '2026-02-06', '08:11:00', '17:38:00', 0),
(14, 8, '2026-02-09', '08:36:00', '17:25:00', 0.50),
(14, 8, '2026-02-10', '07:07:00', '16:00:00', 2),
(14, 8, '2026-02-11', '08:08:00', '16:23:00', 0),
(14, 8, '2026-02-12', '08:07:00', '17:03:00', 0.50),
(14, 8, '2026-02-13', '09:12:00', '16:50:00', 0),
(14, 8, '2026-02-16', '07:19:00', '17:56:00', 0.50),
(14, 8, '2026-02-17', '07:28:00', '18:26:00', 0),
(14, 8, '2026-02-18', '08:14:00', '16:58:00', 0),
(14, 8, '2026-02-19', NULL, NULL, 0),
(14, 8, '2026-02-20', '09:07:00', '17:33:00', 1),
(14, 8, '2026-02-23', '07:59:00', '16:05:00', 1),
(14, 8, '2026-02-24', '08:05:00', '18:17:00', 1),
(14, 8, '2026-02-25', '08:52:00', '18:17:00', 0),
(14, 8, '2026-02-26', '09:14:00', '17:17:00', 2),
(14, 8, '2026-02-27', NULL, NULL, 0),
(14, 8, '2026-03-02', '09:10:00', '18:59:00', 0),
(14, 8, '2026-03-03', '08:50:00', '17:56:00', 0),
(14, 8, '2026-03-04', '08:29:00', '17:08:00', 1.50),
(14, 8, '2026-03-05', '08:26:00', '16:12:00', 2),
(14, 8, '2026-03-06', NULL, NULL, 0),
(14, 8, '2026-03-09', '07:41:00', '16:59:00', 1),
(14, 8, '2026-03-10', '08:59:00', '18:04:00', 0),
(14, 8, '2026-03-11', '08:20:00', '18:33:00', 0),
(14, 8, '2026-03-12', NULL, NULL, 0),
(14, 8, '2026-03-13', '08:54:00', '18:11:00', 0),
(14, 8, '2026-03-16', '07:20:00', '17:42:00', 0),
(14, 8, '2026-03-17', '07:38:00', '17:14:00', 0),
(14, 8, '2026-03-18', '07:48:00', '17:33:00', 0),
(14, 8, '2026-03-19', '07:58:00', '16:12:00', 0),
(14, 8, '2026-03-20', '09:11:00', '18:09:00', 1.50),
(14, 8, '2026-03-23', '09:01:00', '18:41:00', 0),
(14, 8, '2026-03-24', '09:15:00', '16:22:00', 0),
(14, 8, '2026-03-25', '09:06:00', '16:09:00', 0),
(14, 8, '2026-03-26', '09:14:00', '16:44:00', 0),
(14, 8, '2026-03-27', '09:05:00', '16:18:00', 1),
(14, 8, '2026-03-30', '09:07:00', '17:14:00', 0),
(14, 8, '2026-03-31', '08:05:00', '18:22:00', 0),
(14, 8, '2026-04-01', '07:58:00', '16:35:00', 2),
(14, 8, '2026-04-02', NULL, NULL, 0),
(14, 8, '2026-04-03', '09:03:00', '18:51:00', 0),
(14, 8, '2026-04-06', '07:24:00', '16:06:00', 0),
(14, 8, '2026-04-07', '07:25:00', '16:22:00', 0),
(14, 8, '2026-04-08', '09:05:00', '18:05:00', 2),
(14, 8, '2026-04-09', '09:08:00', '18:55:00', 0.50),
(14, 8, '2026-04-10', '08:12:00', '17:28:00', 0.50),
(14, 8, '2026-04-13', '07:13:00', '18:09:00', 0),
(14, 8, '2026-04-14', '09:00:00', '18:06:00', 0.50),
(14, 8, '2026-04-15', '07:22:00', '18:42:00', 0),
(14, 8, '2026-04-16', '09:05:00', '16:46:00', 1),
(14, 8, '2026-04-17', '08:11:00', '18:21:00', 0),
(14, 8, '2026-04-20', '07:57:00', '17:15:00', 2),
(14, 8, '2026-04-21', '07:04:00', '18:07:00', 0),
(14, 8, '2026-04-22', '09:15:00', '17:06:00', 0),
(14, 8, '2026-04-23', NULL, NULL, 0),
(14, 8, '2026-04-24', '07:54:00', '18:19:00', 0),
(14, 8, '2026-04-27', '08:09:00', '16:56:00', 0),
(14, 8, '2026-04-28', '08:11:00', '17:42:00', 0),
(14, 8, '2026-04-29', '08:42:00', '17:14:00', 2),
(14, 8, '2026-04-30', '08:04:00', '17:46:00', 0.50),
(14, 8, '2026-05-01', '07:23:00', '17:16:00', 0),
(14, 8, '2026-05-04', '09:02:00', '17:05:00', 1.50),
(14, 8, '2026-05-05', '08:04:00', '16:36:00', 1),
(14, 8, '2026-05-06', '08:01:00', '18:59:00', 0),
(14, 8, '2026-05-07', '08:37:00', '16:37:00', 1),
(14, 8, '2026-05-08', '08:22:00', '16:03:00', 2),
(14, 8, '2026-05-11', '07:01:00', '17:10:00', 1.50),
(14, 8, '2026-05-12', '09:00:00', '16:39:00', 2),
(14, 8, '2026-05-13', '09:02:00', '16:19:00', 0),
(14, 8, '2026-05-14', '09:15:00', '18:27:00', 1.50),
(14, 8, '2026-05-15', '09:14:00', '17:02:00', 2),
(14, 8, '2026-05-18', '07:27:00', '17:57:00', 2),
(14, 8, '2026-05-19', '09:05:00', '16:28:00', 1.50),
(14, 8, '2026-05-20', '07:29:00', '17:44:00', 2),
(14, 8, '2026-05-21', '08:22:00', '16:53:00', 0),
(14, 8, '2026-05-22', '09:09:00', '16:07:00', 0),
(14, 8, '2026-05-25', '08:21:00', '17:12:00', 0),
(14, 8, '2026-05-26', '09:10:00', '16:14:00', 0),
(14, 8, '2026-05-27', '07:07:00', '18:04:00', 1),
(14, 8, '2026-05-28', '08:31:00', '17:17:00', 0.50),
(14, 8, '2026-05-29', '08:51:00', '17:30:00', 0),
(14, 8, '2026-06-01', '07:08:00', '17:35:00', 2),
(14, 8, '2026-06-02', '08:34:00', '18:48:00', 1.50),
(14, 8, '2026-06-03', '08:36:00', '17:37:00', 2),
(14, 8, '2026-06-04', '07:26:00', '16:24:00', 1),
(14, 8, '2026-06-05', '07:16:00', '17:02:00', 0),
(14, 8, '2026-06-08', '08:20:00', '18:14:00', 2),
(14, 8, '2026-06-09', '09:12:00', '17:36:00', 1.50),
(14, 8, '2026-06-10', '08:28:00', '16:07:00', 1),
(14, 8, '2026-06-11', '09:07:00', '17:13:00', 0),
(14, 8, '2026-06-12', '09:00:00', '16:23:00', 1),
(14, 8, '2026-06-15', '09:10:00', '17:26:00', 0),
(14, 8, '2026-06-16', '07:05:00', '17:39:00', 0.50),
(14, 8, '2026-06-17', '09:10:00', '18:25:00', 1),
(14, 8, '2026-06-18', '08:42:00', '17:15:00', 0.50);
INSERT INTO attendance (employee_id, recorded_by, date, clock_in, clock_out, overtime_hours) VALUES
(14, 8, '2026-06-19', '08:55:00', '17:47:00', 0),
(14, 8, '2026-06-22', '08:50:00', '16:50:00', 0.50),
(14, 8, '2026-06-23', '08:36:00', '18:37:00', 0),
(14, 8, '2026-06-24', '07:53:00', '18:54:00', 0.50),
(14, 8, '2026-06-25', '08:18:00', '16:36:00', 0.50),
(14, 8, '2026-06-26', '08:01:00', '18:48:00', 0),
(14, 8, '2026-06-29', '07:37:00', '17:32:00', 1.50),
(14, 8, '2026-06-30', '09:06:00', '18:42:00', 0.50),
(14, 8, '2026-07-01', '07:06:00', '16:57:00', 2),
(14, 8, '2026-07-02', '09:11:00', '16:55:00', 2),
(14, 8, '2026-07-03', '08:20:00', '17:57:00', 1),
(14, 8, '2026-07-06', '09:13:00', '17:21:00', 2),
(14, 8, '2026-07-07', '07:54:00', '16:02:00', 0),
(14, 8, '2026-07-08', NULL, NULL, 0),
(14, 8, '2026-07-09', '09:09:00', '17:59:00', 0),
(14, 8, '2026-07-10', '09:14:00', '18:03:00', 0),
(14, 8, '2026-07-13', '09:11:00', '16:08:00', 0),
(14, 8, '2026-07-14', '08:21:00', '17:55:00', 1),
(14, 8, '2026-07-15', '09:06:00', '17:37:00', 1),
(14, 8, '2026-07-16', '08:00:00', '18:27:00', 0),
(15, 8, '2026-01-16', '09:13:00', '16:16:00', 1),
(15, 8, '2026-01-19', '07:16:00', '18:20:00', 1.50),
(15, 8, '2026-01-20', '07:04:00', '16:59:00', 1),
(15, 8, '2026-01-21', NULL, NULL, 0),
(15, 8, '2026-01-22', '07:12:00', '17:10:00', 0),
(15, 8, '2026-01-23', NULL, NULL, 0),
(15, 8, '2026-01-26', '08:29:00', '17:11:00', 0.50),
(15, 8, '2026-01-27', '09:06:00', '16:19:00', 0),
(15, 8, '2026-01-28', '09:13:00', '18:47:00', 1.50),
(15, 8, '2026-01-29', '09:00:00', '16:35:00', 1),
(15, 8, '2026-01-30', '07:36:00', '17:24:00', 0),
(15, 8, '2026-02-02', '09:05:00', '18:42:00', 2),
(15, 8, '2026-02-03', '08:04:00', '17:16:00', 0),
(15, 8, '2026-02-04', '08:13:00', '17:03:00', 0),
(15, 8, '2026-02-05', '08:03:00', '16:10:00', 0.50),
(15, 8, '2026-02-06', '08:11:00', '17:48:00', 1),
(15, 8, '2026-02-09', '07:12:00', '16:08:00', 0),
(15, 8, '2026-02-10', '07:00:00', '16:01:00', 0),
(15, 8, '2026-02-11', '09:06:00', '16:13:00', 0),
(15, 8, '2026-02-12', '07:12:00', '17:26:00', 2),
(15, 8, '2026-02-13', '09:03:00', '18:57:00', 1.50),
(15, 8, '2026-02-16', '08:59:00', '16:28:00', 1.50),
(15, 8, '2026-02-17', '08:39:00', '18:22:00', 1),
(15, 8, '2026-02-18', '09:03:00', '16:17:00', 1),
(15, 8, '2026-02-19', '07:57:00', '16:58:00', 0),
(15, 8, '2026-02-20', '09:08:00', '17:10:00', 0),
(15, 8, '2026-02-23', NULL, NULL, 0),
(15, 8, '2026-02-24', '07:02:00', '16:34:00', 0.50),
(15, 8, '2026-02-25', '09:00:00', '16:29:00', 0),
(15, 8, '2026-02-26', '09:04:00', '17:03:00', 1),
(15, 8, '2026-02-27', '09:08:00', '18:56:00', 2),
(15, 8, '2026-03-02', '07:53:00', '17:41:00', 2),
(15, 8, '2026-03-03', '08:26:00', '16:39:00', 0),
(15, 8, '2026-03-04', '07:24:00', '17:40:00', 0),
(15, 8, '2026-03-05', '08:09:00', '18:30:00', 0),
(15, 8, '2026-03-06', '07:11:00', '16:20:00', 0),
(15, 8, '2026-03-09', '09:10:00', '17:25:00', 0.50),
(15, 8, '2026-03-10', '09:04:00', '16:31:00', 0),
(15, 8, '2026-03-11', '08:36:00', '16:50:00', 0),
(15, 8, '2026-03-12', '07:05:00', '16:07:00', 2),
(15, 8, '2026-03-13', '07:15:00', '18:22:00', 1.50),
(15, 8, '2026-03-16', '09:01:00', '18:58:00', 0),
(15, 8, '2026-03-17', '07:55:00', '17:18:00', 0),
(15, 8, '2026-03-18', '07:38:00', '16:22:00', 0),
(15, 8, '2026-03-19', '09:08:00', '18:22:00', 0),
(15, 8, '2026-03-20', '09:03:00', '17:06:00', 0),
(15, 8, '2026-03-23', '08:24:00', '18:16:00', 0),
(15, 8, '2026-03-24', '08:11:00', '16:01:00', 1),
(15, 8, '2026-03-25', '07:09:00', '16:24:00', 0),
(15, 8, '2026-03-26', '08:43:00', '17:37:00', 1.50),
(15, 8, '2026-03-27', '07:58:00', '16:47:00', 0),
(15, 8, '2026-03-30', '07:12:00', '17:18:00', 0.50),
(15, 8, '2026-03-31', '07:19:00', '18:53:00', 2),
(15, 8, '2026-04-01', '09:10:00', '16:17:00', 2),
(15, 8, '2026-04-02', NULL, NULL, 0),
(15, 8, '2026-04-03', '08:39:00', '18:24:00', 1),
(15, 8, '2026-04-06', '08:12:00', '18:28:00', 2),
(15, 8, '2026-04-07', '09:05:00', '17:27:00', 0),
(15, 8, '2026-04-08', '09:10:00', '17:14:00', 0.50),
(15, 8, '2026-04-09', '08:30:00', '17:50:00', 0),
(15, 8, '2026-04-10', '08:36:00', '16:01:00', 1.50),
(15, 8, '2026-04-13', '08:22:00', '18:05:00', 0),
(15, 8, '2026-04-14', '07:01:00', '18:23:00', 0),
(15, 8, '2026-04-15', '08:07:00', '16:20:00', 1.50),
(15, 8, '2026-04-16', '07:37:00', '17:20:00', 1.50),
(15, 8, '2026-04-17', '07:29:00', '18:46:00', 0),
(15, 8, '2026-04-20', '07:52:00', '18:46:00', 0.50),
(15, 8, '2026-04-21', '07:02:00', '17:24:00', 0),
(15, 8, '2026-04-22', '08:39:00', '18:01:00', 1),
(15, 8, '2026-04-23', '07:46:00', '16:14:00', 0),
(15, 8, '2026-04-24', NULL, NULL, 0),
(15, 8, '2026-04-27', '07:45:00', '16:04:00', 0),
(15, 8, '2026-04-28', '07:06:00', '16:50:00', 0),
(15, 8, '2026-04-29', '08:32:00', '18:58:00', 0),
(15, 8, '2026-04-30', '09:09:00', '17:34:00', 1.50),
(15, 8, '2026-05-01', '08:19:00', '16:06:00', 0),
(15, 8, '2026-05-04', '08:35:00', '18:03:00', 1.50),
(15, 8, '2026-05-05', '08:48:00', '16:53:00', 0),
(15, 8, '2026-05-06', NULL, NULL, 0),
(15, 8, '2026-05-07', '09:15:00', '17:40:00', 2),
(15, 8, '2026-05-08', '08:33:00', '17:49:00', 1.50),
(15, 8, '2026-05-11', '08:55:00', '17:47:00', 0.50),
(15, 8, '2026-05-12', '07:38:00', '17:46:00', 0),
(15, 8, '2026-05-13', '09:11:00', '16:39:00', 0),
(15, 8, '2026-05-14', '08:51:00', '16:11:00', 0),
(15, 8, '2026-05-15', '07:19:00', '18:04:00', 0),
(15, 8, '2026-05-18', '09:06:00', '16:18:00', 2),
(15, 8, '2026-05-19', '09:03:00', '16:30:00', 2),
(15, 8, '2026-05-20', '08:37:00', '18:38:00', 0.50),
(15, 8, '2026-05-21', '09:06:00', '18:10:00', 0),
(15, 8, '2026-05-22', '09:01:00', '16:14:00', 1.50),
(15, 8, '2026-05-25', '07:47:00', '18:47:00', 0),
(15, 8, '2026-05-26', '07:00:00', '17:59:00', 0),
(15, 8, '2026-05-27', '09:06:00', '18:25:00', 0),
(15, 8, '2026-05-28', '07:20:00', '18:02:00', 1),
(15, 8, '2026-05-29', '08:15:00', '18:57:00', 0),
(15, 8, '2026-06-01', '07:59:00', '17:35:00', 0),
(15, 8, '2026-06-02', '09:10:00', '18:49:00', 0),
(15, 8, '2026-06-03', '08:34:00', '18:27:00', 0),
(15, 8, '2026-06-04', '08:59:00', '16:54:00', 0),
(15, 8, '2026-06-05', '09:06:00', '18:39:00', 1.50),
(15, 8, '2026-06-08', '07:13:00', '17:26:00', 0),
(15, 8, '2026-06-09', '09:07:00', '18:34:00', 1.50),
(15, 8, '2026-06-10', '08:06:00', '16:27:00', 0.50),
(15, 8, '2026-06-11', '07:00:00', '16:12:00', 0),
(15, 8, '2026-06-12', '07:12:00', '16:45:00', 0),
(15, 8, '2026-06-15', '09:07:00', '17:57:00', 0),
(15, 8, '2026-06-16', '09:02:00', '18:30:00', 1),
(15, 8, '2026-06-17', '09:00:00', '17:57:00', 2),
(15, 8, '2026-06-18', '07:41:00', '16:27:00', 1),
(15, 8, '2026-06-19', '07:00:00', '18:57:00', 0),
(15, 8, '2026-06-22', '08:15:00', '16:39:00', 0),
(15, 8, '2026-06-23', '08:26:00', '16:29:00', 0),
(15, 8, '2026-06-24', '09:07:00', '18:44:00', 0.50),
(15, 8, '2026-06-25', '08:11:00', '18:43:00', 0),
(15, 8, '2026-06-26', '09:09:00', '18:25:00', 1.50),
(15, 8, '2026-06-29', '08:34:00', '17:48:00', 0),
(15, 8, '2026-06-30', '08:36:00', '16:08:00', 1),
(15, 8, '2026-07-01', '08:39:00', '18:37:00', 0),
(15, 8, '2026-07-02', '07:38:00', '17:42:00', 1.50),
(15, 8, '2026-07-03', '07:48:00', '17:47:00', 0.50),
(15, 8, '2026-07-06', '09:00:00', '17:17:00', 2),
(15, 8, '2026-07-07', '09:13:00', '18:19:00', 0),
(15, 8, '2026-07-08', '09:12:00', '17:01:00', 0),
(15, 8, '2026-07-09', '09:09:00', '18:43:00', 2),
(15, 8, '2026-07-10', '08:43:00', '18:54:00', 0.50),
(15, 8, '2026-07-13', '07:32:00', '16:51:00', 0.50),
(15, 8, '2026-07-14', '08:15:00', '17:53:00', 2),
(15, 8, '2026-07-15', '09:06:00', '17:46:00', 0),
(15, 8, '2026-07-16', '08:49:00', '18:34:00', 0),
(16, 8, '2026-01-16', '08:00:00', '18:10:00', 1.50),
(16, 8, '2026-01-19', '08:10:00', '16:53:00', 0),
(16, 8, '2026-01-20', '07:29:00', '16:25:00', 1.50),
(16, 8, '2026-01-21', '09:01:00', '16:53:00', 0),
(16, 8, '2026-01-22', '08:22:00', '18:06:00', 0),
(16, 8, '2026-01-23', NULL, NULL, 0),
(16, 8, '2026-01-26', '09:06:00', '18:51:00', 0),
(16, 8, '2026-01-27', '08:42:00', '18:35:00', 0),
(16, 8, '2026-01-28', '09:08:00', '18:06:00', 1),
(16, 8, '2026-01-29', '07:00:00', '16:59:00', 2),
(16, 8, '2026-01-30', '07:03:00', '16:13:00', 0),
(16, 8, '2026-02-02', '09:12:00', '16:37:00', 1),
(16, 8, '2026-02-03', '07:58:00', '17:24:00', 0.50),
(16, 8, '2026-02-04', '08:49:00', '18:12:00', 2),
(16, 8, '2026-02-05', '09:09:00', '17:28:00', 0),
(16, 8, '2026-02-06', '08:58:00', '18:58:00', 0),
(16, 8, '2026-02-09', '09:05:00', '17:56:00', 0),
(16, 8, '2026-02-10', NULL, NULL, 0),
(16, 8, '2026-02-11', '07:27:00', '17:56:00', 0),
(16, 8, '2026-02-12', NULL, NULL, 0),
(16, 8, '2026-02-13', '08:19:00', '17:08:00', 0),
(16, 8, '2026-02-16', '08:42:00', '17:27:00', 1.50),
(16, 8, '2026-02-17', '08:10:00', '17:02:00', 1.50),
(16, 8, '2026-02-18', '07:07:00', '17:58:00', 1),
(16, 8, '2026-02-19', '08:55:00', '17:08:00', 1),
(16, 8, '2026-02-20', '07:11:00', '16:07:00', 0),
(16, 8, '2026-02-23', '07:59:00', '18:41:00', 0.50),
(16, 8, '2026-02-24', '07:16:00', '17:19:00', 2),
(16, 8, '2026-02-25', '08:34:00', '17:43:00', 1),
(16, 8, '2026-02-26', '07:38:00', '17:20:00', 0),
(16, 8, '2026-02-27', '07:34:00', '16:20:00', 0),
(16, 8, '2026-03-02', '07:08:00', '17:21:00', 1),
(16, 8, '2026-03-03', '07:44:00', '18:03:00', 0),
(16, 8, '2026-03-04', '08:08:00', '18:11:00', 0),
(16, 8, '2026-03-05', '07:59:00', '18:49:00', 2),
(16, 8, '2026-03-06', '09:09:00', '18:29:00', 2),
(16, 8, '2026-03-09', '08:34:00', '18:34:00', 0),
(16, 8, '2026-03-10', '09:10:00', '18:20:00', 0),
(16, 8, '2026-03-11', '09:05:00', '18:53:00', 1),
(16, 8, '2026-03-12', '08:06:00', '17:07:00', 1),
(16, 8, '2026-03-13', '09:05:00', '17:04:00', 0),
(16, 8, '2026-03-16', '07:33:00', '18:03:00', 1),
(16, 8, '2026-03-17', '07:16:00', '17:29:00', 0.50),
(16, 8, '2026-03-18', '07:48:00', '17:40:00', 0),
(16, 8, '2026-03-19', '07:19:00', '17:55:00', 0.50),
(16, 8, '2026-03-20', '08:07:00', '17:37:00', 0.50),
(16, 8, '2026-03-23', '09:06:00', '17:18:00', 0),
(16, 8, '2026-03-24', NULL, NULL, 0),
(16, 8, '2026-03-25', '09:00:00', '16:12:00', 0),
(16, 8, '2026-03-26', '08:05:00', '16:44:00', 0);
INSERT INTO attendance (employee_id, recorded_by, date, clock_in, clock_out, overtime_hours) VALUES
(16, 8, '2026-03-27', '09:05:00', '17:59:00', 0),
(16, 8, '2026-03-30', '09:05:00', '18:04:00', 1),
(16, 8, '2026-03-31', '08:34:00', '17:12:00', 0),
(16, 8, '2026-04-01', '09:05:00', '17:43:00', 0),
(16, 8, '2026-04-02', '07:28:00', '18:19:00', 1.50),
(16, 8, '2026-04-03', '09:13:00', '17:46:00', 0),
(16, 8, '2026-04-06', '09:03:00', '16:32:00', 0),
(16, 8, '2026-04-07', '09:06:00', '17:17:00', 1.50),
(16, 8, '2026-04-08', '09:14:00', '18:24:00', 0),
(16, 8, '2026-04-09', '08:37:00', '16:19:00', 0),
(16, 8, '2026-04-10', '08:08:00', '18:38:00', 0.50),
(16, 8, '2026-04-13', '09:13:00', '17:57:00', 1),
(16, 8, '2026-04-14', NULL, NULL, 0),
(16, 8, '2026-04-15', '09:00:00', '18:02:00', 0),
(16, 8, '2026-04-16', NULL, NULL, 0),
(16, 8, '2026-04-17', '08:30:00', '16:36:00', 0),
(16, 8, '2026-04-20', '07:53:00', '18:45:00', 1),
(16, 8, '2026-04-21', '09:05:00', '18:38:00', 1.50),
(16, 8, '2026-04-22', '08:57:00', '17:10:00', 0.50),
(16, 8, '2026-04-23', '09:09:00', '18:48:00', 2),
(16, 8, '2026-04-24', '08:10:00', '18:58:00', 1),
(16, 8, '2026-04-27', '08:21:00', '18:45:00', 1),
(16, 8, '2026-04-28', '07:33:00', '18:07:00', 0),
(16, 8, '2026-04-29', '07:28:00', '18:37:00', 2),
(16, 8, '2026-04-30', '09:02:00', '16:19:00', 0),
(16, 8, '2026-05-01', '08:57:00', '16:29:00', 0),
(16, 8, '2026-05-04', '09:09:00', '17:59:00', 1),
(16, 8, '2026-05-05', '08:50:00', '16:27:00', 2),
(16, 8, '2026-05-06', '07:33:00', '17:33:00', 0),
(16, 8, '2026-05-07', '09:13:00', '18:01:00', 0),
(16, 8, '2026-05-08', '08:48:00', '17:54:00', 0),
(16, 8, '2026-05-11', '09:15:00', '18:31:00', 0),
(16, 8, '2026-05-12', '08:36:00', '16:56:00', 0),
(16, 8, '2026-05-13', '09:05:00', '16:28:00', 2),
(16, 8, '2026-05-14', '08:20:00', '16:35:00', 1.50),
(16, 8, '2026-05-15', '09:13:00', '16:52:00', 1),
(16, 8, '2026-05-18', '09:00:00', '18:29:00', 0),
(16, 8, '2026-05-19', '09:06:00', '16:43:00', 1.50),
(16, 8, '2026-05-20', NULL, NULL, 0),
(16, 8, '2026-05-21', '07:36:00', '16:50:00', 0),
(16, 8, '2026-05-22', NULL, NULL, 0),
(16, 8, '2026-05-25', '09:08:00', '18:30:00', 0.50),
(16, 8, '2026-05-26', '08:22:00', '16:15:00', 1.50),
(16, 8, '2026-05-27', NULL, NULL, 0),
(16, 8, '2026-05-28', '09:03:00', '18:45:00', 0),
(16, 8, '2026-05-29', NULL, NULL, 0),
(16, 8, '2026-06-01', '07:19:00', '16:45:00', 2),
(16, 8, '2026-06-02', '07:57:00', '17:59:00', 2),
(16, 8, '2026-06-03', '08:08:00', '17:05:00', 0),
(16, 8, '2026-06-04', '09:12:00', '18:15:00', 0),
(16, 8, '2026-06-05', '09:03:00', '18:00:00', 1),
(16, 8, '2026-06-08', '08:05:00', '17:40:00', 0.50),
(16, 8, '2026-06-09', '07:05:00', '18:21:00', 1.50),
(16, 8, '2026-06-10', '07:37:00', '17:36:00', 0),
(16, 8, '2026-06-11', '07:06:00', '17:18:00', 0),
(16, 8, '2026-06-12', '09:01:00', '18:08:00', 0),
(16, 8, '2026-06-15', '07:29:00', '16:54:00', 0),
(16, 8, '2026-06-16', '08:49:00', '18:24:00', 1.50),
(16, 8, '2026-06-17', NULL, NULL, 0),
(16, 8, '2026-06-18', '08:11:00', '18:05:00', 1.50),
(16, 8, '2026-06-19', '08:04:00', '18:43:00', 1.50),
(16, 8, '2026-06-22', '07:39:00', '18:29:00', 1),
(16, 8, '2026-06-23', '07:21:00', '18:55:00', 0.50),
(16, 8, '2026-06-24', '08:02:00', '17:07:00', 0),
(16, 8, '2026-06-25', '09:00:00', '16:31:00', 0),
(16, 8, '2026-06-26', NULL, NULL, 0),
(16, 8, '2026-06-29', '08:13:00', '17:08:00', 0),
(16, 8, '2026-06-30', '08:43:00', '17:29:00', 0),
(16, 8, '2026-07-01', '09:14:00', '18:20:00', 0),
(16, 8, '2026-07-02', '09:01:00', '17:31:00', 1.50),
(16, 8, '2026-07-03', '09:00:00', '18:11:00', 0),
(16, 8, '2026-07-06', '08:39:00', '18:29:00', 0.50),
(16, 8, '2026-07-07', '08:07:00', '18:15:00', 1),
(16, 8, '2026-07-08', '08:08:00', '17:07:00', 2),
(16, 8, '2026-07-09', '07:01:00', '18:27:00', 0),
(16, 8, '2026-07-10', '08:53:00', '17:49:00', 0),
(16, 8, '2026-07-13', '07:37:00', '18:48:00', 0),
(16, 8, '2026-07-14', '07:35:00', '17:28:00', 1),
(16, 8, '2026-07-15', '07:46:00', '16:13:00', 1.50),
(16, 8, '2026-07-16', '08:28:00', '16:53:00', 0.50),
(17, 8, '2026-01-16', '09:00:00', '18:00:00', 0),
(17, 8, '2026-01-19', '08:12:00', '18:52:00', 1.50),
(17, 8, '2026-01-20', '07:34:00', '16:25:00', 0),
(17, 8, '2026-01-21', '07:02:00', '17:04:00', 0),
(17, 8, '2026-01-22', '07:57:00', '16:39:00', 0),
(17, 8, '2026-01-23', '08:28:00', '17:08:00', 0),
(17, 8, '2026-01-26', '08:04:00', '16:03:00', 2),
(17, 8, '2026-01-27', '09:03:00', '18:13:00', 0),
(17, 8, '2026-01-28', '07:53:00', '18:41:00', 0),
(17, 8, '2026-01-29', '08:45:00', '18:19:00', 0),
(17, 8, '2026-01-30', '07:09:00', '17:34:00', 2),
(17, 8, '2026-02-02', NULL, NULL, 0),
(17, 8, '2026-02-03', '09:04:00', '18:24:00', 0.50),
(17, 8, '2026-02-04', '09:06:00', '16:11:00', 1),
(17, 8, '2026-02-05', '08:53:00', '17:50:00', 0),
(17, 8, '2026-02-06', '07:16:00', '18:41:00', 0),
(17, 8, '2026-02-09', '07:06:00', '18:53:00', 0),
(17, 8, '2026-02-10', NULL, NULL, 0),
(17, 8, '2026-02-11', '09:03:00', '18:24:00', 0),
(17, 8, '2026-02-12', NULL, NULL, 0),
(17, 8, '2026-02-13', NULL, NULL, 0),
(17, 8, '2026-02-16', '08:44:00', '18:10:00', 0),
(17, 8, '2026-02-17', '07:49:00', '16:02:00', 1),
(17, 8, '2026-02-18', '07:25:00', '17:46:00', 0),
(17, 8, '2026-02-19', '08:12:00', '17:34:00', 0),
(17, 8, '2026-02-20', NULL, NULL, 0),
(17, 8, '2026-02-23', '09:00:00', '16:06:00', 2),
(17, 8, '2026-02-24', '08:51:00', '18:00:00', 0),
(17, 8, '2026-02-25', '07:39:00', '17:05:00', 0),
(17, 8, '2026-02-26', '07:41:00', '17:10:00', 0),
(17, 8, '2026-02-27', '07:34:00', '17:36:00', 0),
(17, 8, '2026-03-02', '08:56:00', '16:41:00', 1.50),
(17, 8, '2026-03-03', '07:07:00', '16:51:00', 0.50),
(17, 8, '2026-03-04', '09:08:00', '18:26:00', 0),
(17, 8, '2026-03-05', '07:36:00', '16:35:00', 0),
(17, 8, '2026-03-06', '07:29:00', '17:19:00', 0),
(17, 8, '2026-03-09', '07:52:00', '16:48:00', 0.50),
(17, 8, '2026-03-10', '07:11:00', '17:09:00', 0),
(17, 8, '2026-03-11', '07:09:00', '17:11:00', 0),
(17, 8, '2026-03-12', '08:48:00', '16:09:00', 0),
(17, 8, '2026-03-13', '08:47:00', '17:51:00', 2),
(17, 8, '2026-03-16', '08:39:00', '16:13:00', 0),
(17, 8, '2026-03-17', '09:10:00', '16:14:00', 0),
(17, 8, '2026-03-18', '07:41:00', '17:38:00', 0.50),
(17, 8, '2026-03-19', '07:43:00', '16:17:00', 1),
(17, 8, '2026-03-20', '08:37:00', '18:22:00', 0),
(17, 8, '2026-03-23', '07:06:00', '16:36:00', 0),
(17, 8, '2026-03-24', '09:02:00', '16:51:00', 1.50),
(17, 8, '2026-03-25', '08:48:00', '18:18:00', 1.50),
(17, 8, '2026-03-26', '09:13:00', '16:13:00', 2),
(17, 8, '2026-03-27', '07:58:00', '16:32:00', 0.50),
(17, 8, '2026-03-30', '08:01:00', '18:47:00', 0),
(17, 8, '2026-03-31', '09:02:00', '18:07:00', 0),
(17, 8, '2026-04-01', '09:04:00', '16:27:00', 0.50),
(17, 8, '2026-04-02', NULL, NULL, 0),
(17, 8, '2026-04-03', '09:06:00', '17:38:00', 0),
(17, 8, '2026-04-06', '08:14:00', '17:34:00', 0.50),
(17, 8, '2026-04-07', '08:28:00', '16:32:00', 0),
(17, 8, '2026-04-08', '09:13:00', '17:17:00', 1.50),
(17, 8, '2026-04-09', '09:00:00', '16:04:00', 0),
(17, 8, '2026-04-10', '09:04:00', '16:22:00', 1),
(17, 8, '2026-04-13', NULL, NULL, 0),
(17, 8, '2026-04-14', '07:00:00', '16:01:00', 0),
(17, 8, '2026-04-15', '08:15:00', '17:47:00', 1.50),
(17, 8, '2026-04-16', '09:07:00', '18:00:00', 0),
(17, 8, '2026-04-17', '09:02:00', '16:16:00', 0),
(17, 8, '2026-04-20', '07:01:00', '18:54:00', 0),
(17, 8, '2026-04-21', '09:04:00', '16:08:00', 2),
(17, 8, '2026-04-22', '08:47:00', '18:43:00', 2),
(17, 8, '2026-04-23', '09:02:00', '17:00:00', 1),
(17, 8, '2026-04-24', '07:54:00', '18:27:00', 2),
(17, 8, '2026-04-27', '08:15:00', '16:03:00', 0),
(17, 8, '2026-04-28', '09:08:00', '18:14:00', 0),
(17, 8, '2026-04-29', '07:46:00', '16:28:00', 0),
(17, 8, '2026-04-30', '09:02:00', '17:05:00', 1),
(17, 8, '2026-05-01', '08:32:00', '16:48:00', 0.50),
(17, 8, '2026-05-04', '07:12:00', '18:16:00', 0),
(17, 8, '2026-05-05', '07:20:00', '16:17:00', 1.50),
(17, 8, '2026-05-06', '08:20:00', '17:36:00', 0.50),
(17, 8, '2026-05-07', '09:12:00', '17:28:00', 0),
(17, 8, '2026-05-08', '07:03:00', '18:08:00', 0.50),
(17, 8, '2026-05-11', '09:01:00', '16:45:00', 0),
(17, 8, '2026-05-12', '07:58:00', '16:41:00', 0),
(17, 8, '2026-05-13', '09:09:00', '16:09:00', 1.50),
(17, 8, '2026-05-14', '09:02:00', '17:16:00', 1),
(17, 8, '2026-05-15', '08:14:00', '17:40:00', 0),
(17, 8, '2026-05-18', '07:59:00', '16:22:00', 2),
(17, 8, '2026-05-19', NULL, NULL, 0),
(17, 8, '2026-05-20', '07:39:00', '16:49:00', 0),
(17, 8, '2026-05-21', '08:06:00', '18:07:00', 1.50),
(17, 8, '2026-05-22', '09:11:00', '18:20:00', 1),
(17, 8, '2026-05-25', '08:42:00', '17:07:00', 0),
(17, 8, '2026-05-26', '09:11:00', '16:03:00', 0.50),
(17, 8, '2026-05-27', '07:03:00', '16:08:00', 0),
(17, 8, '2026-05-28', '08:05:00', '16:05:00', 0),
(17, 8, '2026-05-29', '07:36:00', '18:59:00', 1.50),
(17, 8, '2026-06-01', '07:08:00', '16:41:00', 0.50),
(17, 8, '2026-06-02', '09:00:00', '17:47:00', 1.50),
(17, 8, '2026-06-03', '08:14:00', '18:58:00', 0.50),
(17, 8, '2026-06-04', '09:02:00', '17:41:00', 0),
(17, 8, '2026-06-05', '08:26:00', '16:54:00', 0.50),
(17, 8, '2026-06-08', '07:06:00', '18:05:00', 1),
(17, 8, '2026-06-09', '08:31:00', '18:47:00', 0),
(17, 8, '2026-06-10', '08:31:00', '16:16:00', 0),
(17, 8, '2026-06-11', '08:05:00', '17:26:00', 0),
(17, 8, '2026-06-12', '08:48:00', '16:47:00', 0),
(17, 8, '2026-06-15', '09:11:00', '17:28:00', 0),
(17, 8, '2026-06-16', '08:45:00', '17:59:00', 1),
(17, 8, '2026-06-17', '08:09:00', '16:17:00', 0),
(17, 8, '2026-06-18', '09:14:00', '17:54:00', 2),
(17, 8, '2026-06-19', '08:50:00', '18:18:00', 2),
(17, 8, '2026-06-22', '07:42:00', '16:37:00', 0),
(17, 8, '2026-06-23', '08:00:00', '16:26:00', 0),
(17, 8, '2026-06-24', '08:32:00', '18:30:00', 0.50),
(17, 8, '2026-06-25', '07:15:00', '17:55:00', 0.50),
(17, 8, '2026-06-26', '08:03:00', '17:46:00', 1.50),
(17, 8, '2026-06-29', '08:35:00', '16:07:00', 0),
(17, 8, '2026-06-30', '09:08:00', '18:47:00', 1),
(17, 8, '2026-07-01', '08:36:00', '16:01:00', 1.50),
(17, 8, '2026-07-02', '08:51:00', '17:41:00', 0);
INSERT INTO attendance (employee_id, recorded_by, date, clock_in, clock_out, overtime_hours) VALUES
(17, 8, '2026-07-03', '07:42:00', '18:39:00', 2),
(17, 8, '2026-07-06', '09:02:00', '18:09:00', 2),
(17, 8, '2026-07-07', '09:07:00', '17:14:00', 1),
(17, 8, '2026-07-08', '08:32:00', '18:51:00', 0),
(17, 8, '2026-07-09', '09:08:00', '18:51:00', 1.50),
(17, 8, '2026-07-10', '08:25:00', '17:55:00', 0),
(17, 8, '2026-07-13', '07:52:00', '16:02:00', 0),
(17, 8, '2026-07-14', '08:19:00', '16:42:00', 0.50),
(17, 8, '2026-07-15', '09:11:00', '16:55:00', 0),
(17, 8, '2026-07-16', '08:03:00', '17:39:00', 1.50),
(18, 8, '2026-01-16', NULL, NULL, 0),
(18, 8, '2026-01-19', '08:09:00', '16:45:00', 1.50),
(18, 8, '2026-01-20', NULL, NULL, 0),
(18, 8, '2026-01-21', '07:03:00', '18:12:00', 0),
(18, 8, '2026-01-22', '09:01:00', '16:05:00', 0.50),
(18, 8, '2026-01-23', NULL, NULL, 0),
(18, 8, '2026-01-26', NULL, NULL, 0),
(18, 8, '2026-01-27', '08:52:00', '16:15:00', 0),
(18, 8, '2026-01-28', '08:47:00', '16:37:00', 2),
(18, 8, '2026-01-29', '09:01:00', '18:06:00', 1.50),
(18, 8, '2026-01-30', '07:48:00', '17:43:00', 0),
(18, 8, '2026-02-02', '08:06:00', '18:41:00', 0.50),
(18, 8, '2026-02-03', '09:10:00', '17:58:00', 0),
(18, 8, '2026-02-04', '07:13:00', '17:21:00', 0),
(18, 8, '2026-02-05', '07:45:00', '16:01:00', 2),
(18, 8, '2026-02-06', '09:14:00', '18:47:00', 0),
(18, 8, '2026-02-09', '08:38:00', '16:45:00', 0),
(18, 8, '2026-02-10', '08:06:00', '17:01:00', 0),
(18, 8, '2026-02-11', '08:53:00', '16:08:00', 0),
(18, 8, '2026-02-12', '09:12:00', '17:30:00', 2),
(18, 8, '2026-02-13', '09:12:00', '17:21:00', 0),
(18, 8, '2026-02-16', NULL, NULL, 0),
(18, 8, '2026-02-17', '09:03:00', '16:11:00', 0.50),
(18, 8, '2026-02-18', '09:11:00', '17:29:00', 0),
(18, 8, '2026-02-19', NULL, NULL, 0),
(18, 8, '2026-02-20', '09:09:00', '16:51:00', 0),
(18, 8, '2026-02-23', '08:11:00', '16:52:00', 0),
(18, 8, '2026-02-24', '07:50:00', '17:38:00', 1.50),
(18, 8, '2026-02-25', '08:16:00', '17:42:00', 2),
(18, 8, '2026-02-26', NULL, NULL, 0),
(18, 8, '2026-02-27', '09:11:00', '16:27:00', 0),
(18, 8, '2026-03-02', '08:44:00', '18:56:00', 0),
(18, 8, '2026-03-03', '07:47:00', '16:53:00', 1.50),
(18, 8, '2026-03-04', '07:24:00', '16:00:00', 2),
(18, 8, '2026-03-05', '07:12:00', '17:02:00', 0.50),
(18, 8, '2026-03-06', '07:18:00', '16:44:00', 0),
(18, 8, '2026-03-09', '07:36:00', '16:18:00', 0.50),
(18, 8, '2026-03-10', '07:01:00', '16:19:00', 0),
(18, 8, '2026-03-11', '09:02:00', '16:20:00', 0),
(18, 8, '2026-03-12', NULL, NULL, 0),
(18, 8, '2026-03-13', '07:24:00', '17:46:00', 1),
(18, 8, '2026-03-16', '09:12:00', '18:18:00', 1.50),
(18, 8, '2026-03-17', '07:14:00', '18:55:00', 1),
(18, 8, '2026-03-18', '09:05:00', '16:00:00', 1),
(18, 8, '2026-03-19', NULL, NULL, 0),
(18, 8, '2026-03-20', '08:58:00', '17:26:00', 0.50),
(18, 8, '2026-03-23', '07:31:00', '18:52:00', 1.50),
(18, 8, '2026-03-24', '07:20:00', '17:15:00', 1),
(18, 8, '2026-03-25', '07:08:00', '18:49:00', 0),
(18, 8, '2026-03-26', '08:21:00', '16:08:00', 0),
(18, 8, '2026-03-27', '09:03:00', '17:23:00', 0.50),
(18, 8, '2026-03-30', '09:02:00', '18:51:00', 2),
(18, 8, '2026-03-31', '09:00:00', '16:18:00', 0.50),
(18, 8, '2026-04-01', '09:11:00', '17:27:00', 2),
(18, 8, '2026-04-02', '07:22:00', '16:28:00', 0),
(18, 8, '2026-04-03', NULL, NULL, 0),
(18, 8, '2026-04-06', '09:03:00', '17:24:00', 0.50),
(18, 8, '2026-04-07', '08:34:00', '18:48:00', 0),
(18, 8, '2026-04-08', '09:03:00', '16:06:00', 2),
(18, 8, '2026-04-09', '07:33:00', '16:49:00', 0),
(18, 8, '2026-04-10', '08:52:00', '16:53:00', 0.50),
(18, 8, '2026-04-13', '08:45:00', '17:42:00', 0),
(18, 8, '2026-04-14', '07:36:00', '16:21:00', 0.50),
(18, 8, '2026-04-15', '08:43:00', '18:25:00', 0),
(18, 8, '2026-04-16', '07:35:00', '18:53:00', 0.50),
(18, 8, '2026-04-17', '08:26:00', '17:16:00', 0),
(18, 8, '2026-04-20', NULL, NULL, 0),
(18, 8, '2026-04-21', '08:43:00', '16:09:00', 2),
(18, 8, '2026-04-22', '09:13:00', '17:13:00', 1.50),
(18, 8, '2026-04-23', '09:08:00', '17:38:00', 0),
(18, 8, '2026-04-24', '09:15:00', '18:03:00', 1.50),
(18, 8, '2026-04-27', '09:01:00', '17:33:00', 1.50),
(18, 8, '2026-04-28', '07:11:00', '16:44:00', 1),
(18, 8, '2026-04-29', '07:16:00', '16:22:00', 0),
(18, 8, '2026-04-30', '09:04:00', '17:12:00', 1.50),
(18, 8, '2026-05-01', '08:38:00', '17:27:00', 0.50),
(18, 8, '2026-05-04', '08:12:00', '18:41:00', 1),
(18, 8, '2026-05-05', '07:47:00', '17:32:00', 2),
(18, 8, '2026-05-06', '08:22:00', '17:10:00', 1.50),
(18, 8, '2026-05-07', '09:00:00', '16:53:00', 0.50),
(18, 8, '2026-05-08', '07:30:00', '16:55:00', 1.50),
(18, 8, '2026-05-11', '07:29:00', '18:13:00', 0),
(18, 8, '2026-05-12', '07:11:00', '18:09:00', 2),
(18, 8, '2026-05-13', '07:53:00', '17:53:00', 1),
(18, 8, '2026-05-14', '08:27:00', '18:07:00', 2),
(18, 8, '2026-05-15', '07:03:00', '17:10:00', 1),
(18, 8, '2026-05-18', '08:53:00', '18:25:00', 0),
(18, 8, '2026-05-19', NULL, NULL, 0),
(18, 8, '2026-05-20', '07:53:00', '17:37:00', 0),
(18, 8, '2026-05-21', '07:11:00', '16:57:00', 0),
(18, 8, '2026-05-22', '09:00:00', '16:56:00', 0.50),
(18, 8, '2026-05-25', '08:17:00', '17:53:00', 0),
(18, 8, '2026-05-26', '09:01:00', '16:28:00', 2),
(18, 8, '2026-05-27', '07:58:00', '16:51:00', 0),
(18, 8, '2026-05-28', '07:28:00', '16:56:00', 1),
(18, 8, '2026-05-29', '07:18:00', '18:12:00', 0),
(18, 8, '2026-06-01', '08:11:00', '17:58:00', 0.50),
(18, 8, '2026-06-02', '07:54:00', '16:55:00', 2),
(18, 8, '2026-06-03', '08:50:00', '17:27:00', 0),
(18, 8, '2026-06-04', '07:34:00', '16:36:00', 0),
(18, 8, '2026-06-05', '08:16:00', '16:10:00', 1),
(18, 8, '2026-06-08', '09:10:00', '16:44:00', 0),
(18, 8, '2026-06-09', '07:08:00', '17:44:00', 0),
(18, 8, '2026-06-10', '08:11:00', '18:55:00', 0),
(18, 8, '2026-06-11', '09:07:00', '17:14:00', 1),
(18, 8, '2026-06-12', '08:49:00', '18:52:00', 1.50),
(18, 8, '2026-06-15', '08:45:00', '17:28:00', 1.50),
(18, 8, '2026-06-16', '07:29:00', '16:35:00', 0.50),
(18, 8, '2026-06-17', '07:37:00', '17:16:00', 1),
(18, 8, '2026-06-18', NULL, NULL, 0),
(18, 8, '2026-06-19', '09:13:00', '17:52:00', 0),
(18, 8, '2026-06-22', '08:23:00', '17:54:00', 0),
(18, 8, '2026-06-23', '09:00:00', '18:45:00', 0),
(18, 8, '2026-06-24', '07:38:00', '16:10:00', 0),
(18, 8, '2026-06-25', '08:49:00', '17:56:00', 0),
(18, 8, '2026-06-26', '08:16:00', '18:36:00', 0),
(18, 8, '2026-06-29', '07:57:00', '16:22:00', 0),
(18, 8, '2026-06-30', '07:00:00', '16:15:00', 1),
(18, 8, '2026-07-01', '07:51:00', '17:57:00', 1),
(18, 8, '2026-07-02', '07:07:00', '18:56:00', 0),
(18, 8, '2026-07-03', '08:21:00', '18:43:00', 0),
(18, 8, '2026-07-06', '08:37:00', '18:52:00', 0.50),
(18, 8, '2026-07-07', '07:39:00', '16:48:00', 0),
(18, 8, '2026-07-08', '07:18:00', '16:25:00', 0),
(18, 8, '2026-07-09', '07:00:00', '18:01:00', 1),
(18, 8, '2026-07-10', '09:07:00', '16:08:00', 0.50),
(18, 8, '2026-07-13', '07:10:00', '18:03:00', 2),
(18, 8, '2026-07-14', '09:10:00', '18:38:00', 0),
(18, 8, '2026-07-15', '07:09:00', '16:31:00', 1.50),
(18, 8, '2026-07-16', '08:29:00', '17:37:00', 1),
(19, 8, '2026-01-16', '07:58:00', '16:24:00', 0),
(19, 8, '2026-01-19', '08:41:00', '16:36:00', 0),
(19, 8, '2026-01-20', '08:39:00', '16:37:00', 0),
(19, 8, '2026-01-21', '08:04:00', '18:14:00', 0),
(19, 8, '2026-01-22', '07:46:00', '17:08:00', 1.50),
(19, 8, '2026-01-23', '08:30:00', '17:09:00', 1.50),
(19, 8, '2026-01-26', '07:57:00', '16:44:00', 0),
(19, 8, '2026-01-27', '08:07:00', '17:51:00', 0),
(19, 8, '2026-01-28', NULL, NULL, 0),
(19, 8, '2026-01-29', '07:42:00', '18:56:00', 0.50),
(19, 8, '2026-01-30', '07:17:00', '16:12:00', 0),
(19, 8, '2026-02-02', '07:22:00', '18:14:00', 1),
(19, 8, '2026-02-03', '08:06:00', '17:13:00', 0),
(19, 8, '2026-02-04', '09:06:00', '17:15:00', 0),
(19, 8, '2026-02-05', '08:31:00', '18:29:00', 0),
(19, 8, '2026-02-06', '09:08:00', '17:44:00', 0.50),
(19, 8, '2026-02-09', '07:05:00', '18:34:00', 0),
(19, 8, '2026-02-10', '08:40:00', '18:20:00', 0),
(19, 8, '2026-02-11', '09:00:00', '17:49:00', 2),
(19, 8, '2026-02-12', '08:31:00', '18:24:00', 0),
(19, 8, '2026-02-13', '07:48:00', '16:37:00', 1.50),
(19, 8, '2026-02-16', '08:55:00', '18:03:00', 0),
(19, 8, '2026-02-17', '09:09:00', '17:17:00', 0),
(19, 8, '2026-02-18', '08:40:00', '18:50:00', 1),
(19, 8, '2026-02-19', '09:12:00', '18:34:00', 0),
(19, 8, '2026-02-20', '08:44:00', '17:45:00', 2),
(19, 8, '2026-02-23', '07:01:00', '18:32:00', 0.50),
(19, 8, '2026-02-24', '07:42:00', '18:49:00', 0),
(19, 8, '2026-02-25', '07:55:00', '18:55:00', 1),
(19, 8, '2026-02-26', '07:50:00', '18:25:00', 0),
(19, 8, '2026-02-27', '07:11:00', '17:00:00', 0),
(19, 8, '2026-03-02', '08:46:00', '18:59:00', 1.50),
(19, 8, '2026-03-03', '08:28:00', '16:35:00', 1.50),
(19, 8, '2026-03-04', '08:56:00', '16:41:00', 0),
(19, 8, '2026-03-05', '07:50:00', '16:15:00', 0.50),
(19, 8, '2026-03-06', '09:05:00', '18:00:00', 0),
(19, 8, '2026-03-09', '09:12:00', '16:53:00', 2),
(19, 8, '2026-03-10', NULL, NULL, 0),
(19, 8, '2026-03-11', '07:16:00', '17:52:00', 0),
(19, 8, '2026-03-12', '08:27:00', '16:11:00', 0),
(19, 8, '2026-03-13', '08:41:00', '16:01:00', 0),
(19, 8, '2026-03-16', '07:47:00', '16:36:00', 0),
(19, 8, '2026-03-17', '07:34:00', '18:11:00', 0),
(19, 8, '2026-03-18', '08:05:00', '16:37:00', 0),
(19, 8, '2026-03-19', '07:44:00', '16:26:00', 0),
(19, 8, '2026-03-20', '07:29:00', '17:42:00', 0),
(19, 8, '2026-03-23', '08:25:00', '16:59:00', 1.50),
(19, 8, '2026-03-24', '07:30:00', '17:55:00', 0),
(19, 8, '2026-03-25', '07:45:00', '18:45:00', 1),
(19, 8, '2026-03-26', NULL, NULL, 0),
(19, 8, '2026-03-27', '07:29:00', '16:12:00', 0.50),
(19, 8, '2026-03-30', '08:52:00', '17:42:00', 0),
(19, 8, '2026-03-31', '09:07:00', '16:55:00', 0),
(19, 8, '2026-04-01', '07:00:00', '18:59:00', 0.50),
(19, 8, '2026-04-02', '07:27:00', '17:08:00', 0),
(19, 8, '2026-04-03', '08:22:00', '17:57:00', 0.50),
(19, 8, '2026-04-06', '09:12:00', '17:11:00', 2),
(19, 8, '2026-04-07', '08:33:00', '17:30:00', 1.50),
(19, 8, '2026-04-08', '07:27:00', '18:13:00', 0.50),
(19, 8, '2026-04-09', '07:39:00', '16:52:00', 0.50);
INSERT INTO attendance (employee_id, recorded_by, date, clock_in, clock_out, overtime_hours) VALUES
(19, 8, '2026-04-10', '07:30:00', '17:54:00', 1),
(19, 8, '2026-04-13', '09:00:00', '16:53:00', 2),
(19, 8, '2026-04-14', '09:12:00', '16:19:00', 0),
(19, 8, '2026-04-15', NULL, NULL, 0),
(19, 8, '2026-04-16', '09:14:00', '17:19:00', 0.50),
(19, 8, '2026-04-17', '07:49:00', '17:10:00', 0),
(19, 8, '2026-04-20', '08:49:00', '17:50:00', 0),
(19, 8, '2026-04-21', '08:36:00', '17:28:00', 0),
(19, 8, '2026-04-22', '08:49:00', '18:23:00', 0),
(19, 8, '2026-04-23', '07:26:00', '18:36:00', 0),
(19, 8, '2026-04-24', '08:11:00', '16:33:00', 1.50),
(19, 8, '2026-04-27', '08:04:00', '18:00:00', 0),
(19, 8, '2026-04-28', '07:32:00', '17:40:00', 1),
(19, 8, '2026-04-29', '08:11:00', '16:25:00', 0.50),
(19, 8, '2026-04-30', '09:00:00', '16:37:00', 0),
(19, 8, '2026-05-01', '07:16:00', '18:27:00', 0),
(19, 8, '2026-05-04', '09:13:00', '18:06:00', 0.50),
(19, 8, '2026-05-05', '09:08:00', '17:13:00', 2),
(19, 8, '2026-05-06', NULL, NULL, 0),
(19, 8, '2026-05-07', '07:34:00', '17:53:00', 1),
(19, 8, '2026-05-08', '08:57:00', '17:54:00', 2),
(19, 8, '2026-05-11', '08:48:00', '16:25:00', 0),
(19, 8, '2026-05-12', '08:56:00', '18:05:00', 1),
(19, 8, '2026-05-13', '09:01:00', '16:09:00', 2),
(19, 8, '2026-05-14', '09:10:00', '18:53:00', 0),
(19, 8, '2026-05-15', NULL, NULL, 0),
(19, 8, '2026-05-18', '08:02:00', '18:29:00', 1.50),
(19, 8, '2026-05-19', NULL, NULL, 0),
(19, 8, '2026-05-20', '08:26:00', '17:02:00', 1),
(19, 8, '2026-05-21', '07:45:00', '16:28:00', 0.50),
(19, 8, '2026-05-22', '09:07:00', '16:01:00', 1.50),
(19, 8, '2026-05-25', '08:42:00', '16:01:00', 1.50),
(19, 8, '2026-05-26', '07:35:00', '16:11:00', 0),
(19, 8, '2026-05-27', '08:58:00', '18:41:00', 0.50),
(19, 8, '2026-05-28', '09:01:00', '18:28:00', 1.50),
(19, 8, '2026-05-29', '09:10:00', '18:38:00', 0),
(19, 8, '2026-06-01', '07:36:00', '17:13:00', 0.50),
(19, 8, '2026-06-02', '07:44:00', '18:44:00', 2),
(19, 8, '2026-06-03', '07:47:00', '17:51:00', 1),
(19, 8, '2026-06-04', '09:09:00', '18:08:00', 0),
(19, 8, '2026-06-05', '09:01:00', '17:41:00', 1.50),
(19, 8, '2026-06-08', '07:34:00', '17:43:00', 2),
(19, 8, '2026-06-09', NULL, NULL, 0),
(19, 8, '2026-06-10', '07:53:00', '16:48:00', 0),
(19, 8, '2026-06-11', '07:36:00', '18:57:00', 0),
(19, 8, '2026-06-12', '09:05:00', '18:53:00', 0),
(19, 8, '2026-06-15', '09:05:00', '17:07:00', 0),
(19, 8, '2026-06-16', '08:56:00', '16:49:00', 0),
(19, 8, '2026-06-17', '08:47:00', '16:34:00', 1.50),
(19, 8, '2026-06-18', '08:39:00', '17:10:00', 1.50),
(19, 8, '2026-06-19', '07:01:00', '16:45:00', 0),
(19, 8, '2026-06-22', '07:43:00', '16:20:00', 0.50),
(19, 8, '2026-06-23', '09:00:00', '16:18:00', 1),
(19, 8, '2026-06-24', '09:14:00', '16:24:00', 0),
(19, 8, '2026-06-25', '08:52:00', '18:28:00', 0),
(19, 8, '2026-06-26', NULL, NULL, 0),
(19, 8, '2026-06-29', '09:05:00', '17:14:00', 0.50),
(19, 8, '2026-06-30', '07:51:00', '16:44:00', 0),
(19, 8, '2026-07-01', '09:02:00', '17:46:00', 0),
(19, 8, '2026-07-02', '09:00:00', '17:40:00', 1.50),
(19, 8, '2026-07-03', '08:42:00', '16:43:00', 0),
(19, 8, '2026-07-06', '09:01:00', '16:24:00', 0.50),
(19, 8, '2026-07-07', '09:04:00', '18:32:00', 0),
(19, 8, '2026-07-08', '07:28:00', '16:07:00', 2),
(19, 8, '2026-07-09', NULL, NULL, 0),
(19, 8, '2026-07-10', '07:26:00', '18:19:00', 0),
(19, 8, '2026-07-13', '07:13:00', '16:32:00', 0),
(19, 8, '2026-07-14', '07:29:00', '16:25:00', 0),
(19, 8, '2026-07-15', '09:05:00', '18:55:00', 0.50),
(19, 8, '2026-07-16', '09:00:00', '18:54:00', 0),
(20, 8, '2026-01-16', '09:10:00', '18:11:00', 2),
(20, 8, '2026-01-19', '07:04:00', '17:34:00', 0),
(20, 8, '2026-01-20', '09:03:00', '18:38:00', 1.50),
(20, 8, '2026-01-21', '07:51:00', '17:25:00', 1.50),
(20, 8, '2026-01-22', '09:02:00', '18:08:00', 0),
(20, 8, '2026-01-23', '07:29:00', '16:40:00', 0),
(20, 8, '2026-01-26', '08:12:00', '18:57:00', 0.50),
(20, 8, '2026-01-27', '07:20:00', '18:24:00', 0),
(20, 8, '2026-01-28', '08:33:00', '18:52:00', 2),
(20, 8, '2026-01-29', '07:11:00', '16:47:00', 0.50),
(20, 8, '2026-01-30', '09:09:00', '17:10:00', 1),
(20, 8, '2026-02-02', '09:01:00', '18:05:00', 0),
(20, 8, '2026-02-03', '08:23:00', '16:00:00', 0),
(20, 8, '2026-02-04', '08:36:00', '17:25:00', 0),
(20, 8, '2026-02-05', '08:41:00', '17:00:00', 0),
(20, 8, '2026-02-06', '08:15:00', '17:20:00', 0),
(20, 8, '2026-02-09', '09:01:00', '17:22:00', 0),
(20, 8, '2026-02-10', '08:16:00', '18:48:00', 0),
(20, 8, '2026-02-11', '08:50:00', '17:49:00', 0.50),
(20, 8, '2026-02-12', '07:55:00', '17:52:00', 0.50),
(20, 8, '2026-02-13', '09:04:00', '16:22:00', 2),
(20, 8, '2026-02-16', '07:33:00', '17:17:00', 1.50),
(20, 8, '2026-02-17', '07:08:00', '16:27:00', 0),
(20, 8, '2026-02-18', '08:38:00', '18:33:00', 1.50),
(20, 8, '2026-02-19', '07:08:00', '17:37:00', 0.50),
(20, 8, '2026-02-20', '08:58:00', '18:57:00', 0),
(20, 8, '2026-02-23', '07:16:00', '16:38:00', 1.50),
(20, 8, '2026-02-24', '08:36:00', '18:08:00', 0),
(20, 8, '2026-02-25', '08:04:00', '17:59:00', 1.50),
(20, 8, '2026-02-26', '08:24:00', '18:37:00', 0),
(20, 8, '2026-02-27', '09:07:00', '16:20:00', 2),
(20, 8, '2026-03-02', '08:35:00', '18:29:00', 2),
(20, 8, '2026-03-03', '07:23:00', '17:00:00', 0.50),
(20, 8, '2026-03-04', '08:33:00', '16:03:00', 0.50),
(20, 8, '2026-03-05', '07:06:00', '17:12:00', 0),
(20, 8, '2026-03-06', '09:05:00', '16:08:00', 1.50),
(20, 8, '2026-03-09', NULL, NULL, 0),
(20, 8, '2026-03-10', NULL, NULL, 0),
(20, 8, '2026-03-11', '08:03:00', '18:42:00', 2),
(20, 8, '2026-03-12', '07:53:00', '18:46:00', 0),
(20, 8, '2026-03-13', '08:47:00', '18:42:00', 0),
(20, 8, '2026-03-16', '08:46:00', '18:04:00', 0),
(20, 8, '2026-03-17', '07:13:00', '18:51:00', 2),
(20, 8, '2026-03-18', '09:15:00', '16:02:00', 1.50),
(20, 8, '2026-03-19', '09:09:00', '16:47:00', 0),
(20, 8, '2026-03-20', '07:21:00', '18:45:00', 0),
(20, 8, '2026-03-23', '07:14:00', '17:53:00', 0),
(20, 8, '2026-03-24', NULL, NULL, 0),
(20, 8, '2026-03-25', '08:27:00', '18:51:00', 0),
(20, 8, '2026-03-26', '08:35:00', '18:25:00', 0),
(20, 8, '2026-03-27', '09:01:00', '18:54:00', 1),
(20, 8, '2026-03-30', '07:56:00', '16:05:00', 2),
(20, 8, '2026-03-31', '07:40:00', '16:28:00', 1.50),
(20, 8, '2026-04-01', '09:10:00', '17:09:00', 0.50),
(20, 8, '2026-04-02', '07:19:00', '16:50:00', 0.50),
(20, 8, '2026-04-03', '07:45:00', '16:20:00', 0),
(20, 8, '2026-04-06', '09:12:00', '17:42:00', 1),
(20, 8, '2026-04-07', '07:00:00', '16:31:00', 2),
(20, 8, '2026-04-08', '09:10:00', '16:31:00', 1),
(20, 8, '2026-04-09', '08:05:00', '18:48:00', 0),
(20, 8, '2026-04-10', '07:44:00', '17:53:00', 0),
(20, 8, '2026-04-13', '09:06:00', '16:29:00', 0),
(20, 8, '2026-04-14', '09:11:00', '17:54:00', 0.50),
(20, 8, '2026-04-15', '08:18:00', '18:38:00', 0),
(20, 8, '2026-04-16', '08:27:00', '16:28:00', 1.50),
(20, 8, '2026-04-17', '07:20:00', '16:59:00', 0),
(20, 8, '2026-04-20', '08:26:00', '17:04:00', 0),
(20, 8, '2026-04-21', '09:02:00', '18:35:00', 1),
(20, 8, '2026-04-22', '09:15:00', '18:10:00', 1),
(20, 8, '2026-04-23', '08:24:00', '16:16:00', 0),
(20, 8, '2026-04-24', '07:35:00', '17:32:00', 0),
(20, 8, '2026-04-27', '09:02:00', '18:47:00', 0),
(20, 8, '2026-04-28', '08:16:00', '17:45:00', 1.50),
(20, 8, '2026-04-29', '07:38:00', '18:07:00', 1.50),
(20, 8, '2026-04-30', NULL, NULL, 0),
(20, 8, '2026-05-01', '08:00:00', '16:18:00', 0),
(20, 8, '2026-05-04', '07:45:00', '17:20:00', 0.50),
(20, 8, '2026-05-05', '08:01:00', '16:38:00', 0),
(20, 8, '2026-05-06', '09:01:00', '18:13:00', 1.50),
(20, 8, '2026-05-07', '07:49:00', '18:46:00', 0),
(20, 8, '2026-05-08', '08:58:00', '18:35:00', 1.50),
(20, 8, '2026-05-11', '08:40:00', '18:47:00', 0),
(20, 8, '2026-05-12', '09:00:00', '16:25:00', 1),
(20, 8, '2026-05-13', '09:02:00', '17:18:00', 1.50),
(20, 8, '2026-05-14', '07:55:00', '16:46:00', 0),
(20, 8, '2026-05-15', '08:08:00', '16:03:00', 0),
(20, 8, '2026-05-18', '08:19:00', '17:54:00', 0),
(20, 8, '2026-05-19', '09:01:00', '17:31:00', 0),
(20, 8, '2026-05-20', '09:15:00', '16:38:00', 0),
(20, 8, '2026-05-21', NULL, NULL, 0),
(20, 8, '2026-05-22', '07:38:00', '18:39:00', 0),
(20, 8, '2026-05-25', '09:09:00', '16:05:00', 0),
(20, 8, '2026-05-26', '07:51:00', '17:24:00', 0),
(20, 8, '2026-05-27', '09:10:00', '18:03:00', 1),
(20, 8, '2026-05-28', '08:15:00', '16:42:00', 0),
(20, 8, '2026-05-29', '09:01:00', '17:29:00', 0),
(20, 8, '2026-06-01', '08:14:00', '18:57:00', 2),
(20, 8, '2026-06-02', '08:30:00', '17:23:00', 0.50),
(20, 8, '2026-06-03', '09:01:00', '18:43:00', 0),
(20, 8, '2026-06-04', '07:05:00', '17:48:00', 0),
(20, 8, '2026-06-05', '09:04:00', '18:36:00', 1),
(20, 8, '2026-06-08', '09:13:00', '17:51:00', 1.50),
(20, 8, '2026-06-09', '07:55:00', '17:11:00', 0),
(20, 8, '2026-06-10', '09:00:00', '17:14:00', 0),
(20, 8, '2026-06-11', '08:04:00', '18:34:00', 0.50),
(20, 8, '2026-06-12', NULL, NULL, 0),
(20, 8, '2026-06-15', '09:14:00', '16:13:00', 1.50),
(20, 8, '2026-06-16', '07:21:00', '16:25:00', 0),
(20, 8, '2026-06-17', NULL, NULL, 0),
(20, 8, '2026-06-18', '08:53:00', '16:23:00', 0),
(20, 8, '2026-06-19', '09:02:00', '18:40:00', 1.50),
(20, 8, '2026-06-22', '07:39:00', '18:37:00', 0),
(20, 8, '2026-06-23', NULL, NULL, 0),
(20, 8, '2026-06-24', '07:37:00', '16:10:00', 0),
(20, 8, '2026-06-25', '07:40:00', '16:09:00', 1),
(20, 8, '2026-06-26', '09:10:00', '16:44:00', 0),
(20, 8, '2026-06-29', '08:48:00', '17:36:00', 2),
(20, 8, '2026-06-30', '08:14:00', '16:36:00', 0),
(20, 8, '2026-07-01', '07:03:00', '18:45:00', 1.50),
(20, 8, '2026-07-02', NULL, NULL, 0),
(20, 8, '2026-07-03', '08:22:00', '17:59:00', 0.50),
(20, 8, '2026-07-06', '08:51:00', '17:40:00', 0),
(20, 8, '2026-07-07', NULL, NULL, 0),
(20, 8, '2026-07-08', '09:09:00', '18:18:00', 1),
(20, 8, '2026-07-09', '07:07:00', '18:01:00', 0),
(20, 8, '2026-07-10', '09:11:00', '18:22:00', 0),
(20, 8, '2026-07-13', '08:48:00', '17:25:00', 1.50),
(20, 8, '2026-07-14', '07:38:00', '18:23:00', 0),
(20, 8, '2026-07-15', '09:01:00', '17:44:00', 1.50),
(20, 8, '2026-07-16', '07:51:00', '17:06:00', 1.50);
INSERT INTO attendance (employee_id, recorded_by, date, clock_in, clock_out, overtime_hours) VALUES
(21, 8, '2026-01-16', '08:34:00', '17:01:00', 2),
(21, 8, '2026-01-19', NULL, NULL, 0),
(21, 8, '2026-01-20', '09:09:00', '17:57:00', 1.50),
(21, 8, '2026-01-21', NULL, NULL, 0),
(21, 8, '2026-01-22', '07:23:00', '18:23:00', 0),
(21, 8, '2026-01-23', '07:43:00', '16:04:00', 2),
(21, 8, '2026-01-26', '09:02:00', '17:31:00', 0),
(21, 8, '2026-01-27', '07:22:00', '18:28:00', 0),
(21, 8, '2026-01-28', '07:16:00', '17:04:00', 0),
(21, 8, '2026-01-29', '08:19:00', '17:36:00', 0.50),
(21, 8, '2026-01-30', '08:16:00', '18:47:00', 1),
(21, 8, '2026-02-02', '09:10:00', '18:58:00', 2),
(21, 8, '2026-02-03', '08:46:00', '17:07:00', 0),
(21, 8, '2026-02-04', '09:12:00', '17:47:00', 0.50),
(21, 8, '2026-02-05', '08:37:00', '16:27:00', 1),
(21, 8, '2026-02-06', '07:35:00', '16:12:00', 1),
(21, 8, '2026-02-09', '08:16:00', '18:42:00', 2),
(21, 8, '2026-02-10', '07:23:00', '18:29:00', 0),
(21, 8, '2026-02-11', '07:47:00', '18:30:00', 2),
(21, 8, '2026-02-12', '07:34:00', '17:15:00', 0),
(21, 8, '2026-02-13', '07:36:00', '16:10:00', 0),
(21, 8, '2026-02-16', '08:31:00', '16:13:00', 0),
(21, 8, '2026-02-17', '07:44:00', '18:38:00', 2),
(21, 8, '2026-02-18', '09:08:00', '16:36:00', 1.50),
(21, 8, '2026-02-19', '07:11:00', '18:58:00', 0),
(21, 8, '2026-02-20', '07:52:00', '17:59:00', 2),
(21, 8, '2026-02-23', '09:05:00', '17:10:00', 2),
(21, 8, '2026-02-24', '07:39:00', '18:10:00', 0),
(21, 8, '2026-02-25', '08:41:00', '16:02:00', 0),
(21, 8, '2026-02-26', '07:01:00', '18:06:00', 0.50),
(21, 8, '2026-02-27', '07:04:00', '17:39:00', 0),
(21, 8, '2026-03-02', '07:33:00', '17:18:00', 0),
(21, 8, '2026-03-03', '08:31:00', '18:04:00', 0),
(21, 8, '2026-03-04', '07:51:00', '18:30:00', 1),
(21, 8, '2026-03-05', '07:21:00', '17:44:00', 1),
(21, 8, '2026-03-06', '08:03:00', '17:20:00', 1.50),
(21, 8, '2026-03-09', '09:02:00', '16:35:00', 0),
(21, 8, '2026-03-10', '07:45:00', '17:50:00', 0.50),
(21, 8, '2026-03-11', '07:43:00', '16:11:00', 1.50),
(21, 8, '2026-03-12', '09:04:00', '16:31:00', 2),
(21, 8, '2026-03-13', '07:13:00', '16:26:00', 0),
(21, 8, '2026-03-16', '08:59:00', '17:46:00', 2),
(21, 8, '2026-03-17', NULL, NULL, 0),
(21, 8, '2026-03-18', '07:13:00', '18:23:00', 0),
(21, 8, '2026-03-19', '07:21:00', '18:20:00', 0),
(21, 8, '2026-03-20', '08:08:00', '18:18:00', 0),
(21, 8, '2026-03-23', '07:40:00', '17:50:00', 0.50),
(21, 8, '2026-03-24', '07:57:00', '17:17:00', 0),
(21, 8, '2026-03-25', '08:30:00', '17:32:00', 0),
(21, 8, '2026-03-26', '08:08:00', '17:36:00', 0),
(21, 8, '2026-03-27', '08:53:00', '16:00:00', 0),
(21, 8, '2026-03-30', '08:12:00', '18:42:00', 1),
(21, 8, '2026-03-31', '08:56:00', '17:26:00', 0),
(21, 8, '2026-04-01', '08:17:00', '17:38:00', 2),
(21, 8, '2026-04-02', '07:06:00', '18:59:00', 0),
(21, 8, '2026-04-03', '09:15:00', '18:36:00', 0.50),
(21, 8, '2026-04-06', '09:02:00', '17:38:00', 1.50),
(21, 8, '2026-04-07', NULL, NULL, 0),
(21, 8, '2026-04-08', '08:52:00', '17:00:00', 0.50),
(21, 8, '2026-04-09', '09:13:00', '16:52:00', 1.50),
(21, 8, '2026-04-10', '08:18:00', '16:08:00', 0),
(21, 8, '2026-04-13', '09:12:00', '16:08:00', 0),
(21, 8, '2026-04-14', '09:02:00', '18:55:00', 0),
(21, 8, '2026-04-15', '08:35:00', '17:14:00', 0.50),
(21, 8, '2026-04-16', NULL, NULL, 0),
(21, 8, '2026-04-17', '07:43:00', '17:27:00', 0),
(21, 8, '2026-04-20', '07:52:00', '18:33:00', 0.50),
(21, 8, '2026-04-21', '08:11:00', '18:10:00', 1),
(21, 8, '2026-04-22', '08:47:00', '18:44:00', 2),
(21, 8, '2026-04-23', '09:04:00', '16:13:00', 2),
(21, 8, '2026-04-24', '09:15:00', '16:21:00', 0.50),
(21, 8, '2026-04-27', '09:03:00', '17:44:00', 0),
(21, 8, '2026-04-28', '07:44:00', '18:16:00', 1),
(21, 8, '2026-04-29', '08:47:00', '18:38:00', 0.50),
(21, 8, '2026-04-30', '09:13:00', '18:28:00', 0.50),
(21, 8, '2026-05-01', '08:12:00', '18:34:00', 0),
(21, 8, '2026-05-04', '09:14:00', '16:12:00', 1.50),
(21, 8, '2026-05-05', '07:53:00', '18:03:00', 0),
(21, 8, '2026-05-06', '08:25:00', '16:00:00', 0),
(21, 8, '2026-05-07', '08:57:00', '17:46:00', 2),
(21, 8, '2026-05-08', '08:17:00', '17:31:00', 1.50),
(21, 8, '2026-05-11', '08:56:00', '17:22:00', 0),
(21, 8, '2026-05-12', '07:16:00', '17:27:00', 0.50),
(21, 8, '2026-05-13', NULL, NULL, 0),
(21, 8, '2026-05-14', NULL, NULL, 0),
(21, 8, '2026-05-15', '08:33:00', '17:51:00', 0),
(21, 8, '2026-05-18', '07:22:00', '16:26:00', 1.50),
(21, 8, '2026-05-19', '08:06:00', '16:11:00', 0.50),
(21, 8, '2026-05-20', '08:04:00', '18:37:00', 2),
(21, 8, '2026-05-21', '07:09:00', '16:12:00', 1.50),
(21, 8, '2026-05-22', '08:01:00', '18:49:00', 0),
(21, 8, '2026-05-25', '08:55:00', '16:46:00', 0),
(21, 8, '2026-05-26', '07:26:00', '16:02:00', 0.50),
(21, 8, '2026-05-27', '08:09:00', '16:32:00', 1.50),
(21, 8, '2026-05-28', '07:51:00', '18:21:00', 0),
(21, 8, '2026-05-29', '09:07:00', '16:38:00', 0.50),
(21, 8, '2026-06-01', '07:17:00', '18:37:00', 0),
(21, 8, '2026-06-02', '08:40:00', '16:52:00', 2),
(21, 8, '2026-06-03', '09:15:00', '16:53:00', 0.50),
(21, 8, '2026-06-04', '07:35:00', '17:07:00', 0),
(21, 8, '2026-06-05', '09:00:00', '17:20:00', 0),
(21, 8, '2026-06-08', '08:48:00', '17:48:00', 2),
(21, 8, '2026-06-09', '09:00:00', '18:20:00', 2),
(21, 8, '2026-06-10', '07:36:00', '17:43:00', 0),
(21, 8, '2026-06-11', '09:01:00', '16:42:00', 1.50),
(21, 8, '2026-06-12', NULL, NULL, 0),
(21, 8, '2026-06-15', '08:17:00', '16:41:00', 0),
(21, 8, '2026-06-16', '07:22:00', '18:38:00', 0),
(21, 8, '2026-06-17', '08:39:00', '16:29:00', 0),
(21, 8, '2026-06-18', '07:02:00', '16:06:00', 2),
(21, 8, '2026-06-19', '08:18:00', '18:27:00', 2),
(21, 8, '2026-06-22', '08:07:00', '18:19:00', 0),
(21, 8, '2026-06-23', '08:47:00', '17:58:00', 0),
(21, 8, '2026-06-24', '09:04:00', '18:20:00', 1.50),
(21, 8, '2026-06-25', '08:06:00', '18:26:00', 0),
(21, 8, '2026-06-26', '07:10:00', '17:01:00', 1),
(21, 8, '2026-06-29', '08:45:00', '18:48:00', 0.50),
(21, 8, '2026-06-30', '08:53:00', '17:18:00', 0),
(21, 8, '2026-07-01', '08:12:00', '18:00:00', 1.50),
(21, 8, '2026-07-02', '09:13:00', '18:41:00', 0),
(21, 8, '2026-07-03', '09:02:00', '17:34:00', 0),
(21, 8, '2026-07-06', '07:56:00', '17:52:00', 1),
(21, 8, '2026-07-07', '09:13:00', '18:35:00', 0),
(21, 8, '2026-07-08', '07:15:00', '16:29:00', 0),
(21, 8, '2026-07-09', '08:07:00', '17:39:00', 0),
(21, 8, '2026-07-10', '07:14:00', '17:43:00', 0),
(21, 8, '2026-07-13', NULL, NULL, 0),
(21, 8, '2026-07-14', '08:20:00', '17:55:00', 2),
(21, 8, '2026-07-15', '09:14:00', '17:37:00', 1),
(21, 8, '2026-07-16', '07:40:00', '17:26:00', 2);

-- leave_request
INSERT INTO leave_request (employee_id, approved_by, start_date, end_date, reason, status, requested_date) VALUES
(11, 8, '2026-04-06', '2026-04-07', 'Religious observance', 'approved', '2026-04-01 12:34:00'),
(2, 8, '2026-05-11', '2026-05-12', 'Personal leave', 'approved', '2026-05-10 10:37:00'),
(11, 8, '2026-05-22', '2026-05-26', 'Annual leave', 'approved', '2026-05-17 10:23:00'),
(20, 8, '2026-06-25', '2026-06-28', 'Medical leave', 'approved', '2026-06-20 12:13:00'),
(9, 8, '2026-06-05', '2026-06-09', 'Personal leave', 'approved', '2026-06-03 12:01:00'),
(1, 8, '2026-07-10', '2026-07-13', 'Personal leave', 'approved', '2026-07-06 09:37:00'),
(4, 8, '2026-03-03', '2026-03-03', 'Religious observance', 'approved', '2026-03-02 10:47:00'),
(18, 8, '2026-06-04', '2026-06-04', 'Medical leave', 'rejected', '2026-05-29 12:33:00'),
(13, NULL, '2026-07-02', '2026-07-02', 'Religious observance', 'pending', '2026-06-28 08:41:00'),
(1, 8, '2026-04-28', '2026-05-01', 'Religious observance', 'approved', '2026-04-24 08:03:00'),
(19, NULL, '2026-02-18', '2026-02-19', 'Personal leave', 'pending', '2026-02-16 12:35:00'),
(13, 8, '2026-06-06', '2026-06-10', 'Medical leave', 'approved', '2026-06-02 12:42:00'),
(10, 8, '2026-06-20', '2026-06-23', 'Annual leave', 'approved', '2026-06-16 10:02:00'),
(16, 8, '2026-04-09', '2026-04-12', 'Religious observance', 'approved', '2026-04-03 12:50:00'),
(8, 8, '2026-03-05', '2026-03-07', 'Family emergency', 'approved', '2026-03-01 08:51:00'),
(15, NULL, '2026-03-17', '2026-03-17', 'Medical leave', 'pending', '2026-03-14 09:06:00'),
(11, 8, '2026-04-13', '2026-04-13', 'Family emergency', 'approved', '2026-04-11 08:22:00'),
(21, 8, '2026-02-08', '2026-02-12', 'Personal leave', 'approved', '2026-02-05 09:33:00'),
(9, 8, '2026-03-24', '2026-03-24', 'Family emergency', 'approved', '2026-03-22 12:34:00'),
(4, 8, '2026-02-04', '2026-02-06', 'Annual leave', 'approved', '2026-01-29 11:03:00'),
(4, NULL, '2026-02-24', '2026-02-25', 'Family emergency', 'pending', '2026-02-19 09:25:00'),
(15, NULL, '2026-02-14', '2026-02-16', 'Personal leave', 'pending', '2026-02-13 12:38:00'),
(2, 8, '2026-06-14', '2026-06-17', 'Personal leave', 'approved', '2026-06-12 12:03:00'),
(8, 8, '2026-06-28', '2026-06-30', 'Family emergency', 'approved', '2026-06-25 12:18:00'),
(14, 8, '2026-05-17', '2026-05-21', 'Family emergency', 'approved', '2026-05-13 09:52:00'),
(14, 8, '2026-04-02', '2026-04-02', 'Annual leave', 'approved', '2026-03-30 09:39:00'),
(16, 8, '2026-03-12', '2026-03-15', 'Religious observance', 'approved', '2026-03-07 08:22:00'),
(16, 8, '2026-04-19', '2026-04-22', 'Medical leave', 'approved', '2026-04-15 09:42:00'),
(8, 8, '2026-02-11', '2026-02-15', 'Personal leave', 'rejected', '2026-02-10 09:45:00'),
(5, 8, '2026-06-09', '2026-06-09', 'Family emergency', 'approved', '2026-06-07 10:41:00'),
(8, 8, '2026-03-15', '2026-03-16', 'Family emergency', 'approved', '2026-03-10 10:04:00'),
(12, 8, '2026-06-25', '2026-06-27', 'Religious observance', 'approved', '2026-06-21 11:51:00'),
(1, 8, '2026-05-15', '2026-05-16', 'Family emergency', 'approved', '2026-05-11 11:54:00'),
(9, 8, '2026-04-25', '2026-04-26', 'Annual leave', 'approved', '2026-04-20 12:22:00');

-- payroll
INSERT INTO payroll (employee_id, generated_by, period, base_salary, overtime_pay, deductions, net_pay, generated_date) VALUES
(1, 8, '2026-01', 75000.00, 850.31, 4058.74, 71791.57, '2026-02-03 10:00:00'),
(2, 8, '2026-01', 75000.00, 1881.33, 4754.01, 72127.32, '2026-02-03 10:00:00'),
(3, 8, '2026-01', 75000.00, 2795.67, 7234.08, 70561.59, '2026-02-03 10:00:00'),
(4, 8, '2026-01', 80000.00, 344.71, 4254.57, 76090.14, '2026-02-03 10:00:00'),
(5, 8, '2026-01', 80000.00, 8.81, 4052.51, 75956.30, '2026-02-03 10:00:00'),
(6, 8, '2026-01', 82000.00, 484.69, 4778.90, 77705.79, '2026-02-03 10:00:00'),
(7, 8, '2026-01', 82000.00, 1540.86, 4485.58, 79055.28, '2026-02-03 10:00:00'),
(8, 8, '2026-01', 85000.00, 1693.63, 4555.17, 82138.46, '2026-02-03 10:00:00'),
(9, 8, '2026-01', 85000.00, 2502.39, 5468.39, 82034.00, '2026-02-03 10:00:00'),
(10, 8, '2026-01', 80000.00, 2995.30, 4911.71, 78083.59, '2026-02-03 10:00:00'),
(11, 8, '2026-01', 80000.00, 2289.62, 7351.11, 74938.51, '2026-02-03 10:00:00'),
(12, 8, '2026-01', 100000.00, 2002.94, 6933.02, 95069.92, '2026-02-03 10:00:00'),
(13, 8, '2026-01', 250000.00, 2668.08, 21315.42, 231352.66, '2026-02-03 10:00:00'),
(14, 8, '2026-01', 50000.00, 765.44, 3906.13, 46859.31, '2026-02-03 10:00:00'),
(15, 8, '2026-01', 50000.00, 2081.98, 4527.15, 47554.83, '2026-02-03 10:00:00'),
(16, 8, '2026-01', 70000.00, 863.40, 6075.80, 64787.60, '2026-02-03 10:00:00'),
(17, 8, '2026-01', 70000.00, 385.38, 6336.28, 64049.10, '2026-02-03 10:00:00'),
(18, 8, '2026-01', 65000.00, 2578.29, 4992.05, 62586.24, '2026-02-03 10:00:00'),
(19, 8, '2026-01', 65000.00, 865.85, 5320.00, 60545.85, '2026-02-03 10:00:00'),
(20, 8, '2026-01', 65000.00, 724.09, 3904.17, 61819.92, '2026-02-03 10:00:00'),
(21, 8, '2026-01', 65000.00, 2802.71, 5888.70, 61914.01, '2026-02-03 10:00:00'),
(1, 8, '2026-02', 75000.00, 1274.26, 6947.78, 69326.48, '2026-03-03 10:00:00'),
(2, 8, '2026-02', 75000.00, 1043.64, 7248.09, 68795.55, '2026-03-03 10:00:00'),
(3, 8, '2026-02', 75000.00, 88.71, 6472.53, 68616.18, '2026-03-03 10:00:00'),
(4, 8, '2026-02', 80000.00, 1755.43, 6828.32, 74927.11, '2026-03-03 10:00:00'),
(5, 8, '2026-02', 80000.00, 561.49, 6231.32, 74330.17, '2026-03-03 10:00:00'),
(6, 8, '2026-02', 82000.00, 565.82, 5646.16, 76919.66, '2026-03-03 10:00:00'),
(7, 8, '2026-02', 82000.00, 1379.04, 6559.11, 76819.93, '2026-03-03 10:00:00'),
(8, 8, '2026-02', 85000.00, 1132.66, 6015.82, 80116.84, '2026-03-03 10:00:00'),
(9, 8, '2026-02', 85000.00, 1306.52, 4581.33, 81725.19, '2026-03-03 10:00:00'),
(10, 8, '2026-02', 80000.00, 418.65, 5253.79, 75164.86, '2026-03-03 10:00:00'),
(11, 8, '2026-02', 80000.00, 1182.47, 4962.04, 76220.43, '2026-03-03 10:00:00'),
(12, 8, '2026-02', 100000.00, 521.69, 9750.65, 90771.04, '2026-03-03 10:00:00'),
(13, 8, '2026-02', 250000.00, 96.21, 22417.92, 227678.29, '2026-03-03 10:00:00'),
(14, 8, '2026-02', 50000.00, 2514.86, 2834.10, 49680.76, '2026-03-03 10:00:00'),
(15, 8, '2026-02', 50000.00, 2096.85, 3050.45, 49046.40, '2026-03-03 10:00:00'),
(16, 8, '2026-02', 70000.00, 1841.16, 5404.76, 66436.40, '2026-03-03 10:00:00'),
(17, 8, '2026-02', 70000.00, 217.11, 6959.99, 63257.12, '2026-03-03 10:00:00'),
(18, 8, '2026-02', 65000.00, 2175.59, 6408.84, 60766.75, '2026-03-03 10:00:00'),
(19, 8, '2026-02', 65000.00, 1661.18, 6146.09, 60515.09, '2026-03-03 10:00:00'),
(20, 8, '2026-02', 65000.00, 1464.67, 5255.89, 61208.78, '2026-03-03 10:00:00'),
(21, 8, '2026-02', 65000.00, 48.44, 4791.65, 60256.79, '2026-03-03 10:00:00'),
(1, 8, '2026-03', 75000.00, 1357.02, 4020.63, 72336.39, '2026-04-03 10:00:00'),
(2, 8, '2026-03', 75000.00, 449.16, 4891.61, 70557.55, '2026-04-03 10:00:00'),
(3, 8, '2026-03', 75000.00, 2442.76, 4201.12, 73241.64, '2026-04-03 10:00:00'),
(4, 8, '2026-03', 80000.00, 881.30, 6467.13, 74414.17, '2026-04-03 10:00:00'),
(5, 8, '2026-03', 80000.00, 633.87, 7107.46, 73526.41, '2026-04-03 10:00:00'),
(6, 8, '2026-03', 82000.00, 1051.39, 5977.48, 77073.91, '2026-04-03 10:00:00'),
(7, 8, '2026-03', 82000.00, 2554.40, 7822.66, 76731.74, '2026-04-03 10:00:00'),
(8, 8, '2026-03', 85000.00, 1302.84, 5555.47, 80747.37, '2026-04-03 10:00:00'),
(9, 8, '2026-03', 85000.00, 2605.66, 5851.80, 81753.86, '2026-04-03 10:00:00'),
(10, 8, '2026-03', 80000.00, 157.64, 6198.34, 73959.30, '2026-04-03 10:00:00'),
(11, 8, '2026-03', 80000.00, 739.00, 7006.43, 73732.57, '2026-04-03 10:00:00'),
(12, 8, '2026-03', 100000.00, 1138.83, 5332.42, 95806.41, '2026-04-03 10:00:00'),
(13, 8, '2026-03', 250000.00, 1753.67, 21880.48, 229873.19, '2026-04-03 10:00:00'),
(14, 8, '2026-03', 50000.00, 2205.19, 4107.11, 48098.08, '2026-04-03 10:00:00'),
(15, 8, '2026-03', 50000.00, 2680.88, 4084.26, 48596.62, '2026-04-03 10:00:00'),
(16, 8, '2026-03', 70000.00, 1068.05, 6152.77, 64915.28, '2026-04-03 10:00:00'),
(17, 8, '2026-03', 70000.00, 1918.08, 5200.89, 66717.19, '2026-04-03 10:00:00'),
(18, 8, '2026-03', 65000.00, 1316.01, 6015.13, 60300.88, '2026-04-03 10:00:00'),
(19, 8, '2026-03', 65000.00, 788.12, 3551.22, 62236.90, '2026-04-03 10:00:00'),
(20, 8, '2026-03', 65000.00, 1823.57, 3335.56, 63488.01, '2026-04-03 10:00:00'),
(21, 8, '2026-03', 65000.00, 2781.88, 6398.43, 61383.45, '2026-04-03 10:00:00'),
(1, 8, '2026-04', 75000.00, 2757.74, 5803.40, 71954.34, '2026-05-03 10:00:00'),
(2, 8, '2026-04', 75000.00, 7.44, 4420.88, 70586.56, '2026-05-03 10:00:00'),
(3, 8, '2026-04', 75000.00, 2404.74, 5037.28, 72367.46, '2026-05-03 10:00:00'),
(4, 8, '2026-04', 80000.00, 2185.82, 7915.08, 74270.74, '2026-05-03 10:00:00'),
(5, 8, '2026-04', 80000.00, 2495.23, 7127.18, 75368.05, '2026-05-03 10:00:00'),
(6, 8, '2026-04', 82000.00, 813.26, 5283.05, 77530.21, '2026-05-03 10:00:00'),
(7, 8, '2026-04', 82000.00, 2050.04, 7687.52, 76362.52, '2026-05-03 10:00:00'),
(8, 8, '2026-04', 85000.00, 1197.99, 4847.90, 81350.09, '2026-05-03 10:00:00'),
(9, 8, '2026-04', 85000.00, 1600.34, 6527.76, 80072.58, '2026-05-03 10:00:00'),
(10, 8, '2026-04', 80000.00, 1717.99, 5202.76, 76515.23, '2026-05-03 10:00:00'),
(11, 8, '2026-04', 80000.00, 2265.08, 7826.81, 74438.27, '2026-05-03 10:00:00'),
(12, 8, '2026-04', 100000.00, 198.31, 9625.76, 90572.55, '2026-05-03 10:00:00'),
(13, 8, '2026-04', 250000.00, 827.98, 21640.19, 229187.79, '2026-05-03 10:00:00'),
(14, 8, '2026-04', 50000.00, 2087.27, 3434.48, 48652.79, '2026-05-03 10:00:00'),
(15, 8, '2026-04', 50000.00, 1446.61, 3950.65, 47495.96, '2026-05-03 10:00:00'),
(16, 8, '2026-04', 70000.00, 593.92, 4751.59, 65842.33, '2026-05-03 10:00:00'),
(17, 8, '2026-04', 70000.00, 343.37, 5938.39, 64404.98, '2026-05-03 10:00:00'),
(18, 8, '2026-04', 65000.00, 1765.08, 4959.45, 61805.63, '2026-05-03 10:00:00'),
(19, 8, '2026-04', 65000.00, 1399.67, 5927.67, 60472.00, '2026-05-03 10:00:00'),
(20, 8, '2026-04', 65000.00, 640.97, 3685.54, 61955.43, '2026-05-03 10:00:00'),
(21, 8, '2026-04', 65000.00, 2064.61, 4190.92, 62873.69, '2026-05-03 10:00:00'),
(1, 8, '2026-05', 75000.00, 1749.49, 4820.31, 71929.18, '2026-06-03 10:00:00'),
(2, 8, '2026-05', 75000.00, 1322.44, 6189.87, 70132.57, '2026-06-03 10:00:00'),
(3, 8, '2026-05', 75000.00, 1274.78, 5676.87, 70597.91, '2026-06-03 10:00:00'),
(4, 8, '2026-05', 80000.00, 155.30, 6113.35, 74041.95, '2026-06-03 10:00:00'),
(5, 8, '2026-05', 80000.00, 1121.93, 4206.39, 76915.54, '2026-06-03 10:00:00'),
(6, 8, '2026-05', 82000.00, 299.72, 6956.51, 75343.21, '2026-06-03 10:00:00'),
(7, 8, '2026-05', 82000.00, 1441.27, 5097.16, 78344.11, '2026-06-03 10:00:00'),
(8, 8, '2026-05', 85000.00, 936.06, 6724.76, 79211.30, '2026-06-03 10:00:00'),
(9, 8, '2026-05', 85000.00, 973.72, 8237.85, 77735.87, '2026-06-03 10:00:00'),
(10, 8, '2026-05', 80000.00, 750.51, 5732.54, 75017.97, '2026-06-03 10:00:00'),
(11, 8, '2026-05', 80000.00, 1604.58, 4683.32, 76921.26, '2026-06-03 10:00:00'),
(12, 8, '2026-05', 100000.00, 311.65, 9000.94, 91310.71, '2026-06-03 10:00:00'),
(13, 8, '2026-05', 250000.00, 1457.66, 19356.29, 232101.37, '2026-06-03 10:00:00'),
(14, 8, '2026-05', 50000.00, 1646.38, 2743.29, 48903.09, '2026-06-03 10:00:00'),
(15, 8, '2026-05', 50000.00, 1845.42, 3513.47, 48331.95, '2026-06-03 10:00:00'),
(16, 8, '2026-05', 70000.00, 1573.52, 4981.36, 66592.16, '2026-06-03 10:00:00'),
(17, 8, '2026-05', 70000.00, 386.62, 6163.45, 64223.17, '2026-06-03 10:00:00'),
(18, 8, '2026-05', 65000.00, 2516.85, 4571.27, 62945.58, '2026-06-03 10:00:00'),
(19, 8, '2026-05', 65000.00, 1643.75, 5973.02, 60670.73, '2026-06-03 10:00:00'),
(20, 8, '2026-05', 65000.00, 428.36, 4640.39, 60787.97, '2026-06-03 10:00:00'),
(21, 8, '2026-05', 65000.00, 1734.56, 3893.25, 62841.31, '2026-06-03 10:00:00'),
(1, 8, '2026-06', 75000.00, 2773.49, 6455.57, 71317.92, '2026-07-03 10:00:00'),
(2, 8, '2026-06', 75000.00, 1116.86, 4737.29, 71379.57, '2026-07-03 10:00:00'),
(3, 8, '2026-06', 75000.00, 2120.19, 4485.66, 72634.53, '2026-07-03 10:00:00'),
(4, 8, '2026-06', 80000.00, 1212.73, 4211.18, 77001.55, '2026-07-03 10:00:00'),
(5, 8, '2026-06', 80000.00, 585.71, 4740.08, 75845.63, '2026-07-03 10:00:00'),
(6, 8, '2026-06', 82000.00, 1506.61, 7684.54, 75822.07, '2026-07-03 10:00:00'),
(7, 8, '2026-06', 82000.00, 2930.42, 6934.67, 77995.75, '2026-07-03 10:00:00'),
(8, 8, '2026-06', 85000.00, 1005.41, 7205.34, 78800.07, '2026-07-03 10:00:00'),
(9, 8, '2026-06', 85000.00, 2025.84, 8140.93, 78884.91, '2026-07-03 10:00:00'),
(10, 8, '2026-06', 80000.00, 414.32, 5153.23, 75261.09, '2026-07-03 10:00:00'),
(11, 8, '2026-06', 80000.00, 286.73, 5157.10, 75129.63, '2026-07-03 10:00:00'),
(12, 8, '2026-06', 100000.00, 460.21, 7018.58, 93441.63, '2026-07-03 10:00:00'),
(13, 8, '2026-06', 250000.00, 1441.20, 13788.71, 237652.49, '2026-07-03 10:00:00'),
(14, 8, '2026-06', 50000.00, 226.16, 3299.40, 46926.76, '2026-07-03 10:00:00'),
(15, 8, '2026-06', 50000.00, 1766.47, 2854.17, 48912.30, '2026-07-03 10:00:00'),
(16, 8, '2026-06', 70000.00, 286.35, 6509.71, 63776.64, '2026-07-03 10:00:00'),
(17, 8, '2026-06', 70000.00, 1273.24, 4374.47, 66898.77, '2026-07-03 10:00:00'),
(18, 8, '2026-06', 65000.00, 2546.41, 4937.75, 62608.66, '2026-07-03 10:00:00'),
(19, 8, '2026-06', 65000.00, 386.17, 6021.86, 59364.31, '2026-07-03 10:00:00'),
(20, 8, '2026-06', 65000.00, 833.63, 3352.40, 62481.23, '2026-07-03 10:00:00'),
(21, 8, '2026-06', 65000.00, 958.55, 6074.45, 59884.10, '2026-07-03 10:00:00');

-- performance_review
INSERT INTO performance_review (employee_id, reviewed_by, review_date, rating, status, comments) VALUES
(8, 8, '2026-01-23', 3, 'average', 'Meets basic expectations, room for growth.'),
(9, 8, '2026-01-27', 4, 'good', 'Reliable performance, meets targets consistently.'),
(14, 8, '2026-01-28', 3, 'average', 'Meets basic expectations, room for growth.'),
(11, 8, '2026-02-04', 5, 'excellent', 'Consistently exceeds expectations and takes initiative.'),
(10, 8, '2026-02-09', 5, 'excellent', 'Consistently exceeds expectations and takes initiative.'),
(13, 8, '2026-02-10', 4, 'good', 'Reliable performance, meets targets consistently.'),
(10, 8, '2026-02-14', 3, 'average', 'Meets basic expectations, room for growth.'),
(14, 8, '2026-02-14', 3, 'average', 'Meets basic expectations, room for growth.'),
(6, 8, '2026-02-18', 4, 'good', 'Reliable performance, meets targets consistently.'),
(17, 8, '2026-02-20', 4, 'good', 'Reliable performance, meets targets consistently.'),
(7, 8, '2026-02-25', 4, 'good', 'Reliable performance, meets targets consistently.'),
(2, 8, '2026-03-01', 3, 'average', 'Meets basic expectations, room for growth.'),
(19, 8, '2026-03-02', 1, 'needs_improvement', 'Performance below expectations, improvement plan recommended.'),
(8, 8, '2026-03-03', 4, 'good', 'Reliable performance, meets targets consistently.'),
(15, 8, '2026-03-04', 3, 'average', 'Meets basic expectations, room for growth.'),
(16, 8, '2026-03-06', 3, 'average', 'Meets basic expectations, room for growth.'),
(8, 8, '2026-03-10', 4, 'good', 'Reliable performance, meets targets consistently.'),
(19, 8, '2026-03-10', 3, 'average', 'Meets basic expectations, room for growth.'),
(21, 8, '2026-03-11', 4, 'good', 'Reliable performance, meets targets consistently.'),
(20, 8, '2026-03-14', 4, 'good', 'Reliable performance, meets targets consistently.'),
(8, 8, '2026-03-15', 4, 'good', 'Reliable performance, meets targets consistently.'),
(3, 8, '2026-03-22', 4, 'good', 'Reliable performance, meets targets consistently.'),
(6, 8, '2026-04-04', 1, 'needs_improvement', 'Performance below expectations, improvement plan recommended.'),
(13, 8, '2026-04-19', 4, 'good', 'Reliable performance, meets targets consistently.'),
(11, 8, '2026-04-21', 3, 'average', 'Meets basic expectations, room for growth.'),
(3, 8, '2026-04-22', 4, 'good', 'Reliable performance, meets targets consistently.'),
(13, 8, '2026-04-22', 1, 'needs_improvement', 'Performance below expectations, improvement plan recommended.'),
(12, 8, '2026-05-28', 3, 'average', 'Meets basic expectations, room for growth.'),
(21, 8, '2026-06-01', 4, 'good', 'Reliable performance, meets targets consistently.'),
(20, 8, '2026-06-12', 2, 'needs_improvement', 'Performance below expectations, improvement plan recommended.'),
(14, 8, '2026-06-15', 4, 'good', 'Reliable performance, meets targets consistently.'),
(9, 8, '2026-06-22', 4, 'good', 'Reliable performance, meets targets consistently.'),
(12, 8, '2026-06-29', 4, 'good', 'Reliable performance, meets targets consistently.'),
(13, 8, '2026-07-02', 3, 'average', 'Meets basic expectations, room for growth.'),
(12, 8, '2026-07-04', 5, 'excellent', 'Consistently exceeds expectations and takes initiative.'),
(15, 8, '2026-07-05', 3, 'average', 'Meets basic expectations, room for growth.');

-- financial_record
INSERT INTO financial_record (recorded_by, related_payment_id, supplier_payment_id, type, category, amount, description, record_date, tax_type, tax_amount) VALUES
(9, NULL, NULL, 'income', 'Other Income', 891329.04, 'Other Income for week of 2026-01-16', '2026-01-17', 'withholding_tax', 72891.17),
(9, NULL, NULL, 'expense', 'Fuel', 107596.85, 'Fuel payment for week of 2026-01-16', '2026-01-21', NULL, 0),
(9, NULL, NULL, 'expense', 'Bank Charges', 36001.50, 'Bank Charges payment for week of 2026-01-16', '2026-01-22', NULL, 0),
(9, NULL, NULL, 'expense', 'Transport', 105988.31, 'Transport payment for week of 2026-01-16', '2026-01-18', 'withholding_tax', 7947.44),
(9, NULL, NULL, 'income', 'Other Income', 855620.89, 'Other Income for week of 2026-01-23', '2026-01-27', NULL, 0),
(9, NULL, NULL, 'expense', 'Marketing', 32037.53, 'Marketing payment for week of 2026-01-23', '2026-01-24', NULL, 0),
(9, NULL, NULL, 'expense', 'Maintenance', 157462.86, 'Maintenance payment for week of 2026-01-23', '2026-01-26', NULL, 0),
(9, NULL, NULL, 'expense', 'Fuel', 137916.20, 'Fuel payment for week of 2026-01-23', '2026-01-24', NULL, 0),
(9, NULL, NULL, 'income', 'Interest Income', 389019.16, 'Interest Income for week of 2026-01-30', '2026-02-04', 'withholding_tax', 32231.16),
(9, NULL, NULL, 'expense', 'Fuel', 125344.72, 'Fuel payment for week of 2026-01-30', '2026-02-02', 'vat', 16104.19),
(9, NULL, NULL, 'expense', 'Insurance', 39273.97, 'Insurance payment for week of 2026-01-30', '2026-02-03', NULL, 0),
(9, NULL, NULL, 'expense', 'Fuel', 116625.33, 'Fuel payment for week of 2026-01-30', '2026-02-05', NULL, 0),
(9, NULL, NULL, 'expense', 'Insurance', 144909.08, 'Insurance payment for week of 2026-01-30', '2026-02-05', 'vat', 8639.21),
(9, NULL, NULL, 'income', 'Sales Revenue', 698834.33, 'Sales Revenue for week of 2026-02-06', '2026-02-10', 'vat', 97622.77),
(9, NULL, NULL, 'expense', 'Maintenance', 29583.44, 'Maintenance payment for week of 2026-02-06', '2026-02-07', 'withholding_tax', 2949.77),
(9, NULL, NULL, 'expense', 'Maintenance', 36581.79, 'Maintenance payment for week of 2026-02-06', '2026-02-12', 'vat', 4357.38),
(9, NULL, NULL, 'expense', 'Rent', 170592.50, 'Rent payment for week of 2026-02-06', '2026-02-12', 'withholding_tax', 18996.24),
(9, NULL, NULL, 'income', 'Sales Revenue', 918372.91, 'Sales Revenue for week of 2026-02-13', '2026-02-14', NULL, 0),
(9, NULL, NULL, 'expense', 'Marketing', 109683.74, 'Marketing payment for week of 2026-02-13', '2026-02-15', 'vat', 16224.55),
(9, NULL, NULL, 'expense', 'Bank Charges', 144319.47, 'Bank Charges payment for week of 2026-02-13', '2026-02-15', NULL, 0),
(9, NULL, NULL, 'expense', 'Maintenance', 80482.00, 'Maintenance payment for week of 2026-02-13', '2026-02-14', 'withholding_tax', 6261.27),
(9, NULL, NULL, 'expense', 'Transport', 178596.68, 'Transport payment for week of 2026-02-13', '2026-02-16', NULL, 0),
(9, NULL, NULL, 'income', 'Other Income', 408334.06, 'Other Income for week of 2026-02-20', '2026-02-24', 'vat', 53734.50),
(9, NULL, NULL, 'income', 'Service Income', 263841.27, 'Service Income for week of 2026-02-20', '2026-02-24', NULL, 0),
(9, NULL, NULL, 'expense', 'Rent', 50513.21, 'Rent payment for week of 2026-02-20', '2026-02-22', NULL, 0),
(9, NULL, NULL, 'expense', 'Insurance', 154669.29, 'Insurance payment for week of 2026-02-20', '2026-02-21', 'vat', 18061.81),
(9, NULL, NULL, 'expense', 'Bank Charges', 130915.12, 'Bank Charges payment for week of 2026-02-20', '2026-02-22', NULL, 0),
(9, NULL, NULL, 'income', 'Other Income', 534326.73, 'Other Income for week of 2026-02-27', '2026-03-04', NULL, 0),
(9, NULL, NULL, 'income', 'Service Income', 199692.61, 'Service Income for week of 2026-02-27', '2026-02-27', 'vat', 14391.32),
(9, NULL, NULL, 'expense', 'Utilities', 172728.87, 'Utilities payment for week of 2026-02-27', '2026-03-05', 'vat', 14680.30),
(9, NULL, NULL, 'expense', 'Transport', 19544.08, 'Transport payment for week of 2026-02-27', '2026-03-04', NULL, 0),
(9, NULL, NULL, 'income', 'Interest Income', 617118.59, 'Interest Income for week of 2026-03-06', '2026-03-06', NULL, 0),
(9, NULL, NULL, 'expense', 'Fuel', 52359.53, 'Fuel payment for week of 2026-03-06', '2026-03-09', 'withholding_tax', 4041.62),
(9, NULL, NULL, 'expense', 'Bank Charges', 152483.08, 'Bank Charges payment for week of 2026-03-06', '2026-03-07', NULL, 0),
(9, NULL, NULL, 'income', 'Sales Revenue', 390696.61, 'Sales Revenue for week of 2026-03-13', '2026-03-17', 'income_tax', 51787.80),
(9, NULL, NULL, 'income', 'Interest Income', 793799.68, 'Interest Income for week of 2026-03-13', '2026-03-13', 'vat', 44617.60),
(9, NULL, NULL, 'expense', 'Maintenance', 114081.75, 'Maintenance payment for week of 2026-03-13', '2026-03-17', 'vat', 17043.53),
(9, NULL, NULL, 'expense', 'Utilities', 32115.37, 'Utilities payment for week of 2026-03-13', '2026-03-18', 'vat', 2514.40),
(9, NULL, NULL, 'expense', 'Transport', 124381.27, 'Transport payment for week of 2026-03-13', '2026-03-19', 'vat', 6528.96),
(9, NULL, NULL, 'expense', 'Marketing', 123265.94, 'Marketing payment for week of 2026-03-13', '2026-03-13', NULL, 0),
(9, NULL, NULL, 'income', 'Other Income', 587820.37, 'Other Income for week of 2026-03-20', '2026-03-20', NULL, 0),
(9, NULL, NULL, 'expense', 'Insurance', 179876.55, 'Insurance payment for week of 2026-03-20', '2026-03-20', NULL, 0),
(9, NULL, NULL, 'expense', 'Transport', 114366.59, 'Transport payment for week of 2026-03-20', '2026-03-26', 'withholding_tax', 7369.55),
(9, NULL, NULL, 'expense', 'Fuel', 57539.80, 'Fuel payment for week of 2026-03-20', '2026-03-22', NULL, 0),
(9, NULL, NULL, 'expense', 'Marketing', 106330.34, 'Marketing payment for week of 2026-03-20', '2026-03-20', NULL, 0),
(9, NULL, NULL, 'income', 'Sales Revenue', 425823.64, 'Sales Revenue for week of 2026-03-27', '2026-03-31', 'withholding_tax', 50901.21),
(9, NULL, NULL, 'expense', 'Maintenance', 153160.02, 'Maintenance payment for week of 2026-03-27', '2026-03-27', NULL, 0),
(9, NULL, NULL, 'expense', 'Fuel', 166928.82, 'Fuel payment for week of 2026-03-27', '2026-03-27', NULL, 0),
(9, NULL, NULL, 'income', 'Sales Revenue', 786147.42, 'Sales Revenue for week of 2026-04-03', '2026-04-03', NULL, 0),
(9, NULL, NULL, 'expense', 'Utilities', 48540.90, 'Utilities payment for week of 2026-04-03', '2026-04-07', 'vat', 5851.24),
(9, NULL, NULL, 'expense', 'Marketing', 167826.77, 'Marketing payment for week of 2026-04-03', '2026-04-04', NULL, 0),
(9, NULL, NULL, 'expense', 'Marketing', 164525.02, 'Marketing payment for week of 2026-04-03', '2026-04-03', NULL, 0),
(9, NULL, NULL, 'expense', 'Salaries', 175157.16, 'Salaries payment for week of 2026-04-03', '2026-04-09', NULL, 0),
(9, NULL, NULL, 'income', 'Sales Revenue', 247963.97, 'Sales Revenue for week of 2026-04-10', '2026-04-13', 'vat', 33236.66),
(9, NULL, NULL, 'income', 'Interest Income', 835334.98, 'Interest Income for week of 2026-04-10', '2026-04-15', 'income_tax', 117668.54),
(9, NULL, NULL, 'expense', 'Transport', 50165.92, 'Transport payment for week of 2026-04-10', '2026-04-16', NULL, 0),
(9, NULL, NULL, 'expense', 'Insurance', 75802.90, 'Insurance payment for week of 2026-04-10', '2026-04-16', NULL, 0),
(9, NULL, NULL, 'income', 'Sales Revenue', 324392.17, 'Sales Revenue for week of 2026-04-17', '2026-04-17', 'vat', 41801.76),
(9, NULL, NULL, 'expense', 'Maintenance', 64774.80, 'Maintenance payment for week of 2026-04-17', '2026-04-22', NULL, 0),
(9, NULL, NULL, 'expense', 'Bank Charges', 35148.85, 'Bank Charges payment for week of 2026-04-17', '2026-04-19', NULL, 0),
(9, NULL, NULL, 'income', 'Service Income', 372117.77, 'Service Income for week of 2026-04-24', '2026-04-24', 'vat', 29172.50),
(9, NULL, NULL, 'expense', 'Fuel', 28596.19, 'Fuel payment for week of 2026-04-24', '2026-04-27', 'withholding_tax', 2377.76),
(9, NULL, NULL, 'expense', 'Transport', 124470.81, 'Transport payment for week of 2026-04-24', '2026-04-25', NULL, 0),
(9, NULL, NULL, 'income', 'Interest Income', 231150.56, 'Interest Income for week of 2026-05-01', '2026-05-03', NULL, 0),
(9, NULL, NULL, 'expense', 'Office Supplies', 43957.56, 'Office Supplies payment for week of 2026-05-01', '2026-05-06', NULL, 0),
(9, NULL, NULL, 'expense', 'Marketing', 162414.50, 'Marketing payment for week of 2026-05-01', '2026-05-03', 'vat', 18401.51),
(9, NULL, NULL, 'expense', 'Maintenance', 133909.55, 'Maintenance payment for week of 2026-05-01', '2026-05-05', 'vat', 16170.74),
(9, NULL, NULL, 'income', 'Interest Income', 639852.23, 'Interest Income for week of 2026-05-08', '2026-05-10', NULL, 0),
(9, NULL, NULL, 'income', 'Interest Income', 507957.50, 'Interest Income for week of 2026-05-08', '2026-05-12', NULL, 0),
(9, NULL, NULL, 'expense', 'Rent', 20053.21, 'Rent payment for week of 2026-05-08', '2026-05-13', 'vat', 2988.75),
(9, NULL, NULL, 'expense', 'Office Supplies', 86393.17, 'Office Supplies payment for week of 2026-05-08', '2026-05-11', 'withholding_tax', 10051.05),
(9, NULL, NULL, 'expense', 'Fuel', 75327.35, 'Fuel payment for week of 2026-05-08', '2026-05-10', NULL, 0),
(9, NULL, NULL, 'income', 'Service Income', 835838.09, 'Service Income for week of 2026-05-15', '2026-05-18', 'withholding_tax', 102340.93),
(9, NULL, NULL, 'expense', 'Bank Charges', 81694.21, 'Bank Charges payment for week of 2026-05-15', '2026-05-17', NULL, 0),
(9, NULL, NULL, 'expense', 'Bank Charges', 75548.12, 'Bank Charges payment for week of 2026-05-15', '2026-05-18', 'withholding_tax', 10380.05),
(9, NULL, NULL, 'expense', 'Rent', 124450.58, 'Rent payment for week of 2026-05-15', '2026-05-20', 'vat', 16913.10),
(9, NULL, NULL, 'income', 'Service Income', 265648.33, 'Service Income for week of 2026-05-22', '2026-05-26', 'vat', 35023.39),
(9, NULL, NULL, 'expense', 'Salaries', 58011.71, 'Salaries payment for week of 2026-05-22', '2026-05-26', NULL, 0),
(9, NULL, NULL, 'expense', 'Maintenance', 143374.84, 'Maintenance payment for week of 2026-05-22', '2026-05-27', 'vat', 7242.55),
(9, NULL, NULL, 'expense', 'Bank Charges', 82514.38, 'Bank Charges payment for week of 2026-05-22', '2026-05-27', NULL, 0),
(9, NULL, NULL, 'expense', 'Marketing', 178065.45, 'Marketing payment for week of 2026-05-22', '2026-05-22', NULL, 0),
(9, NULL, NULL, 'income', 'Service Income', 284393.22, 'Service Income for week of 2026-05-29', '2026-05-30', 'vat', 25812.78),
(9, NULL, NULL, 'expense', 'Utilities', 72943.77, 'Utilities payment for week of 2026-05-29', '2026-05-30', NULL, 0),
(9, NULL, NULL, 'expense', 'Salaries', 52845.80, 'Salaries payment for week of 2026-05-29', '2026-05-30', NULL, 0),
(9, NULL, NULL, 'income', 'Interest Income', 608171.12, 'Interest Income for week of 2026-06-05', '2026-06-07', 'vat', 47298.56),
(9, NULL, NULL, 'expense', 'Insurance', 46779.79, 'Insurance payment for week of 2026-06-05', '2026-06-09', NULL, 0),
(9, NULL, NULL, 'expense', 'Transport', 64031.44, 'Transport payment for week of 2026-06-05', '2026-06-10', 'vat', 3792.39),
(9, NULL, NULL, 'expense', 'Insurance', 59216.14, 'Insurance payment for week of 2026-06-05', '2026-06-05', NULL, 0),
(9, NULL, NULL, 'income', 'Sales Revenue', 467229.80, 'Sales Revenue for week of 2026-06-12', '2026-06-13', NULL, 0),
(9, NULL, NULL, 'expense', 'Rent', 151297.04, 'Rent payment for week of 2026-06-12', '2026-06-14', NULL, 0),
(9, NULL, NULL, 'expense', 'Fuel', 67582.93, 'Fuel payment for week of 2026-06-12', '2026-06-15', NULL, 0),
(9, NULL, NULL, 'expense', 'Salaries', 42180.78, 'Salaries payment for week of 2026-06-12', '2026-06-16', NULL, 0),
(9, NULL, NULL, 'income', 'Sales Revenue', 891122.54, 'Sales Revenue for week of 2026-06-19', '2026-06-22', NULL, 0),
(9, NULL, NULL, 'expense', 'Utilities', 120526.84, 'Utilities payment for week of 2026-06-19', '2026-06-21', NULL, 0),
(9, NULL, NULL, 'expense', 'Maintenance', 106826.55, 'Maintenance payment for week of 2026-06-19', '2026-06-23', 'vat', 13451.29),
(9, NULL, NULL, 'expense', 'Fuel', 19819.76, 'Fuel payment for week of 2026-06-19', '2026-06-19', NULL, 0),
(9, NULL, NULL, 'income', 'Interest Income', 198271.82, 'Interest Income for week of 2026-06-26', '2026-07-02', 'vat', 15617.84),
(9, NULL, NULL, 'expense', 'Fuel', 64711.58, 'Fuel payment for week of 2026-06-26', '2026-07-02', NULL, 0),
(9, NULL, NULL, 'expense', 'Salaries', 144796.15, 'Salaries payment for week of 2026-06-26', '2026-06-26', NULL, 0),
(9, NULL, NULL, 'expense', 'Marketing', 62505.35, 'Marketing payment for week of 2026-06-26', '2026-07-02', NULL, 0),
(9, NULL, NULL, 'income', 'Service Income', 401634.52, 'Service Income for week of 2026-07-03', '2026-07-04', NULL, 0),
(9, NULL, NULL, 'expense', 'Insurance', 126232.22, 'Insurance payment for week of 2026-07-03', '2026-07-04', NULL, 0),
(9, NULL, NULL, 'expense', 'Rent', 78611.77, 'Rent payment for week of 2026-07-03', '2026-07-06', NULL, 0),
(9, NULL, NULL, 'income', 'Sales Revenue', 674706.07, 'Sales Revenue for week of 2026-07-10', '2026-07-11', NULL, 0),
(9, NULL, NULL, 'income', 'Sales Revenue', 537787.55, 'Sales Revenue for week of 2026-07-10', '2026-07-10', NULL, 0),
(9, NULL, NULL, 'expense', 'Transport', 134688.58, 'Transport payment for week of 2026-07-10', '2026-07-12', NULL, 0),
(9, NULL, NULL, 'expense', 'Fuel', 150633.19, 'Fuel payment for week of 2026-07-10', '2026-07-14', NULL, 0),
(9, NULL, NULL, 'expense', 'Rent', 67624.52, 'Rent payment for week of 2026-07-10', '2026-07-12', 'withholding_tax', 5566.60);

-- account_reconciliation
INSERT INTO account_reconciliation (account_number, reconciliation_date, system_balance, bank_balance, status, remarks, performed_by) VALUES
('NCC-BOC-0021458796', '2026-01-27', 5636991.36, 5627294.41, 'difference_found', 'Discrepancy under investigation with bank statement.', 9),
('NCC-BOC-0021458796', '2026-02-26', 4678925.03, 4678925.03, 'matched', 'Reconciled with no discrepancies.', 9),
('NCC-BOC-0021458796', '2026-03-28', 6079171.05, 6079171.05, 'matched', 'Reconciled with no discrepancies.', 9),
('NCC-BOC-0021458796', '2026-04-27', 4910971.34, 4910971.34, 'matched', 'Reconciled with no discrepancies.', 9),
('NCC-BOC-0021458796', '2026-05-28', 2695355.76, 2695355.76, 'matched', 'Reconciled with no discrepancies.', 9),
('NCC-BOC-0021458796', '2026-06-26', 4579287.61, 4575745.15, 'difference_found', 'Discrepancy under investigation with bank statement.', 9);

-- announcement
INSERT INTO announcement (sent_by, title, message, receiver_id, created_at) VALUES
(13, 'Public Holiday Notice', 'The office will be closed for the upcoming public holiday.', NULL, '2026-01-28 15:48:00'),
(8, 'New Bio Pesticide Range Launch', 'Sales and CRM teams, please review the new product training materials.', NULL, '2026-02-02 13:28:00'),
(13, 'Quarterly All-Hands Meeting', 'All staff are invited to the quarterly review meeting.', NULL, '2026-03-18 09:25:00'),
(8, 'Warehouse Safety Reminder', 'Please review updated safety procedures for the warehouse.', NULL, '2026-04-10 10:28:00'),
(8, 'System Maintenance Window', 'The system will be briefly unavailable during scheduled maintenance.', NULL, '2026-04-22 09:59:00'),
(13, 'Employee of the Month', 'Congratulations to this month\'s top performer.', NULL, '2026-04-25 14:42:00'),
(13, 'Updated Leave Policy', 'Please review the updated leave request policy effective this month.', NULL, '2026-05-03 12:37:00'),
(13, 'Fleet Vehicle Servicing', 'All delivery vehicles will undergo routine servicing this week.', NULL, '2026-05-13 10:22:00');

-- internal_email
INSERT INTO internal_email (sender_id, recipient_id, subject, message, sent_at, read_at) VALUES
(4, 11, 'Weekly sales summary', 'Please find attached the weekly sales summary for review.', '2026-05-27 12:12:30', NULL),
(10, 13, 'Delivery schedule for next week', 'Sharing the proposed delivery schedule for next week.', '2026-06-28 17:54:25', '2026-06-29 12:54:25'),
(8, 13, 'Delivery schedule for next week', 'Sharing the proposed delivery schedule for next week.', '2026-04-08 08:34:18', '2026-04-08 23:34:18'),
(12, 3, 'Customer complaint escalation', 'This complaint needs your attention as it has been escalated.', '2026-03-01 11:19:32', '2026-03-01 13:19:32'),
(5, 2, 'Vehicle maintenance schedule', 'Please review the upcoming vehicle maintenance schedule.', '2026-07-16 10:19:07', NULL),
(6, 4, 'Budget utilization update', 'Sharing the latest budget utilization figures for this quarter.', '2026-06-18 09:20:34', '2026-06-19 14:20:34'),
(5, 10, 'Weekly sales summary', 'Please find attached the weekly sales summary for review.', '2026-04-24 10:53:31', '2026-04-25 10:53:31'),
(1, 3, 'Customer complaint escalation', 'This complaint needs your attention as it has been escalated.', '2026-02-27 13:28:03', '2026-03-01 13:28:03'),
(4, 13, 'Delivery schedule for next week', 'Sharing the proposed delivery schedule for next week.', '2026-06-23 13:43:38', '2026-06-24 00:43:38'),
(4, 2, 'Invoice payment reminder', 'A few invoices are still outstanding, please follow up.', '2026-06-28 16:58:51', '2026-06-29 16:58:51'),
(4, 1, 'Customer complaint escalation', 'This complaint needs your attention as it has been escalated.', '2026-01-21 10:38:27', '2026-01-23 06:38:27'),
(10, 13, 'Leave request follow-up', 'Following up on the pending leave request, please confirm approval.', '2026-05-09 10:06:31', '2026-05-09 20:06:31'),
(10, 3, 'Delivery schedule for next week', 'Sharing the proposed delivery schedule for next week.', '2026-01-22 12:05:26', '2026-01-22 23:05:26'),
(2, 6, 'Stock replenishment needed', 'Several products are approaching the minimum stock level.', '2026-06-16 10:57:25', '2026-06-16 23:57:25'),
(8, 1, 'Budget utilization update', 'Sharing the latest budget utilization figures for this quarter.', '2026-03-13 10:52:22', NULL),
(4, 2, 'Stock replenishment needed', 'Several products are approaching the minimum stock level.', '2026-06-15 10:32:02', '2026-06-16 08:32:02'),
(1, 3, 'Delivery schedule for next week', 'Sharing the proposed delivery schedule for next week.', '2026-01-27 14:06:42', '2026-01-27 20:06:42'),
(10, 4, 'Stock replenishment needed', 'Several products are approaching the minimum stock level.', '2026-03-11 13:39:14', '2026-03-12 20:39:14'),
(2, 10, 'Weekly sales summary', 'Please find attached the weekly sales summary for review.', '2026-01-16 08:41:01', '2026-01-17 21:41:01'),
(11, 6, 'Budget utilization update', 'Sharing the latest budget utilization figures for this quarter.', '2026-02-10 14:09:11', NULL),
(7, 12, 'Customer complaint escalation', 'This complaint needs your attention as it has been escalated.', '2026-07-14 15:04:32', NULL),
(6, 10, 'Customer complaint escalation', 'This complaint needs your attention as it has been escalated.', '2026-01-16 15:37:39', NULL),
(3, 4, 'Weekly sales summary', 'Please find attached the weekly sales summary for review.', '2026-03-30 13:46:51', NULL),
(3, 12, 'Stock replenishment needed', 'Several products are approaching the minimum stock level.', '2026-02-06 14:41:40', '2026-02-08 00:41:40'),
(13, 2, 'Customer complaint escalation', 'This complaint needs your attention as it has been escalated.', '2026-04-10 14:18:28', NULL),
(4, 8, 'Weekly sales summary', 'Please find attached the weekly sales summary for review.', '2026-02-15 17:18:48', '2026-02-17 12:18:48'),
(10, 12, 'Leave request follow-up', 'Following up on the pending leave request, please confirm approval.', '2026-02-05 18:28:31', '2026-02-06 20:28:31'),
(12, 7, 'Invoice payment reminder', 'A few invoices are still outstanding, please follow up.', '2026-01-30 13:11:42', '2026-02-01 13:11:42'),
(7, 2, 'Delivery schedule for next week', 'Sharing the proposed delivery schedule for next week.', '2026-01-22 17:10:35', '2026-01-24 13:10:35'),
(11, 6, 'Vehicle maintenance schedule', 'Please review the upcoming vehicle maintenance schedule.', '2026-06-05 08:26:42', '2026-06-07 06:26:42'),
(10, 1, 'Delivery schedule for next week', 'Sharing the proposed delivery schedule for next week.', '2026-02-18 11:04:43', '2026-02-19 17:04:43'),
(11, 9, 'Vehicle maintenance schedule', 'Please review the upcoming vehicle maintenance schedule.', '2026-01-22 14:40:52', '2026-01-23 17:40:52'),
(4, 6, 'Stock replenishment needed', 'Several products are approaching the minimum stock level.', '2026-02-19 10:12:43', '2026-02-20 20:12:43'),
(6, 10, 'Delivery schedule for next week', 'Sharing the proposed delivery schedule for next week.', '2026-02-03 10:24:52', '2026-02-05 08:24:52'),
(5, 11, 'New supplier onboarding', 'We are onboarding a new supplier this month, details attached.', '2026-04-20 14:14:58', '2026-04-20 19:14:58'),
(5, 3, 'Monthly performance reviews due', 'Reminder that monthly performance reviews are due this week.', '2026-04-05 11:01:02', '2026-04-07 10:01:02'),
(4, 8, 'Invoice payment reminder', 'A few invoices are still outstanding, please follow up.', '2026-03-19 17:48:34', '2026-03-21 13:48:34'),
(3, 4, 'Leave request follow-up', 'Following up on the pending leave request, please confirm approval.', '2026-03-10 10:16:27', '2026-03-12 04:16:27'),
(11, 9, 'Budget utilization update', 'Sharing the latest budget utilization figures for this quarter.', '2026-04-23 17:13:08', NULL),
(13, 9, 'Customer complaint escalation', 'This complaint needs your attention as it has been escalated.', '2026-02-11 15:42:35', '2026-02-13 10:42:35'),
(8, 7, 'Invoice payment reminder', 'A few invoices are still outstanding, please follow up.', '2026-06-10 09:56:21', NULL),
(9, 3, 'Weekly sales summary', 'Please find attached the weekly sales summary for review.', '2026-02-09 09:49:17', '2026-02-09 10:49:17');

-- backup_record
INSERT INTO backup_record (backup_type, file_path, date, note) VALUES
('partial', 'backups/ncc_2026_01_16.sql', '2026-01-16 02:00:00', 'Scheduled partial backup completed successfully.'),
('full', 'backups/ncc_2026_01_23.sql', '2026-01-23 02:00:00', 'Scheduled full backup completed successfully.'),
('partial', 'backups/ncc_2026_01_30.sql', '2026-01-30 02:00:00', 'Scheduled partial backup completed successfully.'),
('partial', 'backups/ncc_2026_02_05.sql', '2026-02-05 02:00:00', 'Scheduled partial backup completed successfully.'),
('partial', 'backups/ncc_2026_02_11.sql', '2026-02-11 02:00:00', 'Scheduled partial backup completed successfully.'),
('full', 'backups/ncc_2026_02_18.sql', '2026-02-18 02:00:00', 'Scheduled full backup completed successfully.'),
('partial', 'backups/ncc_2026_02_24.sql', '2026-02-24 02:00:00', 'Scheduled partial backup completed successfully.'),
('full', 'backups/ncc_2026_03_03.sql', '2026-03-03 02:00:00', 'Scheduled full backup completed successfully.'),
('full', 'backups/ncc_2026_03_10.sql', '2026-03-10 02:00:00', 'Scheduled full backup completed successfully.'),
('partial', 'backups/ncc_2026_03_16.sql', '2026-03-16 02:00:00', 'Scheduled partial backup completed successfully.'),
('partial', 'backups/ncc_2026_03_23.sql', '2026-03-23 02:00:00', 'Scheduled partial backup completed successfully.'),
('partial', 'backups/ncc_2026_03_30.sql', '2026-03-30 02:00:00', 'Scheduled partial backup completed successfully.'),
('partial', 'backups/ncc_2026_04_06.sql', '2026-04-06 02:00:00', 'Scheduled partial backup completed successfully.'),
('full', 'backups/ncc_2026_04_13.sql', '2026-04-13 02:00:00', 'Scheduled full backup completed successfully.'),
('partial', 'backups/ncc_2026_04_20.sql', '2026-04-20 02:00:00', 'Scheduled partial backup completed successfully.'),
('partial', 'backups/ncc_2026_04_28.sql', '2026-04-28 02:00:00', 'Scheduled partial backup completed successfully.'),
('full', 'backups/ncc_2026_05_04.sql', '2026-05-04 02:00:00', 'Scheduled full backup completed successfully.'),
('full', 'backups/ncc_2026_05_12.sql', '2026-05-12 02:00:00', 'Scheduled full backup completed successfully.'),
('partial', 'backups/ncc_2026_05_19.sql', '2026-05-19 02:00:00', 'Scheduled partial backup completed successfully.'),
('full', 'backups/ncc_2026_05_25.sql', '2026-05-25 02:00:00', 'Scheduled full backup completed successfully.'),
('full', 'backups/ncc_2026_06_02.sql', '2026-06-02 02:00:00', 'Scheduled full backup completed successfully.'),
('partial', 'backups/ncc_2026_06_08.sql', '2026-06-08 02:00:00', 'Scheduled partial backup completed successfully.'),
('full', 'backups/ncc_2026_06_16.sql', '2026-06-16 02:00:00', 'Scheduled full backup completed successfully.'),
('partial', 'backups/ncc_2026_06_24.sql', '2026-06-24 02:00:00', 'Scheduled partial backup completed successfully.'),
('partial', 'backups/ncc_2026_07_01.sql', '2026-07-01 02:00:00', 'Scheduled partial backup completed successfully.'),
('partial', 'backups/ncc_2026_07_08.sql', '2026-07-08 02:00:00', 'Scheduled partial backup completed successfully.'),
('partial', 'backups/ncc_2026_07_14.sql', '2026-07-14 02:00:00', 'Scheduled partial backup completed successfully.'),
('restore', 'backups/ncc_2026_02_01.sql', '2026-06-02 10:48:28', 'Restored from backup during scheduled testing. Reason: verification drill.'),
('restore', 'backups/ncc_2026_02_01.sql', '2026-06-01 15:11:38', 'Restored from backup during scheduled testing. Reason: verification drill.');

-- system_error
INSERT INTO system_error (error_date, error_type, error_message, status) VALUES
('2026-01-17 12:58:22', 'Session Expired Unexpectedly', 'Session Expired Unexpectedly encountered during normal operation. Investigated by system administrator.', 'resolved'),
('2026-01-29 15:01:13', 'File Storage Quota Warning', 'File Storage Quota Warning encountered during normal operation. Investigated by system administrator.', 'resolved'),
('2026-02-20 13:07:55', 'Session Expired Unexpectedly', 'Session Expired Unexpectedly encountered during normal operation. Investigated by system administrator.', 'checking'),
('2026-03-04 10:50:12', 'Report Generation Error', 'Report Generation Error encountered during normal operation. Investigated by system administrator.', 'resolved'),
('2026-03-12 12:43:56', 'Session Expired Unexpectedly', 'Session Expired Unexpectedly encountered during normal operation. Investigated by system administrator.', 'resolved'),
('2026-03-15 18:39:33', 'Payment Gateway Timeout', 'Payment Gateway Timeout encountered during normal operation. Investigated by system administrator.', 'resolved'),
('2026-03-16 13:44:01', 'Slow Query Warning', 'Slow Query Warning encountered during normal operation. Investigated by system administrator.', 'resolved'),
('2026-03-25 10:04:08', 'File Storage Quota Warning', 'File Storage Quota Warning encountered during normal operation. Investigated by system administrator.', 'resolved'),
('2026-03-31 15:29:35', 'Report Generation Error', 'Report Generation Error encountered during normal operation. Investigated by system administrator.', 'resolved'),
('2026-05-22 17:29:54', 'Report Generation Error', 'Report Generation Error encountered during normal operation. Investigated by system administrator.', 'resolved'),
('2026-05-29 12:44:41', 'Slow Query Warning', 'Slow Query Warning encountered during normal operation. Investigated by system administrator.', 'resolved'),
('2026-06-12 09:19:27', 'Upload Failed', 'Upload Failed encountered during normal operation. Investigated by system administrator.', 'resolved'),
('2026-06-22 15:37:49', 'Session Expired Unexpectedly', 'Session Expired Unexpectedly encountered during normal operation. Investigated by system administrator.', 'open'),
('2026-07-03 13:57:00', 'Session Expired Unexpectedly', 'Session Expired Unexpectedly encountered during normal operation. Investigated by system administrator.', 'resolved'),
('2026-07-11 18:46:44', 'Database Connection Timeout', 'Database Connection Timeout encountered during normal operation. Investigated by system administrator.', 'open');

-- audit_log
INSERT INTO audit_log (user_id, action, target_table, target_id, timestamp) VALUES
(12, 'reset password for user #2', 'user_account', 11, '2026-01-16 09:06:57'),
(12, 'saved access privilege for role inventory_manager', 'access_privilege', 9, '2026-01-25 12:16:40'),
(12, 'saved access privilege for role order_processing_officer', 'access_privilege', 6, '2026-01-28 11:33:46'),
(12, 'updated user account #10', 'user_account', 11, '2026-01-29 09:55:12'),
(12, 'saved system setting: company_currency', 'system_setting', 5, '2026-02-02 08:18:03'),
(12, 'reset password for user #9', 'user_account', 5, '2026-02-08 17:59:13'),
(12, 'saved system setting: company_currency', 'system_setting', 13, '2026-02-22 12:39:23'),
(12, 'saved system setting: backup_frequency_days', 'system_setting', 12, '2026-03-11 14:54:28'),
(12, 'saved system setting: backup_frequency_days', 'system_setting', 9, '2026-03-21 16:13:13'),
(12, 'reset password for user #2', 'user_account', 2, '2026-03-25 10:24:52'),
(12, 'updated user account #8', 'user_account', 6, '2026-03-26 11:04:22'),
(12, 'updated user account #11', 'user_account', 4, '2026-03-30 14:56:58'),
(12, 'saved access privilege for role ceo_head_manager', 'access_privilege', 12, '2026-04-10 12:25:07'),
(12, 'performed a full database backup', 'backup_record', 4, '2026-04-20 14:17:36'),
(12, 'performed a full database backup', 'backup_record', 6, '2026-04-21 08:52:41'),
(12, 'reset password for user #9', 'user_account', 6, '2026-04-23 08:54:21'),
(12, 'saved access privilege for role inventory_manager', 'access_privilege', 11, '2026-05-17 13:50:57'),
(12, 'updated user account #3', 'user_account', 7, '2026-05-26 10:44:34'),
(12, 'reset password for user #8', 'user_account', 13, '2026-05-26 17:40:48'),
(12, 'reset password for user #2', 'user_account', 11, '2026-05-31 18:03:34'),
(12, 'performed a partial database backup', 'backup_record', 9, '2026-06-18 10:01:35'),
(12, 'reset password for user #13', 'user_account', 4, '2026-06-19 14:31:46'),
(12, 'saved system setting: tax_default_rate', 'system_setting', 3, '2026-06-28 09:44:13'),
(12, 'reset password for user #7', 'user_account', 10, '2026-06-28 18:16:38'),
(12, 'updated user account #6', 'user_account', 2, '2026-07-07 17:24:01'),
(12, 'performed a full database backup', 'backup_record', 3, '2026-07-08 16:18:32');

-- login_history
INSERT INTO login_history (user_id, login_time, logout_time) VALUES
(1, '2026-01-19 08:27:06', '2026-01-19 13:18:06'),
(1, '2026-01-20 07:58:00', '2026-01-20 16:57:00'),
(1, '2026-01-21 09:53:00', '2026-01-21 15:28:00'),
(1, '2026-01-28 08:29:58', '2026-01-28 12:36:58'),
(1, '2026-02-02 07:20:08', '2026-02-02 15:01:08'),
(1, '2026-02-03 08:12:00', '2026-02-03 12:12:00'),
(1, '2026-02-04 07:09:04', NULL),
(1, '2026-02-05 08:09:12', '2026-02-05 14:40:12'),
(1, '2026-02-06 09:03:22', '2026-02-06 16:57:22'),
(1, '2026-02-10 08:06:48', '2026-02-10 18:03:48'),
(1, '2026-02-11 07:43:37', '2026-02-11 14:49:37'),
(1, '2026-02-12 09:39:27', '2026-02-12 17:04:27'),
(1, '2026-02-13 08:18:02', '2026-02-13 18:01:02'),
(1, '2026-02-16 07:12:18', '2026-02-16 11:13:18'),
(1, '2026-02-17 08:09:10', '2026-02-17 14:17:10'),
(1, '2026-02-19 09:23:12', '2026-02-19 17:35:12'),
(1, '2026-02-23 07:37:04', '2026-02-23 13:16:04'),
(1, '2026-02-24 08:01:23', '2026-02-24 15:43:23'),
(1, '2026-02-25 07:48:07', '2026-02-25 17:25:07'),
(1, '2026-02-26 08:02:47', '2026-02-26 12:06:47'),
(1, '2026-02-27 07:26:00', NULL),
(1, '2026-03-02 08:22:35', '2026-03-02 14:04:35'),
(1, '2026-03-04 08:58:21', '2026-03-04 17:56:21'),
(1, '2026-03-06 08:32:32', '2026-03-06 15:03:32'),
(1, '2026-03-10 07:18:36', '2026-03-10 15:23:36'),
(1, '2026-03-12 09:32:59', '2026-03-12 18:56:59'),
(1, '2026-03-16 07:51:09', NULL),
(1, '2026-03-17 08:44:08', '2026-03-17 16:11:08'),
(1, '2026-03-18 09:09:19', '2026-03-18 15:25:19'),
(1, '2026-03-23 07:46:31', '2026-03-23 13:46:31'),
(1, '2026-03-24 07:44:56', '2026-03-24 16:53:56'),
(1, '2026-03-25 08:42:03', NULL),
(1, '2026-03-26 08:50:01', '2026-03-26 16:51:01'),
(1, '2026-03-27 08:17:13', '2026-03-27 16:13:13'),
(1, '2026-03-30 09:12:46', NULL),
(1, '2026-03-31 09:12:15', '2026-03-31 17:06:15'),
(1, '2026-04-01 07:24:38', '2026-04-01 13:15:38'),
(1, '2026-04-02 07:03:46', NULL),
(1, '2026-04-03 09:37:15', NULL),
(1, '2026-04-06 07:46:00', '2026-04-06 14:40:00'),
(1, '2026-04-09 09:14:21', '2026-04-09 15:18:21'),
(1, '2026-04-10 09:48:11', '2026-04-10 14:27:11'),
(1, '2026-04-13 07:59:16', '2026-04-13 17:27:16'),
(1, '2026-04-14 07:15:49', '2026-04-14 12:49:49'),
(1, '2026-04-16 07:08:08', '2026-04-16 14:41:08'),
(1, '2026-04-17 09:19:49', '2026-04-17 18:35:49'),
(1, '2026-04-20 07:55:22', '2026-04-20 12:59:22'),
(1, '2026-04-23 08:43:35', '2026-04-23 18:32:35'),
(1, '2026-04-24 07:55:39', '2026-04-24 13:33:39'),
(1, '2026-04-27 09:18:08', NULL),
(1, '2026-04-28 07:47:19', '2026-04-28 15:25:19'),
(1, '2026-04-29 08:46:55', '2026-04-29 13:34:55'),
(1, '2026-04-30 08:51:31', '2026-04-30 18:46:31'),
(1, '2026-05-01 08:30:25', '2026-05-01 14:12:25'),
(1, '2026-05-04 07:26:59', '2026-05-04 15:59:59'),
(1, '2026-05-08 07:05:46', '2026-05-08 16:15:46'),
(1, '2026-05-11 08:11:37', '2026-05-11 15:38:37'),
(1, '2026-05-12 09:53:44', '2026-05-12 18:37:44'),
(1, '2026-05-13 08:41:25', NULL),
(1, '2026-05-14 08:10:11', '2026-05-14 17:48:11'),
(1, '2026-05-15 09:34:38', NULL),
(1, '2026-05-18 09:15:51', '2026-05-18 17:21:51'),
(1, '2026-05-19 08:39:30', '2026-05-19 14:06:30'),
(1, '2026-05-20 09:53:31', '2026-05-20 14:28:31'),
(1, '2026-05-25 09:34:01', '2026-05-25 14:32:01'),
(1, '2026-05-27 08:07:49', '2026-05-27 15:28:49'),
(1, '2026-05-28 09:12:36', NULL),
(1, '2026-06-01 08:55:25', '2026-06-01 13:29:25'),
(1, '2026-06-02 07:41:07', '2026-06-02 14:14:07'),
(1, '2026-06-03 07:55:41', '2026-06-03 11:55:41'),
(1, '2026-06-04 07:16:17', '2026-06-04 16:27:17'),
(1, '2026-06-05 08:35:53', '2026-06-05 15:15:53'),
(1, '2026-06-08 07:40:14', '2026-06-08 13:17:14'),
(1, '2026-06-09 07:06:46', '2026-06-09 13:46:46'),
(1, '2026-06-10 09:32:25', '2026-06-10 14:03:25'),
(1, '2026-06-11 09:48:01', '2026-06-11 19:26:01'),
(1, '2026-06-12 07:10:14', '2026-06-12 14:48:14'),
(1, '2026-06-15 07:40:35', NULL),
(1, '2026-06-16 07:00:50', '2026-06-16 16:12:50'),
(1, '2026-06-17 07:51:16', '2026-06-17 15:32:16'),
(1, '2026-06-18 07:16:44', '2026-06-18 14:39:44'),
(1, '2026-06-19 09:40:18', '2026-06-19 19:31:18'),
(1, '2026-06-22 09:05:51', '2026-06-22 15:24:51'),
(1, '2026-06-23 09:38:23', '2026-06-23 19:27:23'),
(1, '2026-06-25 09:24:34', '2026-06-25 14:47:34'),
(1, '2026-06-26 08:23:14', '2026-06-26 17:27:14'),
(1, '2026-06-29 09:27:57', '2026-06-29 18:09:57'),
(1, '2026-07-01 09:12:42', '2026-07-01 15:44:42'),
(1, '2026-07-02 08:35:47', '2026-07-02 18:34:47'),
(1, '2026-07-06 09:27:40', '2026-07-06 17:20:40'),
(1, '2026-07-07 08:25:53', '2026-07-07 14:40:53'),
(1, '2026-07-08 09:51:29', '2026-07-08 18:21:29'),
(1, '2026-07-09 09:57:38', '2026-07-09 15:46:38'),
(1, '2026-07-13 09:35:13', '2026-07-13 18:51:13'),
(1, '2026-07-15 09:27:38', '2026-07-15 17:29:38'),
(1, '2026-07-16 09:50:19', '2026-07-16 14:13:19'),
(2, '2026-01-19 07:34:17', '2026-01-19 13:20:17'),
(2, '2026-01-21 07:17:11', '2026-01-21 16:05:11'),
(2, '2026-01-22 07:44:29', '2026-01-22 17:15:29'),
(2, '2026-01-27 08:40:50', '2026-01-27 18:20:50'),
(2, '2026-01-29 09:59:01', NULL),
(2, '2026-01-30 09:22:07', '2026-01-30 18:30:07'),
(2, '2026-02-03 09:00:19', '2026-02-03 13:42:19'),
(2, '2026-02-04 09:06:19', '2026-02-04 15:02:19'),
(2, '2026-02-05 08:38:16', '2026-02-05 18:21:16'),
(2, '2026-02-06 07:48:31', '2026-02-06 14:00:31'),
(2, '2026-02-09 09:46:57', NULL),
(2, '2026-02-10 09:22:36', NULL),
(2, '2026-02-12 08:11:56', '2026-02-12 14:20:56'),
(2, '2026-02-13 09:24:57', '2026-02-13 18:46:57'),
(2, '2026-02-17 07:33:23', '2026-02-17 15:45:23'),
(2, '2026-02-18 09:22:22', '2026-02-18 13:38:22'),
(2, '2026-02-19 08:02:51', '2026-02-19 17:07:51'),
(2, '2026-02-20 08:06:05', '2026-02-20 14:28:05'),
(2, '2026-02-24 09:14:44', '2026-02-24 14:13:44'),
(2, '2026-02-25 07:30:11', '2026-02-25 11:56:11'),
(2, '2026-02-26 07:28:16', '2026-02-26 13:22:16'),
(2, '2026-02-27 08:53:30', '2026-02-27 16:39:30'),
(2, '2026-03-02 09:10:48', '2026-03-02 13:21:48'),
(2, '2026-03-03 07:32:16', '2026-03-03 16:22:16'),
(2, '2026-03-04 08:10:00', '2026-03-04 12:37:00'),
(2, '2026-03-06 07:38:53', '2026-03-06 12:28:53'),
(2, '2026-03-13 07:27:47', '2026-03-13 11:46:47'),
(2, '2026-03-16 09:21:46', '2026-03-16 17:55:46'),
(2, '2026-03-17 07:58:43', '2026-03-17 15:26:43'),
(2, '2026-03-18 07:11:48', '2026-03-18 13:03:48'),
(2, '2026-03-19 09:33:02', '2026-03-19 16:27:02'),
(2, '2026-03-23 09:09:03', '2026-03-23 18:01:03'),
(2, '2026-03-24 08:23:02', '2026-03-24 13:58:02'),
(2, '2026-03-25 09:15:06', '2026-03-25 14:45:06'),
(2, '2026-03-26 08:28:24', '2026-03-26 17:07:24'),
(2, '2026-03-27 09:21:18', '2026-03-27 18:39:18'),
(2, '2026-03-30 07:57:05', '2026-03-30 17:09:05'),
(2, '2026-03-31 07:27:56', '2026-03-31 13:25:56'),
(2, '2026-04-01 07:43:41', '2026-04-01 17:20:41'),
(2, '2026-04-02 07:43:41', NULL),
(2, '2026-04-03 07:43:37', NULL),
(2, '2026-04-06 08:38:08', '2026-04-06 15:29:08'),
(2, '2026-04-07 08:13:54', '2026-04-07 13:06:54'),
(2, '2026-04-08 09:39:05', '2026-04-08 19:11:05'),
(2, '2026-04-09 09:09:10', NULL),
(2, '2026-04-10 08:36:57', NULL),
(2, '2026-04-13 07:43:29', '2026-04-13 14:50:29'),
(2, '2026-04-14 08:08:36', '2026-04-14 15:39:36'),
(2, '2026-04-15 09:18:22', '2026-04-15 18:57:22'),
(2, '2026-04-20 07:03:16', '2026-04-20 11:03:16'),
(2, '2026-04-22 07:49:41', '2026-04-22 16:04:41'),
(2, '2026-04-23 09:39:02', '2026-04-23 18:58:02'),
(2, '2026-04-24 07:10:38', '2026-04-24 14:38:38'),
(2, '2026-04-27 07:15:41', '2026-04-27 13:15:41'),
(2, '2026-04-28 09:50:13', '2026-04-28 19:34:13'),
(2, '2026-04-29 08:19:40', NULL),
(2, '2026-04-30 07:15:50', '2026-04-30 15:21:50'),
(2, '2026-05-01 07:53:35', '2026-05-01 15:04:35'),
(2, '2026-05-04 08:06:15', '2026-05-04 15:09:15'),
(2, '2026-05-05 08:10:09', NULL),
(2, '2026-05-06 09:35:10', '2026-05-06 14:46:10'),
(2, '2026-05-07 09:47:12', '2026-05-07 14:43:12'),
(2, '2026-05-08 08:33:07', '2026-05-08 17:59:07'),
(2, '2026-05-11 07:15:34', '2026-05-11 16:58:34'),
(2, '2026-05-12 09:30:15', '2026-05-12 17:30:15'),
(2, '2026-05-13 09:37:45', '2026-05-13 17:04:45'),
(2, '2026-05-14 07:02:01', '2026-05-14 11:18:01'),
(2, '2026-05-15 07:49:03', '2026-05-15 12:18:03'),
(2, '2026-05-19 07:17:35', '2026-05-19 12:07:35'),
(2, '2026-05-20 09:53:38', '2026-05-20 15:06:38'),
(2, '2026-05-21 09:23:05', '2026-05-21 18:11:05'),
(2, '2026-05-22 08:51:41', '2026-05-22 15:50:41'),
(2, '2026-05-25 09:30:09', '2026-05-25 15:51:09'),
(2, '2026-05-28 07:38:11', '2026-05-28 14:43:11'),
(2, '2026-05-29 08:46:43', '2026-05-29 18:34:43'),
(2, '2026-06-01 09:26:48', '2026-06-01 16:41:48'),
(2, '2026-06-02 08:06:08', '2026-06-02 16:05:08'),
(2, '2026-06-03 09:14:01', '2026-06-03 16:27:01'),
(2, '2026-06-04 07:34:54', '2026-06-04 15:21:54'),
(2, '2026-06-05 07:10:46', '2026-06-05 16:51:46'),
(2, '2026-06-09 08:42:24', '2026-06-09 15:01:24'),
(2, '2026-06-10 08:11:31', '2026-06-10 17:24:31'),
(2, '2026-06-11 09:07:04', '2026-06-11 16:56:04'),
(2, '2026-06-12 08:11:40', '2026-06-12 14:22:40'),
(2, '2026-06-15 07:07:38', '2026-06-15 15:54:38'),
(2, '2026-06-16 08:16:30', NULL),
(2, '2026-06-17 08:24:34', '2026-06-17 16:01:34'),
(2, '2026-06-18 08:59:01', '2026-06-18 17:34:01'),
(2, '2026-06-19 07:00:01', '2026-06-19 12:31:01'),
(2, '2026-06-22 09:14:25', '2026-06-22 19:07:25'),
(2, '2026-06-23 08:36:11', '2026-06-23 14:25:11'),
(2, '2026-06-29 09:41:10', '2026-06-29 14:05:10'),
(2, '2026-06-30 07:17:04', NULL),
(2, '2026-07-01 08:47:59', '2026-07-01 16:53:59'),
(2, '2026-07-02 08:10:08', '2026-07-02 14:40:08'),
(2, '2026-07-03 07:01:05', '2026-07-03 14:45:05'),
(2, '2026-07-06 08:41:03', '2026-07-06 16:02:03'),
(2, '2026-07-07 09:39:46', '2026-07-07 19:12:46'),
(2, '2026-07-08 09:30:57', '2026-07-08 17:58:57'),
(2, '2026-07-09 07:20:10', '2026-07-09 12:26:10'),
(2, '2026-07-10 07:17:34', '2026-07-10 13:43:34'),
(2, '2026-07-13 09:06:35', '2026-07-13 18:12:35'),
(2, '2026-07-16 07:31:13', '2026-07-16 17:25:13'),
(3, '2026-01-19 08:55:15', NULL);
INSERT INTO login_history (user_id, login_time, logout_time) VALUES
(3, '2026-01-20 07:10:38', '2026-01-20 14:03:38'),
(3, '2026-01-22 07:47:55', '2026-01-22 12:13:55'),
(3, '2026-01-23 09:26:13', '2026-01-23 17:58:13'),
(3, '2026-01-26 09:53:57', '2026-01-26 19:38:57'),
(3, '2026-01-27 09:56:37', NULL),
(3, '2026-01-28 07:44:03', NULL),
(3, '2026-01-29 07:31:04', '2026-01-29 14:53:04'),
(3, '2026-01-30 09:44:10', NULL),
(3, '2026-02-02 09:12:26', '2026-02-02 14:16:26'),
(3, '2026-02-04 09:21:17', '2026-02-04 13:40:17'),
(3, '2026-02-05 07:15:30', '2026-02-05 15:37:30'),
(3, '2026-02-09 08:33:49', '2026-02-09 13:54:49'),
(3, '2026-02-10 07:43:38', '2026-02-10 16:31:38'),
(3, '2026-02-12 08:46:13', '2026-02-12 13:55:13'),
(3, '2026-02-16 08:06:28', '2026-02-16 12:59:28'),
(3, '2026-02-17 09:11:20', '2026-02-17 13:51:20'),
(3, '2026-02-18 08:53:31', '2026-02-18 14:50:31'),
(3, '2026-02-25 08:51:02', '2026-02-25 17:16:02'),
(3, '2026-02-26 09:16:22', '2026-02-26 15:02:22'),
(3, '2026-02-27 08:20:14', NULL),
(3, '2026-03-02 07:38:15', NULL),
(3, '2026-03-03 08:38:25', '2026-03-03 17:59:25'),
(3, '2026-03-04 09:02:41', '2026-03-04 18:44:41'),
(3, '2026-03-06 09:34:29', '2026-03-06 16:32:29'),
(3, '2026-03-09 09:47:39', '2026-03-09 15:31:39'),
(3, '2026-03-10 08:40:49', '2026-03-10 15:21:49'),
(3, '2026-03-13 09:04:04', '2026-03-13 14:43:04'),
(3, '2026-03-16 08:28:01', '2026-03-16 13:35:01'),
(3, '2026-03-17 07:45:18', '2026-03-17 17:43:18'),
(3, '2026-03-18 07:41:10', '2026-03-18 17:35:10'),
(3, '2026-03-20 09:33:56', '2026-03-20 18:47:56'),
(3, '2026-03-24 09:58:15', '2026-03-24 15:25:15'),
(3, '2026-03-25 07:06:57', '2026-03-25 16:56:57'),
(3, '2026-03-26 08:10:18', '2026-03-26 17:05:18'),
(3, '2026-03-31 09:01:10', '2026-03-31 14:52:10'),
(3, '2026-04-02 09:38:19', '2026-04-02 16:22:19'),
(3, '2026-04-06 09:47:32', '2026-04-06 14:08:32'),
(3, '2026-04-07 08:00:39', '2026-04-07 14:06:39'),
(3, '2026-04-08 08:12:39', '2026-04-08 17:16:39'),
(3, '2026-04-10 08:19:53', '2026-04-10 15:12:53'),
(3, '2026-04-13 07:43:40', '2026-04-13 16:41:40'),
(3, '2026-04-16 07:42:57', '2026-04-16 11:43:57'),
(3, '2026-04-17 08:24:20', '2026-04-17 14:11:20'),
(3, '2026-04-20 07:02:40', '2026-04-20 12:32:40'),
(3, '2026-04-21 08:27:37', '2026-04-21 16:05:37'),
(3, '2026-04-22 07:36:22', '2026-04-22 16:00:22'),
(3, '2026-04-23 08:05:53', NULL),
(3, '2026-04-27 07:38:43', NULL),
(3, '2026-04-28 07:50:50', '2026-04-28 14:31:50'),
(3, '2026-04-29 07:18:00', '2026-04-29 16:29:00'),
(3, '2026-05-04 07:17:26', '2026-05-04 14:00:26'),
(3, '2026-05-05 09:14:15', '2026-05-05 16:37:15'),
(3, '2026-05-06 09:33:24', '2026-05-06 17:49:24'),
(3, '2026-05-07 09:27:49', '2026-05-07 15:38:49'),
(3, '2026-05-08 09:35:11', '2026-05-08 17:43:11'),
(3, '2026-05-11 08:01:28', '2026-05-11 14:53:28'),
(3, '2026-05-13 08:10:48', '2026-05-13 18:07:48'),
(3, '2026-05-20 08:53:40', '2026-05-20 14:29:40'),
(3, '2026-05-21 09:55:27', '2026-05-21 15:15:27'),
(3, '2026-05-22 08:25:21', NULL),
(3, '2026-05-25 09:33:12', NULL),
(3, '2026-05-26 09:21:17', '2026-05-26 17:50:17'),
(3, '2026-05-27 08:18:47', '2026-05-27 17:43:47'),
(3, '2026-05-28 09:27:27', '2026-05-28 18:06:27'),
(3, '2026-05-29 08:01:26', '2026-05-29 15:45:26'),
(3, '2026-06-03 08:37:03', NULL),
(3, '2026-06-04 08:58:05', NULL),
(3, '2026-06-08 09:16:50', '2026-06-08 19:15:50'),
(3, '2026-06-10 08:30:53', '2026-06-10 16:16:53'),
(3, '2026-06-11 09:21:04', '2026-06-11 17:48:04'),
(3, '2026-06-15 08:31:42', '2026-06-15 17:27:42'),
(3, '2026-06-16 07:13:18', '2026-06-16 13:52:18'),
(3, '2026-06-19 08:01:56', '2026-06-19 14:21:56'),
(3, '2026-06-22 07:41:21', '2026-06-22 15:35:21'),
(3, '2026-06-23 07:31:21', '2026-06-23 13:23:21'),
(3, '2026-06-24 08:57:11', '2026-06-24 16:01:11'),
(3, '2026-06-25 09:34:37', '2026-06-25 16:25:37'),
(3, '2026-06-26 08:02:54', '2026-06-26 12:57:54'),
(3, '2026-06-29 07:34:20', '2026-06-29 15:01:20'),
(3, '2026-06-30 08:55:53', '2026-06-30 13:35:53'),
(3, '2026-07-01 07:33:41', '2026-07-01 13:21:41'),
(3, '2026-07-02 09:55:03', '2026-07-02 15:15:03'),
(3, '2026-07-03 07:01:46', '2026-07-03 11:50:46'),
(3, '2026-07-06 07:28:35', '2026-07-06 15:49:35'),
(3, '2026-07-07 09:41:13', NULL),
(3, '2026-07-08 09:55:23', '2026-07-08 19:26:23'),
(3, '2026-07-09 09:24:48', '2026-07-09 14:48:48'),
(3, '2026-07-10 07:03:12', '2026-07-10 12:19:12'),
(3, '2026-07-13 08:13:40', '2026-07-13 15:45:40'),
(3, '2026-07-14 08:47:47', '2026-07-14 13:53:47'),
(3, '2026-07-15 09:09:12', '2026-07-15 16:52:12'),
(3, '2026-07-16 08:45:53', '2026-07-16 13:13:53'),
(4, '2026-01-21 08:29:29', '2026-01-21 14:12:29'),
(4, '2026-01-22 07:24:15', '2026-01-22 14:58:15'),
(4, '2026-01-23 07:32:39', '2026-01-23 16:30:39'),
(4, '2026-01-27 08:16:50', '2026-01-27 14:55:50'),
(4, '2026-01-28 08:41:15', '2026-01-28 17:26:15'),
(4, '2026-01-29 09:22:54', '2026-01-29 18:51:54'),
(4, '2026-01-30 07:48:50', '2026-01-30 15:17:50'),
(4, '2026-02-02 08:18:01', '2026-02-02 13:19:01'),
(4, '2026-02-04 08:22:05', '2026-02-04 15:44:05'),
(4, '2026-02-05 07:04:20', '2026-02-05 12:45:20'),
(4, '2026-02-06 07:39:37', NULL),
(4, '2026-02-09 09:02:36', '2026-02-09 18:04:36'),
(4, '2026-02-10 08:25:22', '2026-02-10 13:40:22'),
(4, '2026-02-11 09:16:21', '2026-02-11 15:57:21'),
(4, '2026-02-12 08:15:21', '2026-02-12 14:10:21'),
(4, '2026-02-13 08:27:02', '2026-02-13 18:15:02'),
(4, '2026-02-16 07:16:29', NULL),
(4, '2026-02-18 07:03:47', '2026-02-18 13:40:47'),
(4, '2026-02-23 08:04:05', '2026-02-23 16:36:05'),
(4, '2026-02-24 09:25:53', '2026-02-24 13:30:53'),
(4, '2026-02-25 09:56:20', '2026-02-25 19:24:20'),
(4, '2026-02-26 08:25:27', NULL),
(4, '2026-03-02 08:28:27', '2026-03-02 17:09:27'),
(4, '2026-03-03 08:32:31', '2026-03-03 15:18:31'),
(4, '2026-03-04 09:26:25', '2026-03-04 17:01:25'),
(4, '2026-03-06 07:47:23', '2026-03-06 14:12:23'),
(4, '2026-03-09 09:37:23', NULL),
(4, '2026-03-10 07:17:45', '2026-03-10 13:01:45'),
(4, '2026-03-11 09:11:36', '2026-03-11 16:38:36'),
(4, '2026-03-16 08:43:15', '2026-03-16 15:54:15'),
(4, '2026-03-18 07:22:04', '2026-03-18 11:56:04'),
(4, '2026-03-19 07:19:31', '2026-03-19 12:32:31'),
(4, '2026-03-20 07:16:29', '2026-03-20 15:37:29'),
(4, '2026-03-24 08:19:55', '2026-03-24 13:19:55'),
(4, '2026-03-25 09:16:18', NULL),
(4, '2026-03-27 09:10:58', '2026-03-27 17:40:58'),
(4, '2026-03-30 08:05:34', '2026-03-30 17:49:34'),
(4, '2026-03-31 08:26:19', '2026-03-31 15:56:19'),
(4, '2026-04-01 07:05:13', '2026-04-01 11:37:13'),
(4, '2026-04-02 07:09:22', '2026-04-02 12:26:22'),
(4, '2026-04-08 09:52:05', '2026-04-08 18:51:05'),
(4, '2026-04-09 09:23:40', '2026-04-09 13:54:40'),
(4, '2026-04-10 08:21:56', '2026-04-10 16:24:56'),
(4, '2026-04-14 09:56:43', '2026-04-14 14:54:43'),
(4, '2026-04-15 09:24:21', '2026-04-15 18:17:21'),
(4, '2026-04-20 08:48:39', '2026-04-20 17:01:39'),
(4, '2026-04-22 07:19:34', '2026-04-22 15:24:34'),
(4, '2026-04-23 09:48:02', '2026-04-23 15:22:02'),
(4, '2026-04-24 08:55:24', '2026-04-24 14:40:24'),
(4, '2026-04-27 07:19:58', '2026-04-27 16:57:58'),
(4, '2026-04-29 09:53:15', '2026-04-29 14:46:15'),
(4, '2026-04-30 07:11:04', '2026-04-30 12:41:04'),
(4, '2026-05-04 07:18:46', '2026-05-04 12:33:46'),
(4, '2026-05-05 09:22:23', '2026-05-05 13:26:23'),
(4, '2026-05-06 07:12:03', '2026-05-06 13:12:03'),
(4, '2026-05-07 09:05:42', '2026-05-07 13:44:42'),
(4, '2026-05-11 08:39:35', '2026-05-11 14:59:35'),
(4, '2026-05-12 09:53:45', '2026-05-12 19:44:45'),
(4, '2026-05-13 08:07:50', '2026-05-13 13:45:50'),
(4, '2026-05-14 07:26:39', '2026-05-14 15:43:39'),
(4, '2026-05-15 07:26:19', '2026-05-15 16:24:19'),
(4, '2026-05-18 07:01:26', '2026-05-18 16:48:26'),
(4, '2026-05-19 09:24:44', '2026-05-19 13:27:44'),
(4, '2026-05-25 09:08:10', '2026-05-25 14:59:10'),
(4, '2026-05-26 08:34:09', '2026-05-26 17:33:09'),
(4, '2026-05-28 09:05:40', '2026-05-28 16:04:40'),
(4, '2026-05-29 07:41:50', '2026-05-29 16:17:50'),
(4, '2026-06-01 07:01:33', '2026-06-01 13:32:33'),
(4, '2026-06-02 09:05:47', NULL),
(4, '2026-06-03 07:08:42', '2026-06-03 17:07:42'),
(4, '2026-06-05 08:08:48', '2026-06-05 17:37:48'),
(4, '2026-06-08 07:10:09', NULL),
(4, '2026-06-10 08:35:21', '2026-06-10 17:43:21'),
(4, '2026-06-11 07:35:29', '2026-06-11 13:14:29'),
(4, '2026-06-15 08:21:11', '2026-06-15 12:42:11'),
(4, '2026-06-16 09:56:59', '2026-06-16 14:41:59'),
(4, '2026-06-22 08:02:18', '2026-06-22 13:52:18'),
(4, '2026-06-24 07:26:50', '2026-06-24 14:22:50'),
(4, '2026-06-25 08:51:25', '2026-06-25 17:12:25'),
(4, '2026-06-26 09:01:16', '2026-06-26 18:33:16'),
(4, '2026-06-30 08:27:25', '2026-06-30 14:40:25'),
(4, '2026-07-01 08:21:40', '2026-07-01 16:12:40'),
(4, '2026-07-02 09:35:31', '2026-07-02 18:03:31'),
(4, '2026-07-03 08:22:27', '2026-07-03 17:01:27'),
(4, '2026-07-07 08:42:03', '2026-07-07 14:38:03'),
(4, '2026-07-10 07:06:51', '2026-07-10 12:41:51'),
(4, '2026-07-13 08:30:53', '2026-07-13 18:18:53'),
(4, '2026-07-14 07:48:36', '2026-07-14 13:20:36'),
(4, '2026-07-15 08:07:48', '2026-07-15 15:01:48'),
(5, '2026-01-16 08:46:15', '2026-01-16 18:22:15'),
(5, '2026-01-19 07:37:45', '2026-01-19 14:06:45'),
(5, '2026-01-21 08:14:19', '2026-01-21 16:29:19'),
(5, '2026-01-22 07:47:26', '2026-01-22 16:50:26'),
(5, '2026-01-26 07:08:42', '2026-01-26 14:08:42'),
(5, '2026-01-28 09:48:33', '2026-01-28 19:21:33'),
(5, '2026-01-29 08:53:51', '2026-01-29 18:35:51'),
(5, '2026-01-30 07:23:49', '2026-01-30 16:57:49'),
(5, '2026-02-02 07:33:57', '2026-02-02 16:30:57'),
(5, '2026-02-03 07:33:13', '2026-02-03 13:46:13'),
(5, '2026-02-04 09:32:21', '2026-02-04 18:51:21'),
(5, '2026-02-05 08:31:58', '2026-02-05 16:03:58'),
(5, '2026-02-06 08:17:20', '2026-02-06 13:47:20'),
(5, '2026-02-10 09:20:53', '2026-02-10 15:29:53'),
(5, '2026-02-11 08:40:12', NULL),
(5, '2026-02-12 08:43:50', '2026-02-12 17:23:50'),
(5, '2026-02-13 09:44:39', '2026-02-13 18:29:39'),
(5, '2026-02-16 08:05:43', NULL),
(5, '2026-02-17 09:24:43', '2026-02-17 14:51:43');
INSERT INTO login_history (user_id, login_time, logout_time) VALUES
(5, '2026-02-18 07:53:47', '2026-02-18 16:32:47'),
(5, '2026-02-19 08:21:14', '2026-02-19 15:43:14'),
(5, '2026-02-23 07:49:22', '2026-02-23 15:08:22'),
(5, '2026-02-26 08:33:38', '2026-02-26 17:33:38'),
(5, '2026-03-02 07:22:47', '2026-03-02 12:25:47'),
(5, '2026-03-04 07:53:02', NULL),
(5, '2026-03-05 09:30:41', '2026-03-05 15:29:41'),
(5, '2026-03-06 07:33:17', '2026-03-06 16:46:17'),
(5, '2026-03-09 09:38:10', '2026-03-09 17:13:10'),
(5, '2026-03-11 09:33:49', '2026-03-11 19:17:49'),
(5, '2026-03-12 07:51:40', '2026-03-12 12:08:40'),
(5, '2026-03-13 07:12:58', '2026-03-13 11:16:58'),
(5, '2026-03-17 07:28:47', '2026-03-17 15:53:47'),
(5, '2026-03-18 09:31:06', '2026-03-18 15:47:06'),
(5, '2026-03-19 07:22:15', '2026-03-19 14:24:15'),
(5, '2026-03-20 08:31:54', '2026-03-20 18:23:54'),
(5, '2026-03-24 07:31:08', NULL),
(5, '2026-03-25 07:25:59', '2026-03-25 14:04:59'),
(5, '2026-03-26 07:38:44', '2026-03-26 16:30:44'),
(5, '2026-03-30 09:40:59', '2026-03-30 18:03:59'),
(5, '2026-03-31 07:05:56', '2026-03-31 13:25:56'),
(5, '2026-04-01 09:53:42', '2026-04-01 15:48:42'),
(5, '2026-04-02 08:29:21', '2026-04-02 16:37:21'),
(5, '2026-04-03 07:24:11', '2026-04-03 13:02:11'),
(5, '2026-04-06 08:41:32', '2026-04-06 18:06:32'),
(5, '2026-04-07 09:39:49', '2026-04-07 17:32:49'),
(5, '2026-04-08 09:50:57', '2026-04-08 17:56:57'),
(5, '2026-04-10 07:29:30', '2026-04-10 11:38:30'),
(5, '2026-04-13 09:17:19', NULL),
(5, '2026-04-14 07:21:13', '2026-04-14 15:19:13'),
(5, '2026-04-15 09:11:33', '2026-04-15 14:44:33'),
(5, '2026-04-16 08:42:36', '2026-04-16 16:10:36'),
(5, '2026-04-17 08:49:20', '2026-04-17 13:19:20'),
(5, '2026-04-20 08:19:46', '2026-04-20 18:09:46'),
(5, '2026-04-21 09:53:19', '2026-04-21 17:27:19'),
(5, '2026-04-22 08:06:21', '2026-04-22 16:17:21'),
(5, '2026-04-28 09:17:49', '2026-04-28 13:48:49'),
(5, '2026-04-29 09:15:19', '2026-04-29 15:28:19'),
(5, '2026-04-30 08:29:07', '2026-04-30 17:32:07'),
(5, '2026-05-01 08:41:16', '2026-05-01 14:30:16'),
(5, '2026-05-04 08:15:42', NULL),
(5, '2026-05-06 09:30:08', '2026-05-06 15:59:08'),
(5, '2026-05-11 08:06:14', '2026-05-11 17:52:14'),
(5, '2026-05-12 08:06:25', '2026-05-12 17:29:25'),
(5, '2026-05-13 09:42:20', '2026-05-13 15:16:20'),
(5, '2026-05-14 08:22:35', NULL),
(5, '2026-05-15 09:37:50', '2026-05-15 16:08:50'),
(5, '2026-05-18 08:53:31', '2026-05-18 16:59:31'),
(5, '2026-05-19 08:02:09', '2026-05-19 16:51:09'),
(5, '2026-05-21 07:49:12', '2026-05-21 13:02:12'),
(5, '2026-05-22 09:50:40', '2026-05-22 14:09:40'),
(5, '2026-05-25 07:16:25', '2026-05-25 14:56:25'),
(5, '2026-05-26 08:46:31', '2026-05-26 16:32:31'),
(5, '2026-05-29 08:07:35', '2026-05-29 14:43:35'),
(5, '2026-06-01 07:33:45', '2026-06-01 13:56:45'),
(5, '2026-06-02 08:02:07', '2026-06-02 13:40:07'),
(5, '2026-06-04 07:29:22', '2026-06-04 12:11:22'),
(5, '2026-06-08 08:47:02', '2026-06-08 16:23:02'),
(5, '2026-06-09 08:36:02', '2026-06-09 16:20:02'),
(5, '2026-06-10 09:20:20', '2026-06-10 17:17:20'),
(5, '2026-06-11 07:47:51', '2026-06-11 13:29:51'),
(5, '2026-06-12 09:27:28', '2026-06-12 14:49:28'),
(5, '2026-06-16 08:15:23', '2026-06-16 15:00:23'),
(5, '2026-06-17 08:02:31', NULL),
(5, '2026-06-18 09:34:13', '2026-06-18 13:47:13'),
(5, '2026-06-19 08:52:06', '2026-06-19 16:52:06'),
(5, '2026-06-22 07:03:38', '2026-06-22 13:13:38'),
(5, '2026-06-23 08:39:14', '2026-06-23 18:38:14'),
(5, '2026-06-24 08:45:49', '2026-06-24 16:13:49'),
(5, '2026-06-25 07:44:17', '2026-06-25 11:56:17'),
(5, '2026-06-26 09:00:42', NULL),
(5, '2026-06-29 09:14:51', '2026-06-29 18:41:51'),
(5, '2026-07-02 07:24:52', NULL),
(5, '2026-07-03 08:11:42', '2026-07-03 17:41:42'),
(5, '2026-07-08 07:09:56', '2026-07-08 15:33:56'),
(5, '2026-07-09 09:06:05', '2026-07-09 18:14:05'),
(5, '2026-07-13 07:04:16', '2026-07-13 12:24:16'),
(6, '2026-01-16 07:37:31', '2026-01-16 16:13:31'),
(6, '2026-01-22 08:51:39', '2026-01-22 16:39:39'),
(6, '2026-01-23 08:16:40', '2026-01-23 16:14:40'),
(6, '2026-01-26 07:11:23', '2026-01-26 13:28:23'),
(6, '2026-01-27 07:07:33', NULL),
(6, '2026-01-28 09:42:54', '2026-01-28 19:03:54'),
(6, '2026-01-29 08:58:28', '2026-01-29 13:41:28'),
(6, '2026-01-30 07:13:35', '2026-01-30 16:47:35'),
(6, '2026-02-02 09:13:28', '2026-02-02 18:40:28'),
(6, '2026-02-03 07:34:49', '2026-02-03 14:39:49'),
(6, '2026-02-04 09:08:10', NULL),
(6, '2026-02-05 09:33:15', '2026-02-05 15:50:15'),
(6, '2026-02-10 08:10:34', '2026-02-10 15:10:34'),
(6, '2026-02-11 09:30:56', '2026-02-11 15:59:56'),
(6, '2026-02-13 09:00:26', '2026-02-13 16:27:26'),
(6, '2026-02-16 09:15:49', '2026-02-16 15:02:49'),
(6, '2026-02-17 07:30:26', '2026-02-17 17:23:26'),
(6, '2026-02-18 08:11:06', '2026-02-18 12:29:06'),
(6, '2026-02-19 09:25:35', NULL),
(6, '2026-02-20 09:24:52', '2026-02-20 13:38:52'),
(6, '2026-02-24 08:54:19', '2026-02-24 16:10:19'),
(6, '2026-02-25 08:19:06', '2026-02-25 12:44:06'),
(6, '2026-02-26 09:57:43', '2026-02-26 18:40:43'),
(6, '2026-02-27 08:50:51', '2026-02-27 17:36:51'),
(6, '2026-03-02 08:41:00', '2026-03-02 14:02:00'),
(6, '2026-03-05 09:28:43', NULL),
(6, '2026-03-06 09:55:23', '2026-03-06 14:07:23'),
(6, '2026-03-09 09:09:37', '2026-03-09 13:38:37'),
(6, '2026-03-10 07:21:59', '2026-03-10 15:36:59'),
(6, '2026-03-11 08:46:08', '2026-03-11 14:56:08'),
(6, '2026-03-12 07:08:11', NULL),
(6, '2026-03-13 07:35:45', '2026-03-13 14:25:45'),
(6, '2026-03-16 07:09:55', '2026-03-16 15:23:55'),
(6, '2026-03-17 08:34:14', '2026-03-17 14:46:14'),
(6, '2026-03-18 09:40:05', NULL),
(6, '2026-03-19 07:56:51', '2026-03-19 12:26:51'),
(6, '2026-03-20 08:24:36', '2026-03-20 18:09:36'),
(6, '2026-03-23 07:56:10', '2026-03-23 13:59:10'),
(6, '2026-03-25 07:58:34', '2026-03-25 12:34:34'),
(6, '2026-03-26 09:40:37', '2026-03-26 18:17:37'),
(6, '2026-03-27 07:21:51', '2026-03-27 15:50:51'),
(6, '2026-03-30 08:05:54', '2026-03-30 12:17:54'),
(6, '2026-03-31 08:32:28', '2026-03-31 16:51:28'),
(6, '2026-04-01 08:58:59', '2026-04-01 13:19:59'),
(6, '2026-04-02 08:16:34', '2026-04-02 17:56:34'),
(6, '2026-04-03 08:13:15', '2026-04-03 16:29:15'),
(6, '2026-04-06 09:29:48', '2026-04-06 16:58:48'),
(6, '2026-04-08 07:00:24', '2026-04-08 13:20:24'),
(6, '2026-04-10 09:59:37', '2026-04-10 17:42:37'),
(6, '2026-04-13 07:53:05', '2026-04-13 15:41:05'),
(6, '2026-04-14 07:14:11', '2026-04-14 15:01:11'),
(6, '2026-04-16 08:58:48', '2026-04-16 15:53:48'),
(6, '2026-04-17 07:19:34', '2026-04-17 16:13:34'),
(6, '2026-04-20 08:44:55', '2026-04-20 18:35:55'),
(6, '2026-04-22 07:34:05', '2026-04-22 14:35:05'),
(6, '2026-04-27 07:29:38', '2026-04-27 16:26:38'),
(6, '2026-05-01 08:51:30', '2026-05-01 12:57:30'),
(6, '2026-05-04 08:36:30', '2026-05-04 15:59:30'),
(6, '2026-05-05 09:22:26', '2026-05-05 14:54:26'),
(6, '2026-05-06 08:09:10', '2026-05-06 16:22:10'),
(6, '2026-05-07 08:17:43', NULL),
(6, '2026-05-08 07:38:32', '2026-05-08 17:02:32'),
(6, '2026-05-11 08:47:26', NULL),
(6, '2026-05-12 09:37:46', '2026-05-12 19:22:46'),
(6, '2026-05-14 09:08:59', '2026-05-14 17:38:59'),
(6, '2026-05-15 08:56:28', '2026-05-15 16:34:28'),
(6, '2026-05-18 07:48:41', '2026-05-18 16:45:41'),
(6, '2026-05-20 07:31:29', '2026-05-20 17:22:29'),
(6, '2026-05-21 08:04:42', '2026-05-21 12:32:42'),
(6, '2026-05-22 08:07:08', '2026-05-22 15:18:08'),
(6, '2026-05-25 07:26:34', '2026-05-25 17:24:34'),
(6, '2026-05-26 07:10:14', '2026-05-26 12:13:14'),
(6, '2026-05-27 07:39:37', '2026-05-27 13:56:37'),
(6, '2026-05-28 08:52:45', '2026-05-28 16:28:45'),
(6, '2026-06-01 07:43:58', NULL),
(6, '2026-06-02 09:08:12', '2026-06-02 18:04:12'),
(6, '2026-06-03 07:38:19', NULL),
(6, '2026-06-04 07:30:45', '2026-06-04 12:20:45'),
(6, '2026-06-05 08:16:33', '2026-06-05 16:37:33'),
(6, '2026-06-08 08:49:21', '2026-06-08 13:26:21'),
(6, '2026-06-09 09:50:00', '2026-06-09 16:12:00'),
(6, '2026-06-12 07:20:15', '2026-06-12 15:08:15'),
(6, '2026-06-17 07:30:35', '2026-06-17 15:05:35'),
(6, '2026-06-18 08:34:25', NULL),
(6, '2026-06-19 07:46:37', '2026-06-19 12:53:37'),
(6, '2026-06-22 07:58:30', NULL),
(6, '2026-06-24 09:57:20', '2026-06-24 17:56:20'),
(6, '2026-06-25 09:49:36', '2026-06-25 18:40:36'),
(6, '2026-06-26 09:49:30', '2026-06-26 18:20:30'),
(6, '2026-06-29 09:04:16', '2026-06-29 15:40:16'),
(6, '2026-06-30 08:11:36', '2026-06-30 16:09:36'),
(6, '2026-07-01 08:19:19', NULL),
(6, '2026-07-02 07:48:11', '2026-07-02 15:48:11'),
(6, '2026-07-07 07:20:05', '2026-07-07 12:53:05'),
(6, '2026-07-08 08:43:05', '2026-07-08 12:52:05'),
(6, '2026-07-10 09:45:41', '2026-07-10 14:31:41'),
(6, '2026-07-14 08:17:04', '2026-07-14 16:48:04'),
(6, '2026-07-15 09:55:44', NULL),
(7, '2026-01-16 08:08:55', '2026-01-16 17:55:55'),
(7, '2026-01-19 07:22:10', '2026-01-19 16:58:10'),
(7, '2026-01-20 08:10:52', NULL),
(7, '2026-01-22 08:34:58', '2026-01-22 15:21:58'),
(7, '2026-01-23 07:12:00', '2026-01-23 13:44:00'),
(7, '2026-01-27 07:44:35', '2026-01-27 16:29:35'),
(7, '2026-01-29 08:03:50', NULL),
(7, '2026-01-30 08:38:09', '2026-01-30 16:09:09'),
(7, '2026-02-02 09:42:34', '2026-02-02 18:48:34'),
(7, '2026-02-03 08:00:06', '2026-02-03 17:06:06'),
(7, '2026-02-04 08:38:54', '2026-02-04 17:46:54'),
(7, '2026-02-05 07:22:04', '2026-02-05 11:29:04'),
(7, '2026-02-09 09:46:22', '2026-02-09 15:31:22'),
(7, '2026-02-10 09:28:53', NULL),
(7, '2026-02-11 09:54:12', '2026-02-11 18:15:12'),
(7, '2026-02-12 09:58:06', '2026-02-12 19:56:06'),
(7, '2026-02-13 08:51:07', NULL),
(7, '2026-02-18 07:18:38', '2026-02-18 12:15:38'),
(7, '2026-02-19 08:53:59', '2026-02-19 18:47:59'),
(7, '2026-02-20 08:58:11', '2026-02-20 16:50:11'),
(7, '2026-02-23 08:10:24', '2026-02-23 16:15:24'),
(7, '2026-02-24 09:15:44', NULL),
(7, '2026-02-25 09:50:58', '2026-02-25 17:05:58'),
(7, '2026-02-26 09:27:45', '2026-02-26 16:37:45'),
(7, '2026-03-03 07:40:19', '2026-03-03 14:35:19');
INSERT INTO login_history (user_id, login_time, logout_time) VALUES
(7, '2026-03-04 08:33:31', '2026-03-04 15:56:31'),
(7, '2026-03-05 08:57:25', '2026-03-05 15:11:25'),
(7, '2026-03-10 07:39:58', '2026-03-10 12:56:58'),
(7, '2026-03-12 09:18:08', '2026-03-12 18:13:08'),
(7, '2026-03-13 07:40:01', '2026-03-13 15:58:01'),
(7, '2026-03-16 07:26:44', '2026-03-16 12:56:44'),
(7, '2026-03-17 08:56:10', '2026-03-17 18:45:10'),
(7, '2026-03-20 08:38:09', '2026-03-20 14:04:09'),
(7, '2026-03-23 07:03:38', '2026-03-23 16:20:38'),
(7, '2026-03-25 07:58:06', '2026-03-25 13:27:06'),
(7, '2026-03-26 09:07:48', '2026-03-26 14:32:48'),
(7, '2026-03-27 07:16:31', '2026-03-27 13:42:31'),
(7, '2026-03-30 07:56:00', '2026-03-30 16:13:00'),
(7, '2026-03-31 09:51:14', '2026-03-31 16:30:14'),
(7, '2026-04-01 09:17:28', '2026-04-01 14:27:28'),
(7, '2026-04-02 09:15:53', '2026-04-02 19:03:53'),
(7, '2026-04-03 08:43:26', '2026-04-03 16:33:26'),
(7, '2026-04-06 07:22:15', '2026-04-06 12:12:15'),
(7, '2026-04-07 08:49:58', '2026-04-07 15:18:58'),
(7, '2026-04-08 07:25:20', NULL),
(7, '2026-04-09 07:38:36', NULL),
(7, '2026-04-10 09:03:27', '2026-04-10 16:29:27'),
(7, '2026-04-13 09:19:19', '2026-04-13 17:50:19'),
(7, '2026-04-14 09:45:20', '2026-04-14 18:48:20'),
(7, '2026-04-15 08:11:41', '2026-04-15 15:50:41'),
(7, '2026-04-16 07:46:45', '2026-04-16 17:13:45'),
(7, '2026-04-17 08:51:55', '2026-04-17 17:05:55'),
(7, '2026-04-20 08:14:43', '2026-04-20 16:15:43'),
(7, '2026-04-21 07:47:49', '2026-04-21 13:37:49'),
(7, '2026-04-23 09:30:35', '2026-04-23 15:59:35'),
(7, '2026-04-27 09:06:57', '2026-04-27 14:05:57'),
(7, '2026-04-28 08:21:15', '2026-04-28 17:34:15'),
(7, '2026-04-29 07:27:19', NULL),
(7, '2026-04-30 08:48:30', '2026-04-30 13:28:30'),
(7, '2026-05-01 08:12:45', '2026-05-01 13:15:45'),
(7, '2026-05-04 08:02:20', '2026-05-04 15:05:20'),
(7, '2026-05-05 07:20:06', '2026-05-05 15:05:06'),
(7, '2026-05-06 08:20:34', '2026-05-06 13:11:34'),
(7, '2026-05-07 08:40:44', NULL),
(7, '2026-05-08 09:52:43', '2026-05-08 16:17:43'),
(7, '2026-05-11 07:37:39', '2026-05-11 14:31:39'),
(7, '2026-05-12 08:14:32', '2026-05-12 12:45:32'),
(7, '2026-05-14 07:37:05', '2026-05-14 17:33:05'),
(7, '2026-05-15 07:22:45', '2026-05-15 17:06:45'),
(7, '2026-05-18 08:59:48', '2026-05-18 17:44:48'),
(7, '2026-05-20 09:31:54', '2026-05-20 16:02:54'),
(7, '2026-05-25 07:11:32', '2026-05-25 12:28:32'),
(7, '2026-05-26 07:53:50', '2026-05-26 17:19:50'),
(7, '2026-05-27 07:42:42', '2026-05-27 17:05:42'),
(7, '2026-05-29 07:20:08', NULL),
(7, '2026-06-01 08:27:04', '2026-06-01 14:36:04'),
(7, '2026-06-02 09:35:42', '2026-06-02 16:17:42'),
(7, '2026-06-04 09:28:29', '2026-06-04 15:40:29'),
(7, '2026-06-05 09:27:01', '2026-06-05 17:29:01'),
(7, '2026-06-08 09:02:06', NULL),
(7, '2026-06-10 08:46:06', '2026-06-10 17:59:06'),
(7, '2026-06-11 08:53:32', '2026-06-11 16:59:32'),
(7, '2026-06-12 07:02:17', '2026-06-12 14:44:17'),
(7, '2026-06-15 07:35:33', NULL),
(7, '2026-06-17 09:46:22', NULL),
(7, '2026-06-19 08:59:38', NULL),
(7, '2026-06-22 07:42:37', '2026-06-22 15:30:37'),
(7, '2026-06-23 07:24:30', '2026-06-23 11:24:30'),
(7, '2026-06-24 07:45:31', '2026-06-24 12:31:31'),
(7, '2026-06-25 09:07:43', '2026-06-25 15:35:43'),
(7, '2026-06-26 07:29:13', '2026-06-26 13:30:13'),
(7, '2026-06-30 07:46:46', '2026-06-30 12:20:46'),
(7, '2026-07-01 08:38:28', '2026-07-01 17:26:28'),
(7, '2026-07-02 09:36:23', NULL),
(7, '2026-07-03 08:38:35', '2026-07-03 16:35:35'),
(7, '2026-07-06 08:30:16', '2026-07-06 15:54:16'),
(7, '2026-07-07 09:26:28', '2026-07-07 17:47:28'),
(7, '2026-07-10 07:05:27', '2026-07-10 14:07:27'),
(7, '2026-07-13 09:50:23', '2026-07-13 15:09:23'),
(7, '2026-07-14 07:32:03', '2026-07-14 17:00:03'),
(7, '2026-07-15 07:01:46', NULL),
(7, '2026-07-16 08:27:21', '2026-07-16 13:42:21'),
(8, '2026-01-16 09:30:30', '2026-01-16 14:13:30'),
(8, '2026-01-19 08:31:44', '2026-01-19 13:08:44'),
(8, '2026-01-20 08:06:23', '2026-01-20 15:49:23'),
(8, '2026-01-21 07:09:16', '2026-01-21 12:32:16'),
(8, '2026-01-23 08:01:42', NULL),
(8, '2026-01-26 09:02:32', '2026-01-26 18:04:32'),
(8, '2026-01-27 09:58:35', '2026-01-27 18:52:35'),
(8, '2026-01-28 09:29:15', '2026-01-28 16:37:15'),
(8, '2026-01-29 07:25:13', NULL),
(8, '2026-01-30 08:15:33', '2026-01-30 17:18:33'),
(8, '2026-02-02 09:05:18', '2026-02-02 14:44:18'),
(8, '2026-02-03 07:01:31', '2026-02-03 16:18:31'),
(8, '2026-02-04 09:36:41', '2026-02-04 16:02:41'),
(8, '2026-02-05 07:32:39', '2026-02-05 12:54:39'),
(8, '2026-02-06 09:51:24', '2026-02-06 16:00:24'),
(8, '2026-02-09 08:40:25', NULL),
(8, '2026-02-10 07:02:08', '2026-02-10 13:04:08'),
(8, '2026-02-11 09:29:28', '2026-02-11 13:40:28'),
(8, '2026-02-12 09:23:33', '2026-02-12 14:15:33'),
(8, '2026-02-13 09:54:40', '2026-02-13 18:50:40'),
(8, '2026-02-17 08:25:27', NULL),
(8, '2026-02-18 07:54:11', '2026-02-18 13:25:11'),
(8, '2026-02-19 08:49:17', '2026-02-19 16:51:17'),
(8, '2026-02-20 08:51:12', '2026-02-20 14:59:12'),
(8, '2026-02-23 09:20:53', '2026-02-23 15:39:53'),
(8, '2026-02-24 07:09:10', '2026-02-24 13:53:10'),
(8, '2026-02-25 08:34:34', '2026-02-25 14:20:34'),
(8, '2026-02-26 08:15:29', NULL),
(8, '2026-02-27 07:04:53', '2026-02-27 12:02:53'),
(8, '2026-03-02 09:09:24', '2026-03-02 18:46:24'),
(8, '2026-03-05 09:48:15', '2026-03-05 16:48:15'),
(8, '2026-03-06 07:16:29', '2026-03-06 12:11:29'),
(8, '2026-03-09 09:07:53', NULL),
(8, '2026-03-10 09:08:46', '2026-03-10 16:50:46'),
(8, '2026-03-11 07:56:19', '2026-03-11 15:31:19'),
(8, '2026-03-12 07:18:04', '2026-03-12 12:34:04'),
(8, '2026-03-13 07:12:48', NULL),
(8, '2026-03-16 09:40:06', '2026-03-16 16:38:06'),
(8, '2026-03-18 09:14:10', '2026-03-18 13:42:10'),
(8, '2026-03-20 08:19:28', NULL),
(8, '2026-03-23 07:36:47', '2026-03-23 12:27:47'),
(8, '2026-03-25 07:18:42', '2026-03-25 14:51:42'),
(8, '2026-03-26 07:12:06', '2026-03-26 14:00:06'),
(8, '2026-03-30 08:08:48', '2026-03-30 14:50:48'),
(8, '2026-04-03 07:29:46', '2026-04-03 12:42:46'),
(8, '2026-04-08 09:40:37', '2026-04-08 18:08:37'),
(8, '2026-04-09 07:15:38', NULL),
(8, '2026-04-10 09:39:18', NULL),
(8, '2026-04-14 08:04:00', '2026-04-14 12:18:00'),
(8, '2026-04-15 08:22:14', '2026-04-15 18:03:14'),
(8, '2026-04-16 08:31:59', '2026-04-16 13:36:59'),
(8, '2026-04-17 07:05:01', '2026-04-17 15:30:01'),
(8, '2026-04-20 08:26:50', NULL),
(8, '2026-04-21 08:02:24', '2026-04-21 12:05:24'),
(8, '2026-04-22 08:33:25', '2026-04-22 15:29:25'),
(8, '2026-04-23 09:40:37', '2026-04-23 17:57:37'),
(8, '2026-04-24 09:04:29', NULL),
(8, '2026-04-27 08:51:06', NULL),
(8, '2026-04-28 08:51:29', NULL),
(8, '2026-04-29 08:48:55', '2026-04-29 16:08:55'),
(8, '2026-04-30 08:38:12', '2026-04-30 13:06:12'),
(8, '2026-05-01 07:59:56', NULL),
(8, '2026-05-04 09:48:27', '2026-05-04 14:05:27'),
(8, '2026-05-05 07:59:05', '2026-05-05 14:04:05'),
(8, '2026-05-08 09:27:28', '2026-05-08 14:41:28'),
(8, '2026-05-11 09:19:42', '2026-05-11 17:03:42'),
(8, '2026-05-13 07:14:36', '2026-05-13 15:03:36'),
(8, '2026-05-14 07:46:14', '2026-05-14 12:42:14'),
(8, '2026-05-18 09:44:51', '2026-05-18 15:08:51'),
(8, '2026-05-19 08:13:46', '2026-05-19 13:00:46'),
(8, '2026-05-20 09:53:29', '2026-05-20 17:06:29'),
(8, '2026-05-25 09:58:09', '2026-05-25 17:43:09'),
(8, '2026-05-26 07:50:47', '2026-05-26 14:44:47'),
(8, '2026-05-27 08:42:15', '2026-05-27 14:37:15'),
(8, '2026-05-28 08:35:29', '2026-05-28 15:19:29'),
(8, '2026-05-29 07:17:36', '2026-05-29 12:14:36'),
(8, '2026-06-01 09:24:28', '2026-06-01 16:24:28'),
(8, '2026-06-02 09:41:06', '2026-06-02 15:33:06'),
(8, '2026-06-03 09:08:07', '2026-06-03 13:32:07'),
(8, '2026-06-04 07:25:44', '2026-06-04 16:04:44'),
(8, '2026-06-05 08:48:16', '2026-06-05 16:01:16'),
(8, '2026-06-09 09:28:00', NULL),
(8, '2026-06-10 09:41:20', '2026-06-10 14:35:20'),
(8, '2026-06-12 07:16:42', '2026-06-12 17:09:42'),
(8, '2026-06-16 08:25:47', '2026-06-16 13:48:47'),
(8, '2026-06-17 09:53:54', '2026-06-17 15:54:54'),
(8, '2026-06-18 07:24:03', NULL),
(8, '2026-06-19 07:42:49', '2026-06-19 12:34:49'),
(8, '2026-06-22 07:26:04', '2026-06-22 14:38:04'),
(8, '2026-06-23 08:49:47', '2026-06-23 16:54:47'),
(8, '2026-06-24 07:54:14', NULL),
(8, '2026-06-25 09:32:08', '2026-06-25 15:05:08'),
(8, '2026-06-29 08:53:36', '2026-06-29 18:36:36'),
(8, '2026-07-06 07:43:59', '2026-07-06 11:59:59'),
(8, '2026-07-07 09:07:31', '2026-07-07 16:47:31'),
(8, '2026-07-08 08:54:57', '2026-07-08 15:40:57'),
(8, '2026-07-09 09:08:08', '2026-07-09 17:43:08'),
(8, '2026-07-10 07:01:26', '2026-07-10 11:34:26'),
(8, '2026-07-13 08:52:18', '2026-07-13 15:56:18'),
(8, '2026-07-14 09:45:14', '2026-07-14 14:57:14'),
(8, '2026-07-15 07:44:40', '2026-07-15 13:11:40'),
(8, '2026-07-16 08:58:40', '2026-07-16 13:24:40'),
(9, '2026-01-19 07:53:15', '2026-01-19 16:35:15'),
(9, '2026-01-20 09:46:14', '2026-01-20 15:54:14'),
(9, '2026-01-21 09:09:56', '2026-01-21 17:00:56'),
(9, '2026-01-22 07:11:24', '2026-01-22 12:40:24'),
(9, '2026-01-23 09:54:39', '2026-01-23 15:53:39'),
(9, '2026-01-26 07:58:39', '2026-01-26 14:14:39'),
(9, '2026-01-27 09:17:48', '2026-01-27 18:57:48'),
(9, '2026-01-29 09:46:34', '2026-01-29 14:41:34'),
(9, '2026-02-02 08:50:14', '2026-02-02 16:06:14'),
(9, '2026-02-03 09:33:01', '2026-02-03 17:03:01'),
(9, '2026-02-04 08:20:44', '2026-02-04 18:02:44'),
(9, '2026-02-05 07:49:40', '2026-02-05 17:45:40'),
(9, '2026-02-06 08:33:30', '2026-02-06 12:43:30'),
(9, '2026-02-10 09:09:01', '2026-02-10 15:33:01'),
(9, '2026-02-12 07:26:11', '2026-02-12 14:51:11'),
(9, '2026-02-13 07:09:12', '2026-02-13 13:13:12'),
(9, '2026-02-16 07:11:39', '2026-02-16 16:50:39'),
(9, '2026-02-17 08:29:49', '2026-02-17 16:27:49'),
(9, '2026-02-18 07:38:53', '2026-02-18 15:32:53'),
(9, '2026-02-19 08:04:36', '2026-02-19 13:20:36'),
(9, '2026-02-20 08:43:05', NULL);
INSERT INTO login_history (user_id, login_time, logout_time) VALUES
(9, '2026-02-23 07:25:59', '2026-02-23 13:10:59'),
(9, '2026-02-24 07:22:25', '2026-02-24 15:17:25'),
(9, '2026-02-25 07:10:23', '2026-02-25 13:56:23'),
(9, '2026-02-27 07:50:00', '2026-02-27 14:15:00'),
(9, '2026-03-03 09:44:09', '2026-03-03 15:24:09'),
(9, '2026-03-04 09:35:08', '2026-03-04 15:33:08'),
(9, '2026-03-06 07:02:56', '2026-03-06 16:35:56'),
(9, '2026-03-09 07:10:40', '2026-03-09 16:37:40'),
(9, '2026-03-11 08:34:22', '2026-03-11 13:04:22'),
(9, '2026-03-12 07:39:28', '2026-03-12 15:57:28'),
(9, '2026-03-13 08:16:53', '2026-03-13 15:59:53'),
(9, '2026-03-16 08:39:44', '2026-03-16 14:19:44'),
(9, '2026-03-17 07:10:39', '2026-03-17 13:32:39'),
(9, '2026-03-18 09:45:01', NULL),
(9, '2026-03-19 07:02:32', NULL),
(9, '2026-03-20 09:49:16', '2026-03-20 15:16:16'),
(9, '2026-03-24 07:00:13', '2026-03-24 14:08:13'),
(9, '2026-03-26 08:02:09', '2026-03-26 16:16:09'),
(9, '2026-03-27 07:42:17', '2026-03-27 16:59:17'),
(9, '2026-03-30 08:21:51', '2026-03-30 12:48:51'),
(9, '2026-03-31 07:54:35', NULL),
(9, '2026-04-01 08:45:25', '2026-04-01 16:38:25'),
(9, '2026-04-03 08:53:35', '2026-04-03 18:12:35'),
(9, '2026-04-06 07:54:00', '2026-04-06 14:52:00'),
(9, '2026-04-07 07:24:06', '2026-04-07 14:01:06'),
(9, '2026-04-08 07:43:34', '2026-04-08 17:04:34'),
(9, '2026-04-09 07:21:46', '2026-04-09 14:47:46'),
(9, '2026-04-10 09:26:53', '2026-04-10 17:26:53'),
(9, '2026-04-13 08:06:07', '2026-04-13 14:58:07'),
(9, '2026-04-14 09:51:26', '2026-04-14 19:17:26'),
(9, '2026-04-15 09:49:12', '2026-04-15 15:34:12'),
(9, '2026-04-17 07:44:15', '2026-04-17 13:26:15'),
(9, '2026-04-20 09:59:03', '2026-04-20 18:11:03'),
(9, '2026-04-22 09:19:15', '2026-04-22 16:06:15'),
(9, '2026-04-23 09:54:45', '2026-04-23 17:05:45'),
(9, '2026-04-27 09:12:38', '2026-04-27 13:17:38'),
(9, '2026-04-28 08:49:10', '2026-04-28 15:21:10'),
(9, '2026-04-29 07:29:28', '2026-04-29 16:03:28'),
(9, '2026-04-30 07:14:05', '2026-04-30 13:48:05'),
(9, '2026-05-04 07:01:16', '2026-05-04 13:52:16'),
(9, '2026-05-07 09:48:37', '2026-05-07 18:15:37'),
(9, '2026-05-08 08:52:57', '2026-05-08 17:49:57'),
(9, '2026-05-11 09:21:44', '2026-05-11 19:07:44'),
(9, '2026-05-12 07:02:20', '2026-05-12 13:38:20'),
(9, '2026-05-13 08:28:31', '2026-05-13 12:34:31'),
(9, '2026-05-14 08:37:51', '2026-05-14 13:22:51'),
(9, '2026-05-15 08:29:26', '2026-05-15 16:24:26'),
(9, '2026-05-18 09:06:05', '2026-05-18 13:41:05'),
(9, '2026-05-19 08:33:36', '2026-05-19 13:24:36'),
(9, '2026-05-20 08:42:59', '2026-05-20 13:49:59'),
(9, '2026-05-21 07:24:45', '2026-05-21 14:27:45'),
(9, '2026-05-22 09:12:17', '2026-05-22 18:59:17'),
(9, '2026-05-25 09:32:40', '2026-05-25 18:09:40'),
(9, '2026-05-26 07:00:43', '2026-05-26 14:17:43'),
(9, '2026-05-27 07:47:07', '2026-05-27 17:40:07'),
(9, '2026-05-28 09:30:36', '2026-05-28 17:38:36'),
(9, '2026-05-29 09:58:59', '2026-05-29 17:57:59'),
(9, '2026-06-01 07:13:33', '2026-06-01 16:47:33'),
(9, '2026-06-03 07:32:23', '2026-06-03 16:27:23'),
(9, '2026-06-04 08:32:41', NULL),
(9, '2026-06-05 08:49:15', '2026-06-05 16:14:15'),
(9, '2026-06-08 07:45:58', '2026-06-08 12:26:58'),
(9, '2026-06-09 07:31:37', '2026-06-09 16:10:37'),
(9, '2026-06-12 08:50:17', '2026-06-12 18:47:17'),
(9, '2026-06-15 08:55:51', '2026-06-15 13:49:51'),
(9, '2026-06-17 09:57:53', '2026-06-17 17:05:53'),
(9, '2026-06-18 08:18:41', '2026-06-18 16:11:41'),
(9, '2026-06-19 09:06:44', '2026-06-19 18:22:44'),
(9, '2026-06-22 09:41:58', '2026-06-22 18:14:58'),
(9, '2026-06-24 09:40:45', '2026-06-24 18:43:45'),
(9, '2026-06-25 09:45:50', '2026-06-25 17:08:50'),
(9, '2026-06-26 08:28:32', '2026-06-26 17:59:32'),
(9, '2026-06-29 09:51:35', NULL),
(9, '2026-06-30 08:52:13', '2026-06-30 17:54:13'),
(9, '2026-07-01 09:13:03', '2026-07-01 18:55:03'),
(9, '2026-07-02 09:53:29', '2026-07-02 16:59:29'),
(9, '2026-07-06 07:20:42', NULL),
(9, '2026-07-07 08:32:34', '2026-07-07 16:42:34'),
(9, '2026-07-08 07:45:45', '2026-07-08 13:45:45'),
(9, '2026-07-09 07:26:37', '2026-07-09 13:34:37'),
(9, '2026-07-13 07:46:11', '2026-07-13 13:45:11'),
(9, '2026-07-16 07:29:15', '2026-07-16 17:14:15'),
(10, '2026-01-16 07:18:39', '2026-01-16 13:56:39'),
(10, '2026-01-19 07:08:08', '2026-01-19 14:39:08'),
(10, '2026-01-20 08:50:39', '2026-01-20 13:27:39'),
(10, '2026-01-21 08:20:23', '2026-01-21 15:22:23'),
(10, '2026-01-23 07:26:07', '2026-01-23 11:38:07'),
(10, '2026-01-26 08:16:59', '2026-01-26 14:52:59'),
(10, '2026-01-27 08:51:25', NULL),
(10, '2026-01-28 09:36:15', '2026-01-28 17:41:15'),
(10, '2026-01-30 09:46:48', '2026-01-30 17:06:48'),
(10, '2026-02-02 09:25:06', '2026-02-02 15:20:06'),
(10, '2026-02-03 09:41:15', '2026-02-03 18:42:15'),
(10, '2026-02-04 08:18:26', '2026-02-04 14:33:26'),
(10, '2026-02-05 08:23:23', '2026-02-05 15:00:23'),
(10, '2026-02-06 07:26:13', '2026-02-06 14:26:13'),
(10, '2026-02-09 08:49:34', '2026-02-09 18:08:34'),
(10, '2026-02-11 09:08:31', '2026-02-11 14:44:31'),
(10, '2026-02-12 07:16:43', '2026-02-12 11:17:43'),
(10, '2026-02-13 09:47:52', '2026-02-13 18:11:52'),
(10, '2026-02-16 07:27:56', '2026-02-16 11:38:56'),
(10, '2026-02-18 07:36:28', '2026-02-18 14:19:28'),
(10, '2026-02-19 07:29:49', '2026-02-19 15:10:49'),
(10, '2026-02-23 09:04:21', '2026-02-23 14:06:21'),
(10, '2026-02-25 09:54:13', '2026-02-25 17:56:13'),
(10, '2026-02-26 09:30:57', '2026-02-26 13:54:57'),
(10, '2026-02-27 07:35:41', '2026-02-27 13:23:41'),
(10, '2026-03-02 07:37:47', '2026-03-02 12:24:47'),
(10, '2026-03-04 09:58:24', '2026-03-04 18:07:24'),
(10, '2026-03-05 08:14:01', '2026-03-05 13:25:01'),
(10, '2026-03-09 07:57:35', '2026-03-09 13:29:35'),
(10, '2026-03-10 08:28:47', '2026-03-10 16:17:47'),
(10, '2026-03-11 08:39:35', '2026-03-11 18:13:35'),
(10, '2026-03-12 08:50:10', '2026-03-12 13:53:10'),
(10, '2026-03-13 07:10:44', '2026-03-13 16:57:44'),
(10, '2026-03-16 07:10:26', '2026-03-16 15:13:26'),
(10, '2026-03-18 09:26:23', '2026-03-18 15:34:23'),
(10, '2026-03-19 08:31:26', NULL),
(10, '2026-03-20 09:52:01', '2026-03-20 16:20:01'),
(10, '2026-03-23 09:16:58', '2026-03-23 15:27:58'),
(10, '2026-03-24 07:28:35', '2026-03-24 13:58:35'),
(10, '2026-03-25 09:16:00', '2026-03-25 19:00:00'),
(10, '2026-03-26 08:20:30', '2026-03-26 12:47:30'),
(10, '2026-03-30 09:32:32', '2026-03-30 15:06:32'),
(10, '2026-03-31 08:33:03', '2026-03-31 14:05:03'),
(10, '2026-04-01 07:57:25', '2026-04-01 12:42:25'),
(10, '2026-04-02 08:16:07', '2026-04-02 12:37:07'),
(10, '2026-04-03 08:04:41', '2026-04-03 15:06:41'),
(10, '2026-04-06 09:45:25', '2026-04-06 14:35:25'),
(10, '2026-04-07 09:53:41', '2026-04-07 16:23:41'),
(10, '2026-04-09 08:40:04', '2026-04-09 17:13:04'),
(10, '2026-04-10 07:56:11', '2026-04-10 14:04:11'),
(10, '2026-04-13 08:15:23', '2026-04-13 14:20:23'),
(10, '2026-04-15 07:36:38', NULL),
(10, '2026-04-16 09:16:35', NULL),
(10, '2026-04-17 09:07:30', NULL),
(10, '2026-04-20 09:43:25', '2026-04-20 14:06:25'),
(10, '2026-04-21 08:29:41', NULL),
(10, '2026-04-23 08:03:18', '2026-04-23 15:38:18'),
(10, '2026-04-24 09:28:38', '2026-04-24 18:37:38'),
(10, '2026-04-27 08:26:05', '2026-04-27 14:30:05'),
(10, '2026-04-28 09:59:00', NULL),
(10, '2026-04-29 07:31:35', '2026-04-29 12:17:35'),
(10, '2026-04-30 08:03:09', '2026-04-30 14:39:09'),
(10, '2026-05-01 09:48:59', '2026-05-01 19:31:59'),
(10, '2026-05-04 07:05:00', '2026-05-04 12:44:00'),
(10, '2026-05-06 09:50:38', '2026-05-06 19:19:38'),
(10, '2026-05-07 09:42:55', '2026-05-07 18:56:55'),
(10, '2026-05-11 09:55:47', '2026-05-11 19:14:47'),
(10, '2026-05-12 07:22:09', '2026-05-12 17:05:09'),
(10, '2026-05-13 09:16:42', '2026-05-13 13:34:42'),
(10, '2026-05-14 08:07:22', '2026-05-14 13:35:22'),
(10, '2026-05-15 09:54:23', NULL),
(10, '2026-05-19 08:59:49', '2026-05-19 14:54:49'),
(10, '2026-05-20 08:50:48', '2026-05-20 17:39:48'),
(10, '2026-05-21 09:28:24', '2026-05-21 19:11:24'),
(10, '2026-05-25 07:53:33', '2026-05-25 15:42:33'),
(10, '2026-05-26 08:19:38', '2026-05-26 14:52:38'),
(10, '2026-05-27 09:25:33', '2026-05-27 15:42:33'),
(10, '2026-05-28 07:32:03', '2026-05-28 14:04:03'),
(10, '2026-05-29 08:47:02', '2026-05-29 16:03:02'),
(10, '2026-06-01 07:36:39', '2026-06-01 14:49:39'),
(10, '2026-06-02 08:48:15', '2026-06-02 16:35:15'),
(10, '2026-06-03 07:57:07', NULL),
(10, '2026-06-08 09:55:04', '2026-06-08 16:21:04'),
(10, '2026-06-09 09:39:35', '2026-06-09 18:59:35'),
(10, '2026-06-10 07:04:15', '2026-06-10 15:30:15'),
(10, '2026-06-11 09:13:03', '2026-06-11 16:59:03'),
(10, '2026-06-12 09:17:44', '2026-06-12 17:17:44'),
(10, '2026-06-16 07:09:42', '2026-06-16 13:18:42'),
(10, '2026-06-17 08:42:59', '2026-06-17 15:36:59'),
(10, '2026-06-18 09:52:10', '2026-06-18 18:47:10'),
(10, '2026-06-22 09:55:06', '2026-06-22 14:59:06'),
(10, '2026-06-25 09:16:38', '2026-06-25 15:44:38'),
(10, '2026-06-26 07:18:11', '2026-06-26 14:24:11'),
(10, '2026-06-29 09:58:16', '2026-06-29 15:03:16'),
(10, '2026-06-30 07:29:11', '2026-06-30 15:32:11'),
(10, '2026-07-02 07:39:53', '2026-07-02 15:07:53'),
(10, '2026-07-07 09:33:41', '2026-07-07 18:07:41'),
(10, '2026-07-08 08:21:18', '2026-07-08 16:37:18'),
(10, '2026-07-10 07:15:17', NULL),
(10, '2026-07-15 09:44:13', '2026-07-15 14:28:13'),
(10, '2026-07-16 09:27:11', '2026-07-16 16:09:11'),
(11, '2026-01-20 08:24:57', '2026-01-20 16:25:57'),
(11, '2026-01-21 08:53:33', '2026-01-21 15:23:33'),
(11, '2026-01-22 08:46:50', '2026-01-22 15:53:50'),
(11, '2026-01-26 08:26:35', '2026-01-26 14:11:35'),
(11, '2026-01-27 07:55:57', NULL),
(11, '2026-01-29 09:26:21', '2026-01-29 17:27:21'),
(11, '2026-02-03 07:08:45', '2026-02-03 17:07:45'),
(11, '2026-02-04 07:03:13', '2026-02-04 16:14:13'),
(11, '2026-02-09 08:04:34', '2026-02-09 17:14:34'),
(11, '2026-02-10 08:55:55', '2026-02-10 14:50:55'),
(11, '2026-02-11 07:08:40', NULL),
(11, '2026-02-12 07:31:34', '2026-02-12 16:28:34'),
(11, '2026-02-13 07:57:25', '2026-02-13 14:41:25'),
(11, '2026-02-18 09:21:32', '2026-02-18 14:43:32'),
(11, '2026-02-19 09:53:18', NULL),
(11, '2026-02-23 09:43:33', '2026-02-23 14:47:33'),
(11, '2026-02-26 09:24:27', '2026-02-26 16:17:27');
INSERT INTO login_history (user_id, login_time, logout_time) VALUES
(11, '2026-03-03 09:59:45', '2026-03-03 16:10:45'),
(11, '2026-03-04 07:44:53', '2026-03-04 14:12:53'),
(11, '2026-03-09 07:15:05', '2026-03-09 16:25:05'),
(11, '2026-03-11 08:05:50', '2026-03-11 13:18:50'),
(11, '2026-03-12 07:13:55', '2026-03-12 14:46:55'),
(11, '2026-03-13 08:08:50', '2026-03-13 17:38:50'),
(11, '2026-03-16 07:27:34', '2026-03-16 13:38:34'),
(11, '2026-03-17 09:29:47', '2026-03-17 14:15:47'),
(11, '2026-03-18 07:32:58', '2026-03-18 15:46:58'),
(11, '2026-03-20 07:47:00', '2026-03-20 17:21:00'),
(11, '2026-03-23 07:17:40', '2026-03-23 17:02:40'),
(11, '2026-03-24 07:21:57', '2026-03-24 13:02:57'),
(11, '2026-03-25 08:31:41', '2026-03-25 12:34:41'),
(11, '2026-03-26 07:21:33', '2026-03-26 15:51:33'),
(11, '2026-03-27 07:49:29', '2026-03-27 17:31:29'),
(11, '2026-03-31 08:52:59', '2026-03-31 13:11:59'),
(11, '2026-04-01 08:02:48', '2026-04-01 13:23:48'),
(11, '2026-04-02 08:58:26', '2026-04-02 18:48:26'),
(11, '2026-04-03 07:37:50', '2026-04-03 15:18:50'),
(11, '2026-04-06 07:06:26', '2026-04-06 15:40:26'),
(11, '2026-04-08 09:26:40', '2026-04-08 15:51:40'),
(11, '2026-04-10 09:25:53', '2026-04-10 15:49:53'),
(11, '2026-04-13 08:17:32', '2026-04-13 15:04:32'),
(11, '2026-04-14 08:47:14', '2026-04-14 17:58:14'),
(11, '2026-04-15 07:44:10', '2026-04-15 16:05:10'),
(11, '2026-04-16 08:58:44', '2026-04-16 13:40:44'),
(11, '2026-04-21 09:16:20', '2026-04-21 17:59:20'),
(11, '2026-04-27 07:31:26', NULL),
(11, '2026-04-28 08:13:03', NULL),
(11, '2026-04-30 07:36:32', NULL),
(11, '2026-05-01 09:32:31', NULL),
(11, '2026-05-04 07:34:14', '2026-05-04 15:09:14'),
(11, '2026-05-06 08:57:56', '2026-05-06 12:59:56'),
(11, '2026-05-07 07:07:23', '2026-05-07 12:36:23'),
(11, '2026-05-08 07:20:25', '2026-05-08 13:00:25'),
(11, '2026-05-11 08:10:32', '2026-05-11 12:30:32'),
(11, '2026-05-13 08:42:39', '2026-05-13 18:40:39'),
(11, '2026-05-14 08:22:31', '2026-05-14 15:01:31'),
(11, '2026-05-15 08:01:57', '2026-05-15 17:16:57'),
(11, '2026-05-18 08:08:36', '2026-05-18 12:36:36'),
(11, '2026-05-19 09:23:56', '2026-05-19 16:20:56'),
(11, '2026-05-20 07:39:22', '2026-05-20 16:59:22'),
(11, '2026-05-21 09:57:23', '2026-05-21 14:26:23'),
(11, '2026-05-25 09:32:10', '2026-05-25 13:57:10'),
(11, '2026-05-26 07:55:04', '2026-05-26 17:06:04'),
(11, '2026-05-27 08:31:18', '2026-05-27 14:40:18'),
(11, '2026-05-28 07:02:50', '2026-05-28 12:32:50'),
(11, '2026-05-29 09:56:16', '2026-05-29 14:28:16'),
(11, '2026-06-01 09:09:19', '2026-06-01 15:01:19'),
(11, '2026-06-02 09:54:15', '2026-06-02 14:44:15'),
(11, '2026-06-03 08:56:18', NULL),
(11, '2026-06-04 09:12:49', '2026-06-04 15:53:49'),
(11, '2026-06-08 09:16:05', '2026-06-08 18:21:05'),
(11, '2026-06-11 09:10:22', '2026-06-11 15:47:22'),
(11, '2026-06-12 09:01:18', '2026-06-12 16:39:18'),
(11, '2026-06-16 09:15:57', '2026-06-16 15:41:57'),
(11, '2026-06-17 09:57:38', NULL),
(11, '2026-06-19 08:47:46', '2026-06-19 15:38:46'),
(11, '2026-06-22 08:30:04', '2026-06-22 17:19:04'),
(11, '2026-06-23 08:44:11', '2026-06-23 16:18:11'),
(11, '2026-06-24 07:31:15', '2026-06-24 12:38:15'),
(11, '2026-06-25 07:01:49', '2026-06-25 11:57:49'),
(11, '2026-06-26 07:32:05', '2026-06-26 11:37:05'),
(11, '2026-06-29 08:35:02', '2026-06-29 17:13:02'),
(11, '2026-06-30 09:41:33', '2026-06-30 18:05:33'),
(11, '2026-07-01 08:51:23', '2026-07-01 13:43:23'),
(11, '2026-07-03 09:36:55', '2026-07-03 17:45:55'),
(11, '2026-07-06 07:12:20', '2026-07-06 15:58:20'),
(11, '2026-07-08 08:09:14', '2026-07-08 17:34:14'),
(11, '2026-07-09 08:59:45', '2026-07-09 13:57:45'),
(11, '2026-07-10 07:54:41', '2026-07-10 16:51:41'),
(11, '2026-07-13 09:07:56', '2026-07-13 16:25:56'),
(11, '2026-07-14 07:07:15', '2026-07-14 12:08:15'),
(11, '2026-07-15 07:17:51', '2026-07-15 13:44:51'),
(11, '2026-07-16 08:04:16', '2026-07-16 15:53:16'),
(12, '2026-01-16 07:52:45', '2026-01-16 14:40:45'),
(12, '2026-01-19 08:45:55', '2026-01-19 13:59:55'),
(12, '2026-01-20 08:48:47', '2026-01-20 15:49:47'),
(12, '2026-01-22 09:32:46', NULL),
(12, '2026-01-23 09:47:49', NULL),
(12, '2026-01-26 09:48:28', '2026-01-26 14:00:28'),
(12, '2026-01-27 09:39:24', '2026-01-27 14:42:24'),
(12, '2026-01-28 08:01:00', '2026-01-28 16:18:00'),
(12, '2026-01-29 09:55:53', '2026-01-29 17:38:53'),
(12, '2026-01-30 09:08:49', '2026-01-30 18:37:49'),
(12, '2026-02-02 08:06:47', '2026-02-02 16:58:47'),
(12, '2026-02-03 07:37:31', '2026-02-03 11:54:31'),
(12, '2026-02-04 09:26:12', '2026-02-04 14:45:12'),
(12, '2026-02-05 07:51:48', '2026-02-05 16:40:48'),
(12, '2026-02-06 08:56:44', '2026-02-06 17:31:44'),
(12, '2026-02-09 09:10:15', '2026-02-09 17:56:15'),
(12, '2026-02-10 09:31:11', '2026-02-10 16:29:11'),
(12, '2026-02-11 09:09:43', '2026-02-11 15:56:43'),
(12, '2026-02-12 08:55:07', '2026-02-12 13:52:07'),
(12, '2026-02-16 08:50:01', '2026-02-16 15:23:01'),
(12, '2026-02-18 07:27:31', '2026-02-18 13:02:31'),
(12, '2026-02-20 07:25:56', '2026-02-20 16:37:56'),
(12, '2026-02-23 07:34:01', NULL),
(12, '2026-02-24 08:16:28', '2026-02-24 14:42:28'),
(12, '2026-02-25 08:33:27', '2026-02-25 17:50:27'),
(12, '2026-02-26 07:31:49', NULL),
(12, '2026-02-27 07:06:29', '2026-02-27 12:42:29'),
(12, '2026-03-03 08:02:07', '2026-03-03 16:21:07'),
(12, '2026-03-04 07:07:47', '2026-03-04 13:58:47'),
(12, '2026-03-05 08:11:34', NULL),
(12, '2026-03-06 07:44:24', '2026-03-06 12:10:24'),
(12, '2026-03-09 07:06:19', '2026-03-09 12:01:19'),
(12, '2026-03-10 08:04:05', '2026-03-10 13:29:05'),
(12, '2026-03-11 07:50:21', '2026-03-11 17:30:21'),
(12, '2026-03-12 08:58:16', '2026-03-12 16:30:16'),
(12, '2026-03-16 08:59:54', '2026-03-16 14:30:54'),
(12, '2026-03-17 08:51:01', '2026-03-17 18:08:01'),
(12, '2026-03-18 08:17:21', '2026-03-18 15:00:21'),
(12, '2026-03-19 08:01:00', '2026-03-19 12:55:00'),
(12, '2026-03-20 09:26:41', '2026-03-20 14:57:41'),
(12, '2026-03-23 07:33:24', '2026-03-23 15:31:24'),
(12, '2026-03-24 07:44:06', '2026-03-24 17:33:06'),
(12, '2026-03-25 07:24:51', '2026-03-25 15:47:51'),
(12, '2026-03-26 07:37:20', '2026-03-26 17:05:20'),
(12, '2026-03-27 09:12:16', NULL),
(12, '2026-03-30 09:05:26', '2026-03-30 15:07:26'),
(12, '2026-03-31 07:12:26', '2026-03-31 14:06:26'),
(12, '2026-04-02 07:15:17', '2026-04-02 16:31:17'),
(12, '2026-04-03 07:55:47', '2026-04-03 14:57:47'),
(12, '2026-04-06 08:11:51', '2026-04-06 16:32:51'),
(12, '2026-04-07 09:21:56', '2026-04-07 16:12:56'),
(12, '2026-04-08 08:16:18', '2026-04-08 15:43:18'),
(12, '2026-04-09 08:08:53', NULL),
(12, '2026-04-10 09:30:53', '2026-04-10 16:24:53'),
(12, '2026-04-14 08:21:10', '2026-04-14 12:28:10'),
(12, '2026-04-15 09:56:56', '2026-04-15 14:37:56'),
(12, '2026-04-20 08:29:37', '2026-04-20 15:13:37'),
(12, '2026-04-21 09:11:14', '2026-04-21 14:03:14'),
(12, '2026-04-22 07:35:14', '2026-04-22 14:52:14'),
(12, '2026-04-24 08:45:05', '2026-04-24 18:39:05'),
(12, '2026-04-27 07:28:00', '2026-04-27 11:36:00'),
(12, '2026-04-28 09:18:40', '2026-04-28 16:43:40'),
(12, '2026-04-30 07:02:54', '2026-04-30 15:21:54'),
(12, '2026-05-01 07:44:58', '2026-05-01 13:24:58'),
(12, '2026-05-04 09:54:56', '2026-05-04 16:39:56'),
(12, '2026-05-06 07:50:56', '2026-05-06 16:02:56'),
(12, '2026-05-07 08:10:43', '2026-05-07 15:55:43'),
(12, '2026-05-08 08:42:31', '2026-05-08 16:49:31'),
(12, '2026-05-11 07:58:08', '2026-05-11 14:22:08'),
(12, '2026-05-13 08:45:30', NULL),
(12, '2026-05-14 09:35:08', '2026-05-14 18:39:08'),
(12, '2026-05-22 09:50:38', '2026-05-22 19:49:38'),
(12, '2026-05-25 09:36:07', NULL),
(12, '2026-05-26 07:19:59', '2026-05-26 13:43:59'),
(12, '2026-05-27 07:06:37', '2026-05-27 12:09:37'),
(12, '2026-05-28 08:23:51', '2026-05-28 18:12:51'),
(12, '2026-06-01 08:13:46', '2026-06-01 17:46:46'),
(12, '2026-06-05 09:11:15', '2026-06-05 18:53:15'),
(12, '2026-06-09 08:35:43', '2026-06-09 18:06:43'),
(12, '2026-06-10 07:30:35', '2026-06-10 12:10:35'),
(12, '2026-06-11 07:11:21', '2026-06-11 12:16:21'),
(12, '2026-06-12 09:49:35', '2026-06-12 17:59:35'),
(12, '2026-06-15 08:30:36', '2026-06-15 13:09:36'),
(12, '2026-06-16 08:26:46', NULL),
(12, '2026-06-17 08:58:46', '2026-06-17 17:11:46'),
(12, '2026-06-19 08:29:04', '2026-06-19 16:17:04'),
(12, '2026-06-23 07:49:45', NULL),
(12, '2026-06-25 09:47:30', NULL),
(12, '2026-06-26 09:53:01', '2026-06-26 15:24:01'),
(12, '2026-06-29 07:33:40', '2026-06-29 16:59:40'),
(12, '2026-07-01 08:48:51', '2026-07-01 13:58:51'),
(12, '2026-07-02 09:02:36', '2026-07-02 17:17:36'),
(12, '2026-07-03 08:38:09', '2026-07-03 18:05:09'),
(12, '2026-07-06 08:34:28', '2026-07-06 17:45:28'),
(12, '2026-07-07 08:03:54', '2026-07-07 14:46:54'),
(12, '2026-07-10 08:08:27', '2026-07-10 14:51:27'),
(12, '2026-07-14 09:32:10', '2026-07-14 17:09:10'),
(12, '2026-07-15 08:36:22', NULL),
(13, '2026-01-16 08:21:48', '2026-01-16 13:24:48'),
(13, '2026-01-19 07:25:39', '2026-01-19 12:28:39'),
(13, '2026-01-20 09:24:42', '2026-01-20 15:46:42'),
(13, '2026-01-21 08:28:14', '2026-01-21 17:26:14'),
(13, '2026-01-22 07:29:48', '2026-01-22 14:18:48'),
(13, '2026-01-23 09:24:14', '2026-01-23 16:56:14'),
(13, '2026-01-26 09:09:17', '2026-01-26 18:39:17'),
(13, '2026-01-27 07:21:45', '2026-01-27 15:09:45'),
(13, '2026-01-28 09:01:03', '2026-01-28 15:54:03'),
(13, '2026-01-30 09:59:49', '2026-01-30 15:11:49'),
(13, '2026-02-03 08:14:13', '2026-02-03 13:23:13'),
(13, '2026-02-05 08:44:25', '2026-02-05 16:58:25'),
(13, '2026-02-06 07:31:43', '2026-02-06 14:19:43'),
(13, '2026-02-09 07:02:14', '2026-02-09 16:32:14'),
(13, '2026-02-11 09:56:03', NULL),
(13, '2026-02-12 08:09:41', '2026-02-12 12:22:41'),
(13, '2026-02-13 07:17:12', '2026-02-13 13:00:12'),
(13, '2026-02-17 09:34:56', '2026-02-17 15:08:56'),
(13, '2026-02-18 08:40:49', '2026-02-18 14:03:49'),
(13, '2026-02-19 09:40:59', NULL),
(13, '2026-02-20 08:06:37', '2026-02-20 17:47:37'),
(13, '2026-02-23 09:43:07', '2026-02-23 17:19:07'),
(13, '2026-02-24 09:01:57', '2026-02-24 18:25:57'),
(13, '2026-02-25 09:22:19', '2026-02-25 18:31:19'),
(13, '2026-02-26 08:42:44', '2026-02-26 14:11:44'),
(13, '2026-02-27 07:27:18', NULL),
(13, '2026-03-03 07:40:52', '2026-03-03 17:18:52');
INSERT INTO login_history (user_id, login_time, logout_time) VALUES
(13, '2026-03-04 09:23:39', '2026-03-04 18:31:39'),
(13, '2026-03-05 09:13:40', '2026-03-05 13:27:40'),
(13, '2026-03-06 09:58:38', '2026-03-06 19:41:38'),
(13, '2026-03-09 07:43:13', NULL),
(13, '2026-03-10 07:10:06', '2026-03-10 13:58:06'),
(13, '2026-03-11 09:26:22', '2026-03-11 14:09:22'),
(13, '2026-03-12 07:08:21', NULL),
(13, '2026-03-13 09:41:33', '2026-03-13 19:30:33'),
(13, '2026-03-16 09:29:14', '2026-03-16 16:55:14'),
(13, '2026-03-17 08:53:36', '2026-03-17 17:20:36'),
(13, '2026-03-18 09:37:22', '2026-03-18 14:33:22'),
(13, '2026-03-20 07:33:21', '2026-03-20 13:27:21'),
(13, '2026-03-23 07:09:06', '2026-03-23 15:57:06'),
(13, '2026-03-24 09:28:18', '2026-03-24 18:54:18'),
(13, '2026-03-25 09:16:39', '2026-03-25 17:34:39'),
(13, '2026-03-26 09:36:22', '2026-03-26 18:54:22'),
(13, '2026-03-27 08:49:42', '2026-03-27 13:53:42'),
(13, '2026-03-30 09:31:13', NULL),
(13, '2026-03-31 07:01:42', '2026-03-31 14:14:42'),
(13, '2026-04-01 08:14:43', '2026-04-01 13:36:43'),
(13, '2026-04-02 09:50:29', '2026-04-02 19:42:29'),
(13, '2026-04-03 09:13:18', '2026-04-03 16:30:18'),
(13, '2026-04-06 09:04:27', '2026-04-06 13:55:27'),
(13, '2026-04-07 07:02:38', NULL),
(13, '2026-04-08 08:25:46', '2026-04-08 13:12:46'),
(13, '2026-04-09 09:09:26', '2026-04-09 16:58:26'),
(13, '2026-04-10 09:40:44', '2026-04-10 17:12:44'),
(13, '2026-04-13 08:40:17', NULL),
(13, '2026-04-16 09:42:01', '2026-04-16 16:48:01'),
(13, '2026-04-20 09:42:42', '2026-04-20 17:48:42'),
(13, '2026-04-22 08:48:31', '2026-04-22 18:05:31'),
(13, '2026-04-23 09:53:19', '2026-04-23 17:43:19'),
(13, '2026-04-24 07:34:28', '2026-04-24 12:21:28'),
(13, '2026-04-27 09:20:08', '2026-04-27 17:21:08'),
(13, '2026-04-28 08:27:22', '2026-04-28 13:02:22'),
(13, '2026-04-29 09:51:57', '2026-04-29 17:19:57'),
(13, '2026-04-30 09:59:48', '2026-04-30 15:27:48'),
(13, '2026-05-01 08:22:02', '2026-05-01 15:54:02'),
(13, '2026-05-04 07:32:02', '2026-05-04 16:52:02'),
(13, '2026-05-05 07:02:32', '2026-05-05 16:39:32'),
(13, '2026-05-07 08:51:38', '2026-05-07 14:07:38'),
(13, '2026-05-12 07:22:16', '2026-05-12 15:43:16'),
(13, '2026-05-13 07:11:52', NULL),
(13, '2026-05-14 07:52:15', '2026-05-14 11:52:15'),
(13, '2026-05-15 07:13:21', '2026-05-15 14:52:21'),
(13, '2026-05-18 08:00:57', '2026-05-18 12:13:57'),
(13, '2026-05-19 08:28:17', '2026-05-19 18:26:17'),
(13, '2026-05-20 09:47:56', NULL),
(13, '2026-05-21 07:07:51', '2026-05-21 12:53:51'),
(13, '2026-05-22 09:25:44', '2026-05-22 16:00:44'),
(13, '2026-05-25 09:32:45', '2026-05-25 14:12:45'),
(13, '2026-05-26 09:02:02', '2026-05-26 15:09:02'),
(13, '2026-05-27 09:14:13', '2026-05-27 15:08:13'),
(13, '2026-05-28 09:45:42', '2026-05-28 14:37:42'),
(13, '2026-05-29 08:20:47', NULL),
(13, '2026-06-02 08:50:54', '2026-06-02 16:50:54'),
(13, '2026-06-03 07:04:11', '2026-06-03 13:58:11'),
(13, '2026-06-04 09:05:58', '2026-06-04 13:29:58'),
(13, '2026-06-05 09:51:05', '2026-06-05 18:27:05'),
(13, '2026-06-08 07:12:58', '2026-06-08 16:35:58'),
(13, '2026-06-09 08:21:07', '2026-06-09 18:13:07'),
(13, '2026-06-10 09:14:53', '2026-06-10 16:48:53'),
(13, '2026-06-11 09:27:50', '2026-06-11 13:57:50'),
(13, '2026-06-12 07:41:19', '2026-06-12 13:19:19'),
(13, '2026-06-17 09:58:45', '2026-06-17 15:59:45'),
(13, '2026-06-18 09:06:38', '2026-06-18 14:43:38'),
(13, '2026-06-19 07:04:48', '2026-06-19 15:26:48'),
(13, '2026-06-22 07:02:36', '2026-06-22 13:04:36'),
(13, '2026-06-23 07:30:55', '2026-06-23 15:01:55'),
(13, '2026-06-24 09:22:24', '2026-06-24 16:38:24'),
(13, '2026-06-25 08:25:06', NULL),
(13, '2026-06-30 08:50:47', '2026-06-30 13:31:47'),
(13, '2026-07-01 07:24:37', '2026-07-01 13:28:37'),
(13, '2026-07-02 08:43:05', '2026-07-02 13:18:05'),
(13, '2026-07-03 09:04:34', NULL),
(13, '2026-07-06 09:08:55', '2026-07-06 18:57:55'),
(13, '2026-07-07 09:39:54', '2026-07-07 14:51:54'),
(13, '2026-07-08 08:22:37', '2026-07-08 17:11:37'),
(13, '2026-07-09 09:58:08', NULL),
(13, '2026-07-10 07:07:50', '2026-07-10 16:28:50'),
(13, '2026-07-13 09:42:44', '2026-07-13 18:36:44');
